{"stats":{"minecraft:used":{"minecraft:diorite":6,"minecraft:stone_sword":20,"minecraft:cobblestone_stairs":26,"minecraft:birch_planks":9,"minecraft:bundle":1,"minecraft:stone_pickaxe":2803,"minecraft:polished_andesite":282,"minecraft:oak_planks":64,"minecraft:chest":3,"minecraft:wooden_pickaxe":50,"minecraft:stone_hoe":2,"minecraft:torch":26,"minecraft:dirt":12,"minecraft:sand":3,"minecraft:crafting_table":6,"minecraft:bread":36,"twm:wooden_hammer":1,"minecraft:melon_slice":3,"minecraft:lantern":1,"minecraft:stone_axe":58,"minecraft:cobblestone":76,"minecraft:furnace":3,"minecraft:andesite":3,"minecraft:light_gray_bed":2},"minecraft:killed":{"minecraft:skeleton":1,"minecraft:zombie":2},"minecraft:crafted":{"minecraft:oak_planks":200,"minecraft:crafting_table":1,"minecraft:iron_sword":1,"minecraft:furnace":2,"minecraft:stone":128,"minecraft:cobblestone_stairs":40,"minecraft:mangrove_planks":8,"minecraft:birch_planks":8,"minecraft:stone_axe":5,"minecraft:air":0,"minecraft:stick":32,"minecraft:iron_ingot":10,"minecraft:iron_pickaxe":3,"minecraft:stone_pickaxe":19,"minecraft:chest":1,"minecraft:torch":32,"minecraft:polished_andesite":456},"minecraft:picked_up":{"minecraft:birch_log":8,"minecraft:crafting_table":2,"minecraft:wheat":55,"minecraft:andesite":594,"minecraft:clay_ball":36,"born_in_chaos_v1:spiritual_dust":2,"born_in_chaos_v1:seedof_chaos":1,"minecraft:potato":3,"minecraft:birch_planks":1,"minecraft:flint":4,"minecraft:oak_log":51,"minecraft:chain":1,"minecraft:cobblestone_stairs":2,"skilltree:gem":15,"minecraft:dirt":97,"minecraft:lantern":1,"minecraft:raw_copper":76,"minecraft:bone":7,"minecraft:bow":1,"minecraft:wheat_seeds":12,"minecraft:stone_pickaxe":1,"minecraft:iron_ingot":1,"minecraft:jungle_sapling":2,"minecraft:enchanted_golden_apple":1,"minecraft:mangrove_log":2,"minecraft:iron_boots":4,"projectvibrantjourneys:light_brown_bark_mushroom":1,"minecraft:stick":14,"minecraft:raw_iron":21,"born_in_chaos_v1:shattered_skull":1,"projectvibrantjourneys:bark_mushroom":1,"minecraft:torch":16,"minecraft:gravel":18,"minecraft:sand":3,"minecraft:diorite":464,"born_in_chaos_v1:pieceofdarkmetal":8,"minecraft:carrot":1,"minecraft:bundle":1,"minecraft:polished_andesite":4,"minecraft:arrow":14,"minecraft:light_gray_bed":3,"minecraft:rotten_flesh":5,"minecraft:hay_block":4,"minecraft:granite":13,"projectvibrantjourneys:cattail":2,"mowziesmobs:umvuthana_mask_fear":1,"projectvibrantjourneys:orange_bark_mushroom":2,"minecraft:oak_sapling":17,"minecraft:coal":98,"minecraft:cobblestone":1656},"minecraft:dropped":{"minecraft:stone_hoe":1,"minecraft:wheat_seeds":15,"minecraft:wheat":55,"minecraft:cobblestone":64,"minecraft:oak_planks":3,"minecraft:enchanted_golden_apple":1,"born_in_chaos_v1:pieceofdarkmetal":6,"minecraft:stick":2,"minecraft:hay_block":2,"minecraft:diorite":77,"minecraft:bundle":1,"minecraft:andesite":64,"minecraft:oak_sapling":2,"minecraft:stone_pickaxe":1,"minecraft:arrow":12,"projectvibrantjourneys:cattail":1,"projectvibrantjourneys:bark_mushroom":1},"minecraft:custom":{"minecraft:interact_with_furnace":24,"minecraft:mob_kills":3,"minecraft:interact_with_crafting_table":33,"minecraft:open_barrel":1,"minecraft:leave_game":4,"minecraft:time_since_death":36958,"minecraft:climb_one_cm":30764,"minecraft:time_since_rest":35760,"minecraft:sprint_one_cm":398652,"minecraft:damage_taken":1877,"minecraft:walk_one_cm":593828,"minecraft:drop":27,"minecraft:damage_dealt":983,"minecraft:swim_one_cm":94122,"minecraft:fly_one_cm":1184590,"minecraft:play_time":187617,"minecraft:open_chest":77,"minecraft:crouch_one_cm":10234,"tombstone:undead_killed":3,"minecraft:deaths":3,"minecraft:sneak_time":1908,"minecraft:walk_under_water_one_cm":2380,"minecraft:boat_one_cm":39240,"minecraft:jump":2425,"minecraft:walk_on_water_one_cm":47130,"minecraft:total_world_time":187617,"minecraft:fall_one_cm":128748},"minecraft:mined":{"projectvibrantjourneys:cattail":1,"minecraft:cobblestone_stairs":2,"minecraft:jungle_leaves":47,"minecraft:clay":9,"minecraft:crafting_table":2,"minecraft:torch":8,"minecraft:granite":13,"minecraft:grass_block":23,"minecraft:light_gray_bed":3,"minecraft:copper_ore":21,"minecraft:cobblestone":15,"minecraft:diorite":424,"minecraft:wall_torch":7,"minecraft:hay_block":2,"minecraft:birch_planks":1,"projectvibrantjourneys:light_brown_bark_mushroom":1,"minecraft:birch_log":4,"minecraft:iron_ore":21,"minecraft:fire":9,"minecraft:birch_leaves":2,"minecraft:andesite":542,"minecraft:grass":6,"minecraft:potatoes":4,"minecraft:oak_log":51,"minecraft:coal_ore":63,"projectvibrantjourneys:short_grass":17,"minecraft:sand":8,"minecraft:gravel":22,"minecraft:dirt":83,"minecraft:stone":1687,"minecraft:polished_andesite":6,"minecraft:oak_leaves":56},"minecraft:broken":{"minecraft:stone_pickaxe":21}},"DataVersion":3465}