{"stats":{"minecraft:used":{"minecraft:stone_sword":15,"minecraft:diorite":6,"minecraft:bundle":1,"minecraft:birch_planks":9,"minecraft:polished_andesite":204,"minecraft:stone_pickaxe":1500,"minecraft:chest":3,"minecraft:wooden_pickaxe":50,"minecraft:stone_hoe":2,"minecraft:torch":17,"minecraft:dirt":12,"minecraft:sand":3,"minecraft:crafting_table":5,"minecraft:lantern":1,"minecraft:bread":29,"minecraft:melon_slice":3,"twm:wooden_hammer":1,"minecraft:stone_axe":15,"minecraft:cobblestone":76,"minecraft:furnace":3,"minecraft:andesite":3,"minecraft:light_gray_bed":2},"minecraft:killed":{"minecraft:skeleton":1,"minecraft:zombie":1},"minecraft:crafted":{"minecraft:oak_planks":60,"minecraft:crafting_table":1,"minecraft:iron_sword":1,"minecraft:furnace":2,"minecraft:mangrove_planks":8,"minecraft:birch_planks":8,"minecraft:stone_axe":1,"minecraft:air":0,"minecraft:stick":16,"minecraft:iron_ingot":10,"minecraft:iron_pickaxe":3,"minecraft:stone_pickaxe":11,"minecraft:chest":1,"minecraft:torch":32,"minecraft:polished_andesite":200},"minecraft:picked_up":{"minecraft:birch_log":8,"minecraft:crafting_table":1,"minecraft:wheat":55,"born_in_chaos_v1:seedof_chaos":1,"minecraft:clay_ball":36,"born_in_chaos_v1:spiritual_dust":2,"minecraft:andesite":334,"minecraft:potato":3,"minecraft:birch_planks":1,"minecraft:flint":2,"minecraft:chain":1,"minecraft:oak_log":16,"skilltree:gem":11,"minecraft:dirt":93,"minecraft:lantern":1,"minecraft:raw_copper":76,"minecraft:bone":7,"minecraft:bow":1,"minecraft:wheat_seeds":12,"minecraft:iron_ingot":1,"minecraft:jungle_sapling":2,"minecraft:enchanted_golden_apple":1,"minecraft:mangrove_log":2,"minecraft:iron_boots":3,"projectvibrantjourneys:light_brown_bark_mushroom":1,"minecraft:stick":12,"minecraft:raw_iron":10,"born_in_chaos_v1:shattered_skull":1,"projectvibrantjourneys:bark_mushroom":1,"minecraft:torch":6,"minecraft:gravel":15,"minecraft:sand":3,"minecraft:diorite":268,"born_in_chaos_v1:pieceofdarkmetal":8,"minecraft:carrot":1,"minecraft:bundle":1,"minecraft:polished_andesite":4,"minecraft:arrow":14,"minecraft:light_gray_bed":3,"minecraft:rotten_flesh":4,"minecraft:hay_block":4,"minecraft:granite":13,"projectvibrantjourneys:cattail":2,"mowziesmobs:umvuthana_mask_fear":1,"minecraft:oak_sapling":13,"minecraft:coal":98,"minecraft:cobblestone":772},"minecraft:dropped":{"minecraft:stone_hoe":1,"minecraft:wheat_seeds":15,"minecraft:wheat":55,"minecraft:cobblestone":64,"minecraft:oak_planks":3,"minecraft:enchanted_golden_apple":1,"born_in_chaos_v1:pieceofdarkmetal":6,"minecraft:stick":2,"minecraft:hay_block":2,"minecraft:diorite":77,"minecraft:bundle":1,"minecraft:arrow":12,"projectvibrantjourneys:cattail":1,"projectvibrantjourneys:bark_mushroom":1},"minecraft:custom":{"minecraft:interact_with_furnace":17,"minecraft:mob_kills":2,"minecraft:interact_with_crafting_table":25,"minecraft:open_barrel":1,"minecraft:leave_game":4,"minecraft:time_since_death":9913,"minecraft:climb_one_cm":26563,"minecraft:time_since_rest":8325,"minecraft:sprint_one_cm":340978,"minecraft:damage_taken":1014,"minecraft:walk_one_cm":392055,"minecraft:drop":24,"minecraft:damage_dealt":723,"minecraft:swim_one_cm":87697,"minecraft:fly_one_cm":1066306,"minecraft:deaths":1,"minecraft:open_chest":62,"minecraft:crouch_one_cm":6317,"minecraft:play_time":147565,"tombstone:undead_killed":2,"minecraft:sneak_time":1180,"minecraft:walk_under_water_one_cm":2313,"minecraft:boat_one_cm":39240,"minecraft:jump":2192,"minecraft:walk_on_water_one_cm":39438,"minecraft:total_world_time":147565,"minecraft:fall_one_cm":116493},"minecraft:mined":{"projectvibrantjourneys:cattail":1,"minecraft:jungle_leaves":47,"minecraft:torch":2,"minecraft:clay":9,"minecraft:crafting_table":1,"minecraft:granite":13,"minecraft:grass_block":23,"minecraft:light_gray_bed":3,"minecraft:cobblestone":1,"minecraft:copper_ore":21,"minecraft:diorite":228,"minecraft:wall_torch":3,"minecraft:hay_block":2,"minecraft:birch_planks":1,"projectvibrantjourneys:light_brown_bark_mushroom":1,"minecraft:iron_ore":10,"minecraft:birch_log":4,"minecraft:fire":9,"minecraft:birch_leaves":2,"minecraft:andesite":344,"minecraft:grass":1,"minecraft:coal_ore":63,"minecraft:potatoes":4,"minecraft:oak_log":16,"projectvibrantjourneys:short_grass":16,"minecraft:gravel":17,"minecraft:sand":8,"minecraft:dirt":79,"minecraft:polished_andesite":6,"minecraft:stone":815,"minecraft:oak_leaves":42},"minecraft:broken":{"minecraft:stone_pickaxe":11}},"DataVersion":3465}