{"stats":{"minecraft:used":{"minecraft:stone_sword":4,"minecraft:diorite":1,"minecraft:birch_planks":9,"minecraft:stone_pickaxe":537,"minecraft:chest":1,"minecraft:wooden_pickaxe":50,"minecraft:stone_hoe":2,"minecraft:torch":6,"minecraft:dirt":3,"minecraft:sand":3,"minecraft:crafting_table":4,"minecraft:lantern":1,"minecraft:bread":21,"minecraft:melon_slice":3,"minecraft:stone_axe":10,"minecraft:cobblestone":21,"minecraft:furnace":1,"minecraft:light_gray_bed":2},"minecraft:killed":{"minecraft:zombie":1},"minecraft:crafted":{"minecraft:oak_planks":60,"minecraft:crafting_table":1,"minecraft:iron_sword":1,"minecraft:furnace":1,"minecraft:mangrove_planks":8,"minecraft:birch_planks":8,"minecraft:stone_axe":1,"minecraft:stone_pickaxe":5,"minecraft:chest":1,"minecraft:torch":32},"minecraft:picked_up":{"minecraft:birch_log":2,"born_in_chaos_v1:seedof_chaos":1,"minecraft:clay_ball":36,"born_in_chaos_v1:spiritual_dust":2,"minecraft:andesite":52,"minecraft:potato":3,"minecraft:birch_planks":1,"minecraft:flint":2,"minecraft:oak_log":16,"skilltree:gem":2,"minecraft:dirt":77,"minecraft:lantern":1,"minecraft:raw_copper":43,"minecraft:bone":7,"minecraft:wheat_seeds":10,"minecraft:iron_ingot":1,"minecraft:jungle_sapling":2,"minecraft:mangrove_log":2,"minecraft:iron_boots":2,"projectvibrantjourneys:light_brown_bark_mushroom":1,"minecraft:stick":2,"born_in_chaos_v1:shattered_skull":1,"projectvibrantjourneys:bark_mushroom":1,"minecraft:gravel":15,"minecraft:sand":3,"minecraft:diorite":103,"born_in_chaos_v1:pieceofdarkmetal":6,"minecraft:carrot":1,"minecraft:bundle":1,"minecraft:light_gray_bed":3,"minecraft:rotten_flesh":4,"minecraft:hay_block":2,"minecraft:granite":9,"projectvibrantjourneys:cattail":2,"mowziesmobs:umvuthana_mask_fear":1,"minecraft:oak_sapling":13,"minecraft:cobblestone":326},"minecraft:dropped":{"minecraft:stone_hoe":1,"minecraft:wheat_seeds":12,"minecraft:oak_planks":3,"born_in_chaos_v1:pieceofdarkmetal":4,"minecraft:diorite":40,"minecraft:bundle":1,"projectvibrantjourneys:cattail":1,"projectvibrantjourneys:bark_mushroom":1},"minecraft:custom":{"minecraft:interact_with_furnace":7,"minecraft:mob_kills":1,"minecraft:interact_with_crafting_table":13,"minecraft:open_barrel":1,"minecraft:leave_game":3,"minecraft:time_since_death":94971,"minecraft:climb_one_cm":24005,"minecraft:time_since_rest":94971,"minecraft:sprint_one_cm":203380,"minecraft:damage_taken":655,"minecraft:walk_one_cm":220686,"minecraft:drop":13,"minecraft:damage_dealt":200,"minecraft:swim_one_cm":51103,"minecraft:fly_one_cm":658113,"minecraft:open_chest":48,"minecraft:crouch_one_cm":2662,"minecraft:play_time":94971,"tombstone:undead_killed":1,"minecraft:sneak_time":506,"minecraft:walk_under_water_one_cm":1943,"minecraft:boat_one_cm":39240,"minecraft:jump":1359,"minecraft:walk_on_water_one_cm":29228,"minecraft:total_world_time":94971,"minecraft:fall_one_cm":75269},"minecraft:mined":{"projectvibrantjourneys:cattail":1,"minecraft:jungle_leaves":47,"minecraft:clay":9,"minecraft:granite":9,"minecraft:grass_block":17,"minecraft:light_gray_bed":3,"minecraft:cobblestone":1,"minecraft:copper_ore":12,"minecraft:diorite":89,"minecraft:hay_block":2,"minecraft:birch_planks":1,"projectvibrantjourneys:light_brown_bark_mushroom":1,"minecraft:fire":9,"minecraft:andesite":61,"minecraft:potatoes":4,"minecraft:oak_log":16,"projectvibrantjourneys:short_grass":15,"minecraft:gravel":17,"minecraft:sand":8,"minecraft:dirt":69,"minecraft:stone":377,"minecraft:oak_leaves":38},"minecraft:broken":{"minecraft:stone_pickaxe":4}},"DataVersion":3465}