{"stats":{"minecraft:used":{"minecraft:birch_planks":4,"minecraft:lantern":1,"minecraft:melon_slice":3,"minecraft:bread":13,"minecraft:stone_hoe":2,"minecraft:sand":3,"minecraft:crafting_table":1},"minecraft:crafted":{"minecraft:crafting_table":1,"minecraft:iron_sword":1,"minecraft:mangrove_planks":8,"minecraft:birch_planks":8},"minecraft:picked_up":{"projectvibrantjourneys:light_brown_bark_mushroom":1,"minecraft:birch_log":2,"minecraft:stick":2,"born_in_chaos_v1:shattered_skull":1,"minecraft:clay_ball":36,"born_in_chaos_v1:spiritual_dust":2,"born_in_chaos_v1:seedof_chaos":1,"minecraft:potato":3,"minecraft:birch_planks":1,"minecraft:sand":3,"born_in_chaos_v1:pieceofdarkmetal":2,"minecraft:carrot":1,"minecraft:lantern":1,"minecraft:bone":7,"minecraft:light_gray_bed":1,"minecraft:rotten_flesh":4,"minecraft:wheat_seeds":5,"minecraft:hay_block":2,"projectvibrantjourneys:cattail":2,"minecraft:jungle_sapling":2,"minecraft:oak_sapling":13,"minecraft:mangrove_log":2,"minecraft:iron_boots":1},"minecraft:dropped":{"minecraft:wheat_seeds":10,"projectvibrantjourneys:cattail":1},"minecraft:mined":{"minecraft:hay_block":2,"projectvibrantjourneys:cattail":1,"projectvibrantjourneys:light_brown_bark_mushroom":1,"minecraft:birch_planks":1,"minecraft:jungle_leaves":39,"minecraft:clay":9,"minecraft:grass_block":1,"minecraft:potatoes":4,"projectvibrantjourneys:short_grass":1,"minecraft:sand":8,"minecraft:light_gray_bed":1,"minecraft:oak_leaves":37},"minecraft:custom":{"minecraft:time_since_rest":58971,"minecraft:sprint_one_cm":144114,"minecraft:interact_with_furnace":4,"minecraft:damage_taken":415,"minecraft:walk_one_cm":117268,"minecraft:drop":3,"minecraft:swim_one_cm":46048,"minecraft:interact_with_crafting_table":1,"minecraft:fly_one_cm":452529,"minecraft:open_chest":43,"minecraft:crouch_one_cm":1092,"minecraft:play_time":58971,"minecraft:sneak_time":154,"minecraft:walk_under_water_one_cm":1549,"minecraft:boat_one_cm":39240,"minecraft:jump":904,"minecraft:leave_game":3,"minecraft:time_since_death":58971,"minecraft:walk_on_water_one_cm":23065,"minecraft:total_world_time":58971,"minecraft:climb_one_cm":15006,"minecraft:fall_one_cm":51088}},"DataVersion":3465}