{"stats":{"minecraft:used":{"minecraft:birch_planks":9,"minecraft:lantern":1,"minecraft:melon_slice":3,"minecraft:bread":19,"minecraft:stone_hoe":2,"minecraft:sand":3,"minecraft:crafting_table":3,"minecraft:light_gray_bed":1},"minecraft:crafted":{"minecraft:oak_planks":12,"minecraft:crafting_table":1,"minecraft:iron_sword":1,"minecraft:mangrove_planks":8,"minecraft:birch_planks":8},"minecraft:picked_up":{"projectvibrantjourneys:light_brown_bark_mushroom":1,"minecraft:birch_log":2,"minecraft:stick":2,"born_in_chaos_v1:shattered_skull":1,"minecraft:clay_ball":36,"born_in_chaos_v1:spiritual_dust":2,"born_in_chaos_v1:seedof_chaos":1,"projectvibrantjourneys:bark_mushroom":1,"minecraft:potato":3,"minecraft:birch_planks":1,"minecraft:sand":3,"minecraft:oak_log":3,"born_in_chaos_v1:pieceofdarkmetal":4,"minecraft:carrot":1,"minecraft:lantern":1,"minecraft:bone":7,"minecraft:light_gray_bed":2,"minecraft:rotten_flesh":4,"minecraft:wheat_seeds":5,"minecraft:hay_block":2,"projectvibrantjourneys:cattail":2,"minecraft:jungle_sapling":2,"minecraft:oak_sapling":13,"minecraft:mangrove_log":2,"minecraft:iron_boots":2},"minecraft:dropped":{"minecraft:wheat_seeds":10,"projectvibrantjourneys:cattail":1,"born_in_chaos_v1:pieceofdarkmetal":2,"projectvibrantjourneys:bark_mushroom":1,"minecraft:stone_hoe":1},"minecraft:mined":{"minecraft:hay_block":2,"projectvibrantjourneys:cattail":1,"projectvibrantjourneys:light_brown_bark_mushroom":1,"minecraft:birch_planks":1,"minecraft:jungle_leaves":47,"minecraft:clay":9,"minecraft:grass_block":4,"minecraft:potatoes":4,"minecraft:oak_log":3,"projectvibrantjourneys:short_grass":1,"minecraft:dirt":3,"minecraft:sand":8,"minecraft:light_gray_bed":2,"minecraft:oak_leaves":38},"minecraft:custom":{"minecraft:time_since_rest":70971,"minecraft:sprint_one_cm":193622,"minecraft:interact_with_furnace":4,"minecraft:damage_taken":610,"minecraft:walk_one_cm":135775,"minecraft:drop":6,"minecraft:swim_one_cm":51103,"minecraft:interact_with_crafting_table":3,"minecraft:fly_one_cm":642091,"minecraft:open_barrel":1,"minecraft:open_chest":44,"minecraft:crouch_one_cm":2087,"minecraft:play_time":70971,"minecraft:sneak_time":302,"minecraft:walk_under_water_one_cm":1943,"minecraft:boat_one_cm":39240,"minecraft:jump":1257,"minecraft:leave_game":3,"minecraft:time_since_death":70971,"minecraft:walk_on_water_one_cm":29228,"minecraft:total_world_time":70971,"minecraft:climb_one_cm":24005,"minecraft:fall_one_cm":72331}},"DataVersion":3465}