{"stats":{"minecraft:used":{"minecraft:stone_sword":20,"minecraft:chest":11,"minecraft:stone_hoe":2,"minecraft:torch":109,"minecraft:dirt":104,"minecraft:lantern":1,"minecraft:stone_bricks":419,"minecraft:furnace":6,"minecraft:light_gray_bed":2,"minecraft:diorite":16,"minecraft:cobblestone_stairs":26,"minecraft:birch_planks":9,"minecraft:bundle":1,"minecraft:polished_andesite":617,"minecraft:stone_pickaxe":3330,"minecraft:oak_planks":336,"minecraft:wooden_pickaxe":50,"minecraft:sandstone":3,"minecraft:sand":3,"minecraft:crafting_table":9,"minecraft:melon_slice":3,"minecraft:bread":47,"twm:wooden_hammer":1,"minecraft:stone_axe":162,"minecraft:cobblestone":84,"minecraft:andesite":3},"minecraft:killed":{"minecraft:skeleton":1,"born_in_chaos_v1:decrepit_skeleton":1,"minecraft:zombie":2,"born_in_chaos_v1:dread_hound":2,"born_in_chaos_v1:corpse_fly":1},"minecraft:crafted":{"minecraft:oak_planks":460,"minecraft:furnace":2,"minecraft:cobblestone_stairs":40,"minecraft:stone":631,"minecraft:stone_pickaxe":29,"minecraft:chest":1,"minecraft:stone_bricks":420,"minecraft:crafting_table":1,"minecraft:iron_sword":1,"minecraft:mangrove_planks":8,"minecraft:birch_planks":8,"minecraft:stone_axe":5,"minecraft:air":0,"minecraft:stick":72,"minecraft:iron_ingot":10,"minecraft:iron_pickaxe":3,"minecraft:torch":112,"minecraft:polished_andesite":600},"minecraft:picked_up":{"minecraft:crafting_table":5,"minecraft:wheat":55,"minecraft:clay_ball":36,"born_in_chaos_v1:seedof_chaos":1,"minecraft:chain":1,"born_in_chaos_v1:black_argillite":32,"minecraft:raw_copper":76,"minecraft:cobbled_deepslate":59,"minecraft:jungle_sapling":2,"minecraft:enchanted_golden_apple":1,"minecraft:mangrove_log":2,"minecraft:iron_boots":4,"minecraft:furnace":3,"minecraft:raw_iron":37,"minecraft:stick":14,"minecraft:sandstone":12,"born_in_chaos_v1:shattered_skull":2,"projectvibrantjourneys:bark_mushroom":2,"minecraft:torch":33,"minecraft:diorite":492,"born_in_chaos_v1:pieceofdarkmetal":8,"minecraft:carrot":1,"minecraft:light_gray_bed":3,"minecraft:arrow":14,"minecraft:rotten_flesh":11,"minecraft:hay_block":4,"projectvibrantjourneys:cattail":2,"minecraft:cobblestone":1810,"minecraft:birch_log":8,"born_in_chaos_v1:monster_flesh":2,"born_in_chaos_v1:spiritual_dust":2,"minecraft:andesite":719,"minecraft:potato":3,"minecraft:birch_planks":1,"minecraft:flint":4,"minecraft:oak_log":123,"minecraft:cobblestone_stairs":2,"minecraft:lapis_lazuli":26,"skilltree:gem":18,"minecraft:dirt":137,"minecraft:lantern":1,"born_in_chaos_v1:monster_skin":1,"minecraft:bone":15,"minecraft:apple":3,"minecraft:stone_bricks":29,"minecraft:bow":1,"minecraft:wheat_seeds":12,"minecraft:iron_ingot":1,"minecraft:stone_pickaxe":2,"minecraft:oak_planks":8,"projectvibrantjourneys:light_brown_bark_mushroom":3,"minecraft:gravel":19,"minecraft:sand":3,"minecraft:bundle":1,"minecraft:polished_andesite":18,"minecraft:granite":28,"mowziesmobs:umvuthana_mask_fear":1,"projectvibrantjourneys:orange_bark_mushroom":3,"minecraft:oak_sapling":27,"minecraft:coal":142},"minecraft:dropped":{"minecraft:stone_hoe":1,"minecraft:wheat_seeds":15,"minecraft:cobblestone":64,"born_in_chaos_v1:pieceofdarkmetal":6,"minecraft:stick":2,"minecraft:diorite":77,"projectvibrantjourneys:bark_mushroom":1,"minecraft:wheat":55,"minecraft:rotten_flesh":2,"minecraft:oak_planks":3,"minecraft:enchanted_golden_apple":1,"projectvibrantjourneys:light_brown_bark_mushroom":2,"minecraft:hay_block":2,"minecraft:bundle":1,"minecraft:andesite":64,"minecraft:oak_sapling":2,"minecraft:arrow":12,"minecraft:stone_pickaxe":2,"projectvibrantjourneys:cattail":1},"minecraft:mined":{"minecraft:cobblestone_stairs":2,"minecraft:jungle_leaves":47,"projectvibrantjourneys:rocks":1,"minecraft:granite":28,"minecraft:grass_block":53,"born_in_chaos_v1:black_argillite":33,"minecraft:light_gray_bed":3,"minecraft:hay_block":2,"minecraft:furnace":3,"minecraft:iron_ore":22,"minecraft:fire":9,"minecraft:andesite":668,"minecraft:deepslate_lapis_ore":4,"minecraft:potatoes":4,"minecraft:deepslate_iron_ore":16,"minecraft:stone":1803,"projectvibrantjourneys:cattail":1,"minecraft:clay":9,"minecraft:crafting_table":5,"minecraft:torch":15,"minecraft:cobblestone":54,"minecraft:copper_ore":21,"minecraft:oak_planks":8,"minecraft:diorite":452,"minecraft:wall_torch":17,"projectvibrantjourneys:light_brown_bark_mushroom":1,"minecraft:birch_planks":1,"minecraft:birch_log":4,"projectvibrantjourneys:bones":8,"minecraft:birch_leaves":2,"minecraft:grass":8,"minecraft:coal_ore":63,"minecraft:oak_log":124,"projectvibrantjourneys:short_grass":20,"minecraft:dirt":94,"minecraft:gravel":22,"minecraft:sand":8,"minecraft:polished_andesite":20,"minecraft:stone_bricks":30,"minecraft:oak_leaves":67,"minecraft:deepslate":56},"minecraft:custom":{"minecraft:mob_kills":7,"minecraft:interact_with_crafting_table":46,"minecraft:open_barrel":1,"minecraft:leave_game":5,"minecraft:time_since_death":20651,"minecraft:climb_one_cm":34812,"minecraft:sprint_one_cm":525502,"minecraft:walk_one_cm":873991,"minecraft:drop":30,"minecraft:play_time":265170,"minecraft:deaths":5,"minecraft:sneak_time":6486,"minecraft:walk_under_water_one_cm":3882,"minecraft:boat_one_cm":39240,"minecraft:jump":3366,"minecraft:walk_on_water_one_cm":57483,"minecraft:total_world_time":265170,"minecraft:interact_with_furnace":48,"minecraft:time_since_rest":18862,"minecraft:damage_taken":2842,"minecraft:damage_dealt":1823,"minecraft:swim_one_cm":102504,"minecraft:fly_one_cm":1510893,"minecraft:open_chest":109,"minecraft:crouch_one_cm":23186,"tombstone:undead_killed":4,"minecraft:fall_one_cm":180488},"minecraft:broken":{"minecraft:stone_pickaxe":24}},"DataVersion":3465}