{"stats":{"minecraft:used":{"minecraft:lantern":1,"minecraft:melon_slice":3,"minecraft:bread":10,"minecraft:stone_hoe":2,"minecraft:sand":3,"minecraft:crafting_table":1},"minecraft:crafted":{"minecraft:crafting_table":1,"minecraft:iron_sword":1,"minecraft:mangrove_planks":8,"minecraft:birch_planks":8},"minecraft:picked_up":{"minecraft:birch_log":2,"projectvibrantjourneys:light_brown_bark_mushroom":1,"minecraft:stick":2,"born_in_chaos_v1:shattered_skull":1,"minecraft:clay_ball":36,"born_in_chaos_v1:spiritual_dust":2,"born_in_chaos_v1:seedof_chaos":1,"minecraft:sand":3,"born_in_chaos_v1:pieceofdarkmetal":2,"minecraft:carrot":1,"minecraft:lantern":1,"minecraft:bone":7,"minecraft:light_gray_bed":1,"minecraft:rotten_flesh":4,"minecraft:hay_block":2,"projectvibrantjourneys:cattail":2,"minecraft:jungle_sapling":2,"minecraft:oak_sapling":1,"minecraft:mangrove_log":2},"minecraft:dropped":{"projectvibrantjourneys:cattail":1},"minecraft:custom":{"minecraft:time_since_rest":29442,"minecraft:sprint_one_cm":79103,"minecraft:damage_taken":375,"minecraft:walk_one_cm":95663,"minecraft:drop":1,"minecraft:swim_one_cm":19714,"minecraft:interact_with_crafting_table":1,"minecraft:fly_one_cm":232991,"minecraft:open_chest":41,"minecraft:crouch_one_cm":848,"minecraft:play_time":29442,"minecraft:sneak_time":117,"minecraft:walk_under_water_one_cm":479,"minecraft:jump":484,"minecraft:leave_game":2,"minecraft:time_since_death":29442,"minecraft:walk_on_water_one_cm":14553,"minecraft:total_world_time":29442,"minecraft:climb_one_cm":11303,"minecraft:fall_one_cm":23460},"minecraft:mined":{"minecraft:hay_block":2,"projectvibrantjourneys:cattail":1,"projectvibrantjourneys:light_brown_bark_mushroom":1,"minecraft:jungle_leaves":39,"minecraft:clay":9,"minecraft:grass_block":1,"minecraft:light_gray_bed":1,"minecraft:sand":6,"minecraft:oak_leaves":37}},"DataVersion":3465}