{"stats":{"minecraft:killed":{"born_in_chaos_v1:zombie_lumberjack":1,"minecraft:spider":3,"minecraft:skeleton":2,"born_in_chaos_v1:skeleton_thrasher":1,"born_in_chaos_v1:spirit_guide":1,"born_in_chaos_v1:spirit_guide_assistant":1,"born_in_chaos_v1:decrepit_skeleton":2,"minecraft:zombie":5,"alexsmobs:cockroach":1,"born_in_chaos_v1:dread_hound":3,"born_in_chaos_v1:corpse_fly":1,"alexsmobs:rain_frog":1,"born_in_chaos_v1:door_knight":1},"minecraft:crafted":{"minecraft:smooth_stone":7,"minecraft:oak_planks":472,"minecraft:stone_shovel":12,"minecraft:smooth_stone_slab":12,"minecraft:furnace":2,"minecraft:stone":631,"minecraft:cobblestone_stairs":40,"minecraft:lever":1,"minecraft:glass":385,"minecraft:stone_pickaxe":29,"minecraft:chest":1,"minecraft:stone_bricks":420,"minecraft:crafting_table":1,"minecraft:iron_sword":1,"minecraft:mangrove_planks":8,"minecraft:birch_planks":64,"minecraft:stone_axe":5,"minecraft:air":0,"minecraft:stick":144,"minecraft:iron_ingot":10,"minecraft:iron_pickaxe":3,"minecraft:stone_sword":2,"minecraft:armor_stand":5,"minecraft:torch":112,"minecraft:polished_andesite":648},"minecraft:used":{"minecraft:stone_sword":115,"minecraft:armor_stand":5,"minecraft:stone_shovel":651,"minecraft:chest":11,"minecraft:stone_hoe":2,"minecraft:torch":155,"minecraft:dirt":194,"minecraft:lantern":1,"minecraft:stone_bricks":419,"minecraft:redstone_lamp":8,"minecraft:furnace":6,"tombstone:gift":6,"minecraft:cobbled_deepslate":3,"minecraft:light_gray_bed":2,"minecraft:diorite":16,"minecraft:cobblestone_stairs":26,"minecraft:birch_planks":9,"minecraft:bundle":1,"minecraft:stone_pickaxe":3667,"minecraft:polished_andesite":668,"minecraft:oak_planks":336,"minecraft:wooden_pickaxe":50,"minecraft:sandstone":3,"minecraft:sand":41,"minecraft:crafting_table":9,"minecraft:lever":8,"minecraft:bread":75,"minecraft:melon_slice":3,"twm:wooden_hammer":1,"minecraft:stone_axe":426,"minecraft:fishing_rod":14,"minecraft:cobblestone":149,"minecraft:andesite":3,"minecraft:yellow_bed":1},"minecraft:custom":{"minecraft:mob_kills":23,"minecraft:interact_with_crafting_table":61,"minecraft:open_barrel":1,"minecraft:damage_dealt_resisted":1487,"minecraft:leave_game":9,"minecraft:time_since_death":125680,"minecraft:climb_one_cm":49073,"minecraft:sprint_one_cm":795994,"minecraft:walk_one_cm":1322856,"minecraft:drop":47,"minecraft:play_time":500115,"minecraft:sneak_time":12314,"minecraft:deaths":8,"minecraft:walk_under_water_one_cm":4522,"minecraft:boat_one_cm":39240,"minecraft:jump":5079,"minecraft:walk_on_water_one_cm":133695,"minecraft:total_world_time":500115,"minecraft:interact_with_furnace":85,"minecraft:sleep_in_bed":2,"minecraft:time_since_rest":123281,"minecraft:damage_taken":4581,"minecraft:damage_dealt":5403,"minecraft:swim_one_cm":102504,"minecraft:fly_one_cm":2293508,"minecraft:open_chest":220,"minecraft:crouch_one_cm":44279,"tombstone:undead_killed":14,"minecraft:fish_caught":8,"minecraft:fall_one_cm":280566},"minecraft:dropped":{"bunker_down:steel_vent":22,"minecraft:stone_hoe":1,"minecraft:wheat_seeds":15,"minecraft:cobblestone":64,"born_in_chaos_v1:pieceofdarkmetal":6,"minecraft:stick":5,"minecraft:diorite":77,"projectvibrantjourneys:bark_mushroom":1,"minecraft:lever":2,"minecraft:wheat":55,"minecraft:rotten_flesh":3,"minecraft:oak_planks":3,"minecraft:enchanted_golden_apple":1,"projectvibrantjourneys:light_brown_bark_mushroom":2,"minecraft:hay_block":2,"minecraft:bundle":1,"minecraft:andesite":64,"minecraft:oak_sapling":2,"bunker_down:steel_block":8,"projectvibrantjourneys:cattail":1,"minecraft:arrow":12,"minecraft:stone_pickaxe":8},"minecraft:mined":{"minecraft:cobblestone_stairs":2,"minecraft:jungle_leaves":47,"projectvibrantjourneys:rocks":1,"minecraft:lever":2,"minecraft:granite":36,"minecraft:grass_block":84,"born_in_chaos_v1:black_argillite":33,"minecraft:light_gray_bed":3,"minecraft:redstone_wire":26,"minecraft:hay_block":2,"minecraft:furnace":3,"minecraft:carrots":7,"minecraft:iron_ore":44,"minecraft:sticky_piston":16,"minecraft:fire":13,"projectvibrantjourneys:orange_bark_mushroom":1,"minecraft:andesite":717,"minecraft:target":1,"projectvibrantjourneys:bark_mushroom":2,"bunker_down:airlock_iron_trapdoor":1,"minecraft:deepslate_lapis_ore":4,"bunker_down:steel_vent":15,"minecraft:potatoes":4,"minecraft:deepslate_iron_ore":16,"bunker_down:steel_block":10,"minecraft:stone":1856,"minecraft:piston_head":2,"projectvibrantjourneys:cattail":1,"minecraft:observer":1,"minecraft:clay":9,"minecraft:crafting_table":5,"minecraft:torch":23,"projectvibrantjourneys:twigs":2,"projectvibrantjourneys:natural_cobweb":2,"minecraft:copper_ore":21,"minecraft:cobblestone":55,"projectvibrantjourneys:fallen_leaves":1,"minecraft:oak_planks":8,"minecraft:diorite":461,"minecraft:wall_torch":20,"projectvibrantjourneys:light_brown_bark_mushroom":1,"minecraft:birch_planks":1,"minecraft:birch_log":26,"projectvibrantjourneys:bones":8,"bunker_down:steel_block_slab":1,"minecraft:birch_leaves":2,"minecraft:yellow_bed":2,"minecraft:grass":9,"minecraft:oak_log":325,"minecraft:coal_ore":143,"projectvibrantjourneys:short_grass":28,"minecraft:gravel":22,"minecraft:sand":662,"minecraft:dirt":143,"minecraft:polished_andesite":37,"minecraft:stone_bricks":30,"minecraft:piston":2,"minecraft:oak_leaves":96,"minecraft:deepslate":56,"minecraft:redstone_lamp":9},"minecraft:picked_up":{"minecraft:crafting_table":5,"minecraft:wheat":55,"minecraft:clay_ball":36,"born_in_chaos_v1:seedof_chaos":1,"minecraft:redstone_lamp":8,"minecraft:chain":1,"born_in_chaos_v1:black_argillite":32,"minecraft:string":3,"minecraft:raw_copper":76,"minecraft:sticky_piston":18,"minecraft:pufferfish":1,"minecraft:cobbled_deepslate":59,"minecraft:redstone_torch":4,"minecraft:jungle_sapling":2,"minecraft:enchanted_golden_apple":1,"minecraft:birch_sapling":5,"minecraft:piston":2,"minecraft:mangrove_log":2,"minecraft:iron_boots":4,"minecraft:furnace":3,"bunker_down:airlock_iron_trapdoor":1,"minecraft:stick":27,"minecraft:raw_iron":59,"minecraft:sandstone":12,"born_in_chaos_v1:shattered_skull":4,"projectvibrantjourneys:bark_mushroom":7,"minecraft:torch":44,"minecraft:target":1,"minecraft:diorite":501,"minecraft:cherry_log":2,"tombstone:grave_dust":1,"born_in_chaos_v1:pieceofdarkmetal":9,"minecraft:carrot":26,"minecraft:redstone":27,"tombstone:lost_tablet":1,"minecraft:arrow":14,"minecraft:cactus":3,"minecraft:light_gray_bed":3,"minecraft:rotten_flesh":17,"minecraft:hay_block":4,"projectvibrantjourneys:cattail":2,"minecraft:cod":6,"minecraft:cobblestone":1864,"minecraft:birch_log":30,"born_in_chaos_v1:monster_flesh":3,"born_in_chaos_v1:spiritual_dust":2,"minecraft:salmon":1,"minecraft:andesite":768,"bunker_down:steel_vent":22,"minecraft:potato":3,"minecraft:birch_planks":1,"minecraft:flint":4,"minecraft:oak_log":318,"minecraft:lily_pad":1,"minecraft:yellow_bed":2,"minecraft:cobblestone_stairs":2,"minecraft:lapis_lazuli":26,"skilltree:gem":32,"minecraft:dirt":217,"minecraft:lantern":1,"bunker_down:steel_block":8,"born_in_chaos_v1:monster_skin":1,"born_in_chaos_v1:marigolds":3,"minecraft:bone":22,"minecraft:apple":4,"minecraft:stone_bricks":29,"minecraft:bow":1,"minecraft:wheat_seeds":13,"projectvibrantjourneys:small_cactus":2,"minecraft:stone_pickaxe":5,"minecraft:iron_ingot":1,"minecraft:oak_planks":8,"projectvibrantjourneys:light_brown_bark_mushroom":5,"minecraft:gravel":19,"minecraft:sand":646,"bunker_down:steel_block_slab":2,"minecraft:bundle":1,"minecraft:polished_andesite":35,"minecraft:lever":5,"minecraft:granite":36,"mowziesmobs:umvuthana_mask_fear":1,"projectvibrantjourneys:orange_bark_mushroom":5,"minecraft:oak_sapling":33,"minecraft:coal":222},"minecraft:broken":{"minecraft:stone_sword":1,"minecraft:stone_pickaxe":26,"minecraft:stone_axe":1,"minecraft:stone_shovel":4}},"DataVersion":3465}