{"stats":{"minecraft:killed":{"minecraft:spider":2,"minecraft:skeleton":2,"born_in_chaos_v1:decrepit_skeleton":2,"alexsmobs:cockroach":1,"minecraft:zombie":5,"born_in_chaos_v1:dread_hound":2,"born_in_chaos_v1:corpse_fly":1,"born_in_chaos_v1:door_knight":1},"minecraft:crafted":{"minecraft:oak_planks":460,"minecraft:furnace":2,"minecraft:stone":631,"minecraft:cobblestone_stairs":40,"minecraft:stone_pickaxe":29,"minecraft:chest":1,"minecraft:stone_bricks":420,"minecraft:crafting_table":1,"minecraft:iron_sword":1,"minecraft:mangrove_planks":8,"minecraft:birch_planks":64,"minecraft:stone_axe":5,"minecraft:air":0,"minecraft:stick":80,"minecraft:iron_ingot":10,"minecraft:iron_pickaxe":3,"minecraft:stone_sword":2,"minecraft:torch":112,"minecraft:polished_andesite":600},"minecraft:used":{"minecraft:stone_sword":79,"minecraft:chest":11,"minecraft:stone_hoe":2,"minecraft:torch":154,"minecraft:dirt":175,"minecraft:lantern":1,"minecraft:stone_bricks":419,"minecraft:furnace":6,"tombstone:gift":4,"minecraft:cobbled_deepslate":3,"minecraft:light_gray_bed":2,"minecraft:diorite":16,"minecraft:cobblestone_stairs":26,"minecraft:birch_planks":9,"minecraft:bundle":1,"minecraft:stone_pickaxe":3479,"minecraft:polished_andesite":617,"minecraft:oak_planks":336,"minecraft:wooden_pickaxe":50,"minecraft:sandstone":3,"minecraft:sand":3,"minecraft:crafting_table":9,"minecraft:bread":65,"minecraft:melon_slice":3,"twm:wooden_hammer":1,"minecraft:stone_axe":421,"minecraft:cobblestone":144,"minecraft:andesite":3,"minecraft:yellow_bed":1},"minecraft:custom":{"minecraft:mob_kills":16,"minecraft:interact_with_crafting_table":52,"minecraft:open_barrel":1,"minecraft:damage_dealt_resisted":995,"minecraft:leave_game":8,"minecraft:time_since_death":43155,"minecraft:climb_one_cm":45535,"minecraft:sprint_one_cm":695113,"minecraft:walk_one_cm":1125067,"minecraft:drop":41,"minecraft:play_time":355062,"minecraft:sneak_time":7883,"minecraft:deaths":7,"minecraft:walk_under_water_one_cm":4522,"minecraft:boat_one_cm":39240,"minecraft:jump":4399,"minecraft:walk_on_water_one_cm":79653,"minecraft:total_world_time":355062,"minecraft:interact_with_furnace":52,"minecraft:sleep_in_bed":2,"minecraft:time_since_rest":27199,"minecraft:damage_taken":4027,"minecraft:damage_dealt":3813,"minecraft:swim_one_cm":102504,"minecraft:fly_one_cm":1915597,"minecraft:open_chest":156,"minecraft:crouch_one_cm":27822,"tombstone:undead_killed":10,"minecraft:fall_one_cm":248147},"minecraft:dropped":{"bunker_down:steel_vent":20,"minecraft:stone_hoe":1,"minecraft:wheat_seeds":15,"minecraft:cobblestone":64,"born_in_chaos_v1:pieceofdarkmetal":6,"minecraft:stick":4,"minecraft:diorite":77,"projectvibrantjourneys:bark_mushroom":1,"minecraft:wheat":55,"minecraft:rotten_flesh":2,"minecraft:oak_planks":3,"minecraft:enchanted_golden_apple":1,"projectvibrantjourneys:light_brown_bark_mushroom":2,"minecraft:hay_block":2,"minecraft:bundle":1,"minecraft:andesite":64,"minecraft:oak_sapling":2,"bunker_down:steel_block":2,"minecraft:arrow":12,"projectvibrantjourneys:cattail":1,"minecraft:stone_pickaxe":8},"minecraft:mined":{"minecraft:cobblestone_stairs":2,"minecraft:jungle_leaves":47,"projectvibrantjourneys:rocks":1,"minecraft:lever":2,"minecraft:granite":28,"minecraft:grass_block":73,"born_in_chaos_v1:black_argillite":33,"minecraft:light_gray_bed":3,"minecraft:redstone_wire":7,"minecraft:hay_block":2,"minecraft:furnace":3,"minecraft:carrots":7,"minecraft:iron_ore":38,"minecraft:sticky_piston":6,"minecraft:fire":13,"projectvibrantjourneys:orange_bark_mushroom":1,"minecraft:andesite":668,"minecraft:target":1,"projectvibrantjourneys:bark_mushroom":2,"minecraft:deepslate_lapis_ore":4,"bunker_down:steel_vent":13,"minecraft:potatoes":4,"minecraft:deepslate_iron_ore":16,"bunker_down:steel_block":4,"minecraft:stone":1803,"projectvibrantjourneys:cattail":1,"minecraft:observer":1,"minecraft:clay":9,"minecraft:crafting_table":5,"minecraft:torch":23,"projectvibrantjourneys:twigs":2,"projectvibrantjourneys:natural_cobweb":2,"minecraft:copper_ore":21,"minecraft:cobblestone":54,"projectvibrantjourneys:fallen_leaves":1,"minecraft:oak_planks":8,"minecraft:diorite":452,"minecraft:wall_torch":19,"projectvibrantjourneys:light_brown_bark_mushroom":1,"minecraft:birch_planks":1,"minecraft:birch_log":26,"projectvibrantjourneys:bones":8,"minecraft:birch_leaves":2,"minecraft:yellow_bed":2,"minecraft:grass":9,"minecraft:oak_log":325,"minecraft:coal_ore":143,"projectvibrantjourneys:short_grass":28,"minecraft:gravel":22,"minecraft:sand":8,"minecraft:dirt":135,"minecraft:polished_andesite":20,"minecraft:stone_bricks":30,"minecraft:piston":2,"minecraft:oak_leaves":96,"minecraft:deepslate":56,"minecraft:redstone_lamp":5},"minecraft:picked_up":{"minecraft:crafting_table":5,"minecraft:wheat":55,"minecraft:clay_ball":36,"born_in_chaos_v1:seedof_chaos":1,"minecraft:redstone_lamp":4,"minecraft:chain":1,"born_in_chaos_v1:black_argillite":32,"minecraft:string":3,"minecraft:raw_copper":76,"minecraft:sticky_piston":6,"minecraft:cobbled_deepslate":59,"minecraft:redstone_torch":2,"minecraft:jungle_sapling":2,"minecraft:enchanted_golden_apple":1,"minecraft:birch_sapling":5,"minecraft:piston":2,"minecraft:mangrove_log":2,"minecraft:iron_boots":4,"minecraft:furnace":3,"minecraft:stick":26,"minecraft:raw_iron":53,"minecraft:sandstone":12,"born_in_chaos_v1:shattered_skull":3,"projectvibrantjourneys:bark_mushroom":7,"minecraft:torch":43,"minecraft:target":1,"minecraft:diorite":492,"tombstone:grave_dust":1,"born_in_chaos_v1:pieceofdarkmetal":8,"minecraft:carrot":26,"minecraft:redstone":7,"minecraft:arrow":14,"minecraft:light_gray_bed":3,"minecraft:rotten_flesh":16,"minecraft:hay_block":4,"projectvibrantjourneys:cattail":2,"minecraft:cobblestone":1810,"minecraft:birch_log":30,"born_in_chaos_v1:monster_flesh":2,"born_in_chaos_v1:spiritual_dust":2,"minecraft:andesite":719,"bunker_down:steel_vent":20,"minecraft:potato":3,"minecraft:birch_planks":1,"minecraft:flint":4,"minecraft:oak_log":318,"minecraft:yellow_bed":2,"minecraft:cobblestone_stairs":2,"minecraft:lapis_lazuli":26,"skilltree:gem":32,"minecraft:dirt":198,"minecraft:lantern":1,"bunker_down:steel_block":2,"born_in_chaos_v1:monster_skin":1,"minecraft:bone":17,"minecraft:apple":4,"minecraft:stone_bricks":29,"minecraft:bow":1,"minecraft:wheat_seeds":13,"minecraft:stone_pickaxe":5,"minecraft:iron_ingot":1,"minecraft:oak_planks":8,"projectvibrantjourneys:light_brown_bark_mushroom":5,"minecraft:gravel":19,"minecraft:sand":3,"minecraft:bundle":1,"minecraft:polished_andesite":18,"minecraft:lever":2,"minecraft:granite":28,"mowziesmobs:umvuthana_mask_fear":1,"projectvibrantjourneys:orange_bark_mushroom":5,"minecraft:oak_sapling":33,"minecraft:coal":222},"minecraft:broken":{"minecraft:stone_pickaxe":24,"minecraft:stone_axe":1}},"DataVersion":3465}