{"stats":{"minecraft:used":{"minecraft:beetroot":1,"ironchest:wood_to_iron_chest_upgrade":2,"minecraft:stone_sword":43,"minecraft:poppy":1,"minecraft:chest":6,"minecraft:stone":5,"minecraft:sandstone_wall":5,"born_in_chaos_v1:fried_maggot":14,"minecraft:rotten_flesh":15,"minecraft:stone_hoe":106,"minecraft:torch":97,"tombstone:scroll_of_preservation":1,"minecraft:dirt":3,"minecraft:jungle_planks":1,"minecraft:carrot":290,"born_in_chaos_v1:corpse_maggot":6,"minecraft:wooden_axe":12,"born_in_chaos_v1:smoked_flesh":11,"minecraft:smooth_sandstone":1,"twm:wooden_mace":433,"minecraft:furnace":4,"tombstone:gift":7,"minecraft:potato":138,"minecraft:cobbled_deepslate":1,"minecraft:light_gray_bed":4,"projectvibrantjourneys:rocks":1,"minecraft:water_bucket":12,"minecraft:sandstone_stairs":1,"minecraft:birch_planks":4,"minecraft:stone_pickaxe":762,"minecraft:baked_potato":40,"minecraft:wooden_pickaxe":28,"tombstone:tablet_of_guard":2,"minecraft:sand":46,"minecraft:crafting_table":6,"minecraft:lightning_rod":3,"minecraft:oak_log":1,"born_in_chaos_v1:monster_flesh":2,"minecraft:chicken":1,"minecraft:iron_pickaxe":1,"minecraft:bread":3,"tombstone:magic_scroll":7,"spartanshields:copper_tower_shield":25,"tombstone:grave_key":1,"minecraft:stone_axe":119,"minecraft:wooden_sword":21,"minecraft:cobblestone":102,"minecraft:cooked_rabbit":1,"projectvibrantjourneys:small_cactus":1,"minecraft:bucket":12,"minecraft:oak_boat":2,"alexsmobs:animal_dictionary":2},"minecraft:killed":{"born_in_chaos_v1:lifestealer_true_form":1,"minecraft:cave_spider":2,"alexsmobs:tarantula_hawk":4,"born_in_chaos_v1:restless_spirit":4,"born_in_chaos_v1:zombie_lumberjack":2,"minecraft:spider":8,"alexsmobs:tasmanian_devil":1,"alexsmobs:rattlesnake":4,"born_in_chaos_v1:siamese_skeletonsright":2,"born_in_chaos_v1:zombie_bruiser":3,"born_in_chaos_v1:maggot":11,"minecraft:skeleton":5,"alexsmobs:leafcutter_ant":3,"minecraft:chicken":1,"born_in_chaos_v1:skeleton_thrasher":1,"minecraft:drowned":5,"born_in_chaos_v1:firelight_not_despawn":1,"alexsmobs:triops":1,"born_in_chaos_v1:fallen_chaos_knight":1,"minecraft:husk":20,"born_in_chaos_v1:swarmer":2,"born_in_chaos_v1:baby_skeleton":1,"minecraft:rabbit":3,"minecraft:creeper":1,"born_in_chaos_v1:decrepit_skeleton":5,"minecraft:zombie":15,"born_in_chaos_v1:dread_hound":4,"born_in_chaos_v1:corpse_fly":16,"born_in_chaos_v1:dark_vortex":1,"alexsmobs:rain_frog":1,"born_in_chaos_v1:nightmare_stalker":2,"alexsmobs:roadrunner":5,"minecraft:enderman":1,"born_in_chaos_v1:siamese_skeletonsleft":3,"alexsmobs:jerboa":2},"minecraft:crafted":{"minecraft:wooden_sword":1,"minecraft:oak_planks":56,"minecraft:stone":4,"born_in_chaos_v1:fried_maggot":0,"minecraft:stone_pickaxe":3,"minecraft:cooked_rabbit":0,"minecraft:red_dye":2,"minecraft:baked_potato":53,"minecraft:wooden_pickaxe":1,"minecraft:copper_ingot":46,"minecraft:bucket":1,"minecraft:bread":3,"minecraft:air":0,"minecraft:jungle_planks":24,"minecraft:charcoal":0,"minecraft:stick":28,"minecraft:iron_ingot":30,"minecraft:torch":92},"minecraft:picked_up":{"minecraft:crafting_table":2,"minecraft:wheat":5,"minecraft:sandstone_slab":6,"minecraft:chicken":1,"minecraft:leather_leggings":1,"born_in_chaos_v1:seedof_chaos":5,"minecraft:wooden_pickaxe":1,"alexsmobs:roadrunner_feather":3,"minecraft:enchanted_book":1,"tombstone:grave_key":1,"minecraft:chain":20,"minecraft:string":13,"minecraft:raw_copper":268,"minecraft:wooden_sword":2,"minecraft:beetroot":3,"minecraft:red_dye":2,"minecraft:oak_boat":3,"minecraft:poppy":5,"minecraft:sugar_cane":3,"minecraft:chest":2,"minecraft:birch_sapling":7,"minecraft:spruce_trapdoor":3,"minecraft:iron_boots":3,"minecraft:egg":1,"minecraft:stick":18,"minecraft:raw_iron":56,"minecraft:copper_ingot":28,"born_in_chaos_v1:phantom_powder":2,"minecraft:torch":1,"minecraft:spruce_fence":1,"minecraft:sandstone_wall":5,"minecraft:lightning_rod":2,"minecraft:carrot":214,"tombstone:grave_dust":13,"minecraft:diorite":28,"born_in_chaos_v1:nightmare_claw":2,"born_in_chaos_v1:pieceofdarkmetal":10,"minecraft:pink_terracotta":2,"minecraft:dark_oak_planks":2,"minecraft:cactus":2,"minecraft:rotten_flesh":89,"minecraft:arrow":13,"minecraft:light_gray_bed":6,"minecraft:beetroot_seeds":16,"minecraft:sandstone_stairs":3,"minecraft:cyan_terracotta":1,"tombstone:essence_of_undeath":2,"minecraft:stripped_birch_wood":3,"minecraft:cobblestone":465,"born_in_chaos_v1:fused_bone":4,"minecraft:birch_log":17,"born_in_chaos_v1:corpse_maggot":20,"minecraft:feather":15,"born_in_chaos_v1:monster_flesh":9,"minecraft:andesite":172,"minecraft:jungle_log":6,"minecraft:potato":196,"minecraft:oak_log":55,"minecraft:lily_pad":11,"projectvibrantjourneys:rocks":1,"minecraft:lapis_lazuli":36,"skilltree:gem":56,"minecraft:magenta_terracotta":2,"minecraft:dirt":23,"minecraft:orange_terracotta":16,"born_in_chaos_v1:monster_skin":4,"minecraft:smooth_sandstone":8,"minecraft:bone":22,"minecraft:kelp":1,"minecraft:wheat_seeds":53,"projectvibrantjourneys:small_cactus":1,"born_in_chaos_v1:smoked_flesh":11,"minecraft:stone_pickaxe":2,"minecraft:iron_ingot":25,"minecraft:rabbit":3,"twm:wooden_mace":1,"minecraft:oak_planks":20,"projectvibrantjourneys:light_brown_bark_mushroom":1,"minecraft:pumpkin":1,"born_in_chaos_v1:lifestealer_bone":5,"born_in_chaos_v1:ethereal_spirit":7,"minecraft:sand":48,"minecraft:jungle_planks":11,"born_in_chaos_v1:dark_rod":2,"minecraft:grass_block":1,"minecraft:spider_eye":3,"alexsmobs:animal_dictionary":2,"alexsmobs:guster_eye":1,"minecraft:pumpkin_seeds":4,"born_in_chaos_v1:fire_dust":1,"minecraft:light_blue_terracotta":2,"alexsmobs:rattlesnake_rattle":2,"minecraft:granite":57,"alexsmobs:tarantula_hawk_wing_fragment":3,"minecraft:bone_meal":6,"minecraft:chiseled_red_sandstone":1,"alexsmobs:maggot":2,"projectvibrantjourneys:orange_bark_mushroom":2,"tombstone:magic_scroll":2,"minecraft:oak_sapling":19,"projectvibrantjourneys:twigs":2,"minecraft:coal":122,"minecraft:ender_pearl":1,"minecraft:wooden_axe":3},"minecraft:dropped":{"twm:wooden_mace":1,"minecraft:wheat_seeds":6,"minecraft:sandstone_slab":2,"minecraft:feather":2,"minecraft:jungle_planks":2,"projectvibrantjourneys:orange_bark_mushroom":2,"minecraft:coal":1,"minecraft:stick":1,"born_in_chaos_v1:monster_flesh":1,"minecraft:diorite":24,"tombstone:grave_key":1,"minecraft:wooden_axe":2,"skilltree:gem":3,"tombstone:grave_dust":1,"minecraft:chain":9,"minecraft:wooden_sword":1,"minecraft:sand":2,"minecraft:cactus":2,"minecraft:lily_pad":3,"minecraft:bone":1,"minecraft:stone_axe":1,"minecraft:kelp":1,"alexsmobs:animal_dictionary":1,"minecraft:cobbled_deepslate":1,"minecraft:rotten_flesh":32,"minecraft:poppy":4,"projectvibrantjourneys:light_brown_bark_mushroom":1,"minecraft:spruce_trapdoor":1,"minecraft:andesite":62,"minecraft:light_gray_bed":1,"alexsmobs:guster_eye":1,"minecraft:oak_sapling":8,"minecraft:spider_eye":1,"minecraft:arrow":2,"minecraft:stone_pickaxe":1},"minecraft:custom":{"minecraft:mob_kills":145,"minecraft:interact_with_crafting_table":65,"minecraft:damage_dealt_resisted":39,"minecraft:leave_game":2,"minecraft:time_since_death":2576,"minecraft:climb_one_cm":21698,"minecraft:sprint_one_cm":1382361,"minecraft:walk_one_cm":937624,"minecraft:damage_blocked_by_shield":1530,"minecraft:drop":64,"minecraft:play_time":305770,"minecraft:sneak_time":825,"minecraft:deaths":20,"minecraft:walk_under_water_one_cm":21083,"minecraft:boat_one_cm":240976,"minecraft:jump":5691,"minecraft:walk_on_water_one_cm":46647,"minecraft:total_world_time":305770,"minecraft:interact_with_furnace":120,"spartanshields:shield_bash_hits":1,"minecraft:sleep_in_bed":11,"minecraft:time_since_rest":2490,"minecraft:damage_taken":11393,"minecraft:damage_dealt":27674,"minecraft:swim_one_cm":90476,"minecraft:fly_one_cm":1095828,"minecraft:open_chest":161,"minecraft:crouch_one_cm":4043,"tombstone:undead_killed":66,"minecraft:fall_one_cm":98282},"minecraft:mined":{"minecraft:dark_oak_planks":2,"minecraft:farmland":1,"alexsmobs:leafcutter_anthill":1,"projectvibrantjourneys:rocks":1,"minecraft:spruce_trapdoor":1,"minecraft:granite":29,"minecraft:spruce_fence":1,"minecraft:grass_block":10,"minecraft:jungle_planks":3,"born_in_chaos_v1:black_argillite":1,"minecraft:jungle_log":6,"minecraft:light_gray_bed":4,"projectvibrantjourneys:sandstone_rocks":1,"minecraft:sandstone_stairs":2,"minecraft:carrots":88,"minecraft:iron_ore":46,"minecraft:andesite":64,"minecraft:pumpkin":1,"minecraft:potatoes":76,"minecraft:deepslate_iron_ore":11,"minecraft:vine":2,"projectvibrantjourneys:seashells":2,"minecraft:stone":348,"projectvibrantjourneys:cattail":2,"minecraft:sandstone_slab":1,"minecraft:kelp_plant":3,"minecraft:smooth_sandstone":2,"minecraft:crafting_table":2,"projectvibrantjourneys:small_cactus":1,"projectvibrantjourneys:twigs":1,"minecraft:poppy":2,"minecraft:chest":2,"minecraft:dead_bush":2,"projectvibrantjourneys:natural_cobweb":4,"minecraft:lightning_rod":2,"minecraft:copper_ore":79,"minecraft:cobblestone":31,"minecraft:lapis_ore":6,"projectvibrantjourneys:fallen_leaves":2,"minecraft:diorite":26,"minecraft:birch_log":18,"minecraft:wheat":8,"projectvibrantjourneys:bones":3,"minecraft:birch_leaves":3,"minecraft:grass":15,"minecraft:oak_log":54,"minecraft:coal_ore":127,"projectvibrantjourneys:short_grass":21,"minecraft:beetroots":5,"minecraft:sand":25,"minecraft:dirt":6,"minecraft:oak_leaves":32,"minecraft:fern":1},"minecraft:broken":{"minecraft:leather_leggings":1,"twm:wooden_mace":2,"minecraft:stone_pickaxe":5}},"DataVersion":3465}