{"stats":{"minecraft:used":{"minecraft:beetroot":1,"ironchest:wood_to_iron_chest_upgrade":2,"minecraft:stone_sword":43,"minecraft:poppy":1,"minecraft:chest":6,"minecraft:stone":5,"minecraft:rotten_flesh":15,"minecraft:stone_hoe":106,"minecraft:torch":68,"tombstone:scroll_of_preservation":1,"minecraft:dirt":3,"minecraft:jungle_planks":1,"minecraft:carrot":195,"born_in_chaos_v1:corpse_maggot":6,"minecraft:wooden_axe":12,"twm:wooden_mace":233,"minecraft:furnace":4,"tombstone:gift":3,"minecraft:potato":98,"minecraft:cobbled_deepslate":1,"minecraft:light_gray_bed":3,"projectvibrantjourneys:rocks":1,"minecraft:water_bucket":12,"minecraft:sandstone_stairs":1,"minecraft:stone_pickaxe":718,"minecraft:baked_potato":19,"minecraft:wooden_pickaxe":28,"minecraft:sand":3,"minecraft:crafting_table":4,"minecraft:lightning_rod":3,"minecraft:oak_log":1,"born_in_chaos_v1:monster_flesh":2,"minecraft:chicken":1,"minecraft:iron_pickaxe":1,"minecraft:bread":3,"tombstone:magic_scroll":7,"spartanshields:copper_tower_shield":1,"minecraft:stone_axe":99,"minecraft:wooden_sword":21,"minecraft:cobblestone":98,"projectvibrantjourneys:small_cactus":1,"minecraft:bucket":12,"minecraft:oak_boat":1,"alexsmobs:animal_dictionary":2},"minecraft:killed":{"born_in_chaos_v1:lifestealer_true_form":1,"alexsmobs:tarantula_hawk":4,"born_in_chaos_v1:restless_spirit":2,"born_in_chaos_v1:zombie_lumberjack":2,"minecraft:spider":7,"alexsmobs:tasmanian_devil":1,"born_in_chaos_v1:siamese_skeletonsright":2,"born_in_chaos_v1:zombie_bruiser":3,"born_in_chaos_v1:maggot":3,"minecraft:skeleton":3,"alexsmobs:leafcutter_ant":2,"minecraft:chicken":1,"born_in_chaos_v1:skeleton_thrasher":1,"minecraft:drowned":4,"born_in_chaos_v1:firelight_not_despawn":1,"minecraft:husk":3,"born_in_chaos_v1:baby_skeleton":1,"minecraft:rabbit":1,"minecraft:creeper":1,"born_in_chaos_v1:decrepit_skeleton":4,"minecraft:zombie":10,"born_in_chaos_v1:dread_hound":3,"born_in_chaos_v1:corpse_fly":9,"born_in_chaos_v1:dark_vortex":1,"alexsmobs:rain_frog":1,"born_in_chaos_v1:nightmare_stalker":2,"alexsmobs:roadrunner":1,"born_in_chaos_v1:siamese_skeletonsleft":2},"minecraft:crafted":{"minecraft:wooden_sword":1,"minecraft:oak_planks":28,"minecraft:stone":4,"minecraft:stone_pickaxe":3,"minecraft:cooked_rabbit":0,"minecraft:red_dye":2,"minecraft:baked_potato":19,"minecraft:wooden_pickaxe":1,"minecraft:copper_ingot":46,"minecraft:bucket":1,"minecraft:bread":3,"minecraft:air":0,"minecraft:jungle_planks":24,"minecraft:charcoal":0,"minecraft:stick":28,"minecraft:iron_ingot":30,"minecraft:torch":48},"minecraft:picked_up":{"minecraft:crafting_table":2,"minecraft:wheat":5,"minecraft:sandstone_slab":6,"minecraft:chicken":1,"born_in_chaos_v1:seedof_chaos":4,"minecraft:wooden_pickaxe":1,"minecraft:enchanted_book":1,"tombstone:grave_key":1,"minecraft:chain":18,"minecraft:string":11,"minecraft:raw_copper":268,"minecraft:wooden_sword":2,"minecraft:beetroot":3,"minecraft:red_dye":2,"minecraft:oak_boat":2,"minecraft:poppy":5,"minecraft:chest":2,"minecraft:birch_sapling":7,"minecraft:spruce_trapdoor":3,"minecraft:iron_boots":3,"minecraft:stick":15,"minecraft:raw_iron":56,"minecraft:copper_ingot":27,"born_in_chaos_v1:phantom_powder":2,"minecraft:torch":1,"minecraft:lightning_rod":2,"minecraft:carrot":189,"tombstone:grave_dust":5,"minecraft:diorite":28,"born_in_chaos_v1:nightmare_claw":2,"born_in_chaos_v1:pieceofdarkmetal":6,"minecraft:pink_terracotta":2,"minecraft:rotten_flesh":54,"minecraft:arrow":10,"minecraft:light_gray_bed":6,"minecraft:beetroot_seeds":16,"minecraft:sandstone_stairs":3,"minecraft:cyan_terracotta":1,"tombstone:essence_of_undeath":2,"minecraft:stripped_birch_wood":3,"minecraft:cobblestone":455,"born_in_chaos_v1:fused_bone":4,"minecraft:birch_log":17,"born_in_chaos_v1:corpse_maggot":6,"minecraft:feather":12,"born_in_chaos_v1:monster_flesh":8,"minecraft:andesite":172,"minecraft:jungle_log":6,"minecraft:potato":124,"minecraft:oak_log":36,"minecraft:lily_pad":3,"projectvibrantjourneys:rocks":1,"minecraft:lapis_lazuli":36,"skilltree:gem":52,"minecraft:magenta_terracotta":2,"minecraft:dirt":23,"minecraft:orange_terracotta":16,"born_in_chaos_v1:monster_skin":3,"minecraft:smooth_sandstone":7,"minecraft:bone":15,"minecraft:kelp":1,"minecraft:wheat_seeds":52,"projectvibrantjourneys:small_cactus":1,"minecraft:stone_pickaxe":2,"minecraft:iron_ingot":25,"minecraft:rabbit":1,"twm:wooden_mace":1,"minecraft:oak_planks":20,"minecraft:pumpkin":1,"born_in_chaos_v1:lifestealer_bone":5,"born_in_chaos_v1:ethereal_spirit":5,"minecraft:sand":4,"minecraft:jungle_planks":11,"born_in_chaos_v1:dark_rod":2,"minecraft:spider_eye":3,"alexsmobs:animal_dictionary":2,"alexsmobs:guster_eye":1,"minecraft:pumpkin_seeds":4,"born_in_chaos_v1:fire_dust":1,"minecraft:light_blue_terracotta":2,"minecraft:granite":57,"alexsmobs:tarantula_hawk_wing_fragment":3,"minecraft:bone_meal":6,"projectvibrantjourneys:orange_bark_mushroom":2,"tombstone:magic_scroll":2,"minecraft:oak_sapling":9,"projectvibrantjourneys:twigs":2,"minecraft:coal":93,"minecraft:wooden_axe":3},"minecraft:dropped":{"twm:wooden_mace":1,"minecraft:wheat_seeds":6,"minecraft:sandstone_slab":2,"minecraft:feather":2,"minecraft:jungle_planks":2,"projectvibrantjourneys:orange_bark_mushroom":2,"minecraft:coal":1,"born_in_chaos_v1:monster_flesh":1,"minecraft:diorite":24,"tombstone:grave_key":1,"minecraft:wooden_axe":2,"skilltree:gem":2,"tombstone:grave_dust":1,"minecraft:chain":9,"minecraft:wooden_sword":1,"minecraft:sand":1,"minecraft:lily_pad":3,"minecraft:bone":1,"minecraft:stone_axe":1,"minecraft:kelp":1,"alexsmobs:animal_dictionary":1,"minecraft:cobbled_deepslate":1,"minecraft:rotten_flesh":32,"minecraft:poppy":4,"minecraft:spruce_trapdoor":1,"minecraft:andesite":62,"minecraft:light_gray_bed":1,"minecraft:oak_sapling":7,"minecraft:spider_eye":1,"minecraft:arrow":2,"minecraft:stone_pickaxe":1},"minecraft:mined":{"minecraft:farmland":1,"alexsmobs:leafcutter_anthill":1,"projectvibrantjourneys:rocks":1,"minecraft:spruce_trapdoor":1,"minecraft:granite":29,"minecraft:grass_block":10,"minecraft:jungle_planks":3,"minecraft:jungle_log":6,"minecraft:light_gray_bed":4,"projectvibrantjourneys:sandstone_rocks":1,"minecraft:sandstone_stairs":2,"minecraft:carrots":80,"minecraft:iron_ore":46,"minecraft:andesite":64,"minecraft:pumpkin":1,"minecraft:potatoes":47,"minecraft:deepslate_iron_ore":11,"minecraft:vine":2,"minecraft:stone":339,"projectvibrantjourneys:cattail":1,"minecraft:sandstone_slab":1,"minecraft:kelp_plant":3,"minecraft:smooth_sandstone":1,"minecraft:crafting_table":2,"projectvibrantjourneys:small_cactus":1,"projectvibrantjourneys:twigs":1,"minecraft:poppy":2,"minecraft:chest":2,"projectvibrantjourneys:natural_cobweb":4,"minecraft:lightning_rod":2,"minecraft:copper_ore":79,"minecraft:cobblestone":30,"minecraft:lapis_ore":6,"projectvibrantjourneys:fallen_leaves":2,"minecraft:diorite":26,"minecraft:birch_log":18,"minecraft:wheat":8,"projectvibrantjourneys:bones":1,"minecraft:birch_leaves":3,"minecraft:grass":15,"minecraft:oak_log":35,"minecraft:coal_ore":98,"projectvibrantjourneys:short_grass":19,"minecraft:beetroots":5,"minecraft:sand":4,"minecraft:dirt":6,"minecraft:oak_leaves":26,"minecraft:fern":1},"minecraft:custom":{"minecraft:mob_kills":77,"minecraft:interact_with_crafting_table":50,"minecraft:damage_dealt_resisted":39,"minecraft:leave_game":2,"minecraft:time_since_death":27321,"minecraft:climb_one_cm":5668,"minecraft:sprint_one_cm":825974,"minecraft:walk_one_cm":673570,"minecraft:damage_blocked_by_shield":75,"minecraft:drop":56,"minecraft:play_time":203770,"minecraft:sneak_time":502,"minecraft:deaths":13,"minecraft:walk_under_water_one_cm":17054,"minecraft:boat_one_cm":171451,"minecraft:jump":3509,"minecraft:walk_on_water_one_cm":33209,"minecraft:total_world_time":203770,"minecraft:interact_with_furnace":101,"minecraft:sleep_in_bed":10,"minecraft:time_since_rest":7520,"minecraft:damage_taken":6357,"minecraft:damage_dealt":16731,"minecraft:swim_one_cm":64756,"minecraft:fly_one_cm":612995,"minecraft:open_chest":118,"minecraft:crouch_one_cm":3324,"tombstone:undead_killed":36,"minecraft:fall_one_cm":54929},"minecraft:broken":{"twm:wooden_mace":1,"minecraft:stone_pickaxe":4}},"DataVersion":3465}