{"stats":{"minecraft:picked_up":{"minecraft:wooden_axe":3,"minecraft:crafting_table":2,"minecraft:wheat":5,"minecraft:sandstone_slab":4,"minecraft:chicken":1,"minecraft:wooden_pickaxe":1,"minecraft:chain":16,"tombstone:grave_key":1,"minecraft:string":2,"minecraft:raw_copper":46,"minecraft:wooden_sword":2,"minecraft:beetroot":3,"minecraft:red_dye":2,"minecraft:chest":2,"minecraft:spruce_trapdoor":2,"minecraft:iron_boots":3,"minecraft:raw_iron":36,"minecraft:stick":15,"minecraft:copper_ingot":6,"born_in_chaos_v1:phantom_powder":2,"tombstone:grave_dust":2,"minecraft:diorite":28,"minecraft:carrot":65,"born_in_chaos_v1:pieceofdarkmetal":1,"minecraft:pink_terracotta":2,"minecraft:light_gray_bed":6,"minecraft:arrow":5,"minecraft:rotten_flesh":23,"minecraft:beetroot_seeds":16,"minecraft:sandstone_stairs":3,"minecraft:cyan_terracotta":1,"tombstone:essence_of_undeath":2,"minecraft:stripped_birch_wood":3,"minecraft:cobblestone":429,"born_in_chaos_v1:corpse_maggot":5,"minecraft:feather":12,"minecraft:andesite":165,"minecraft:jungle_log":6,"minecraft:potato":20,"minecraft:oak_log":23,"projectvibrantjourneys:rocks":1,"skilltree:gem":37,"minecraft:magenta_terracotta":2,"minecraft:dirt":19,"minecraft:orange_terracotta":16,"minecraft:smooth_sandstone":7,"minecraft:bone":7,"minecraft:wheat_seeds":41,"minecraft:iron_ingot":24,"minecraft:stone_pickaxe":2,"minecraft:oak_planks":20,"minecraft:pumpkin":1,"born_in_chaos_v1:ethereal_spirit":2,"minecraft:sand":3,"minecraft:jungle_planks":6,"alexsmobs:animal_dictionary":2,"minecraft:pumpkin_seeds":4,"minecraft:light_blue_terracotta":2,"minecraft:granite":56,"alexsmobs:tarantula_hawk_wing_fragment":1,"minecraft:bone_meal":6,"tombstone:magic_scroll":1,"minecraft:oak_sapling":8,"projectvibrantjourneys:twigs":2,"minecraft:coal":73},"minecraft:dropped":{"minecraft:wheat_seeds":1,"minecraft:feather":2,"minecraft:diorite":24,"tombstone:grave_key":1,"minecraft:wooden_axe":2,"skilltree:gem":2,"tombstone:grave_dust":1,"minecraft:chain":8,"minecraft:wooden_sword":1,"minecraft:bone":1,"alexsmobs:animal_dictionary":1,"minecraft:rotten_flesh":32,"minecraft:andesite":55,"minecraft:light_gray_bed":1,"minecraft:oak_sapling":7,"minecraft:stone_pickaxe":1},"minecraft:used":{"minecraft:beetroot":1,"minecraft:stone_sword":43,"minecraft:chest":4,"minecraft:stone":5,"minecraft:rotten_flesh":15,"minecraft:stone_hoe":99,"minecraft:torch":48,"minecraft:dirt":3,"minecraft:carrot":94,"born_in_chaos_v1:corpse_maggot":5,"minecraft:wooden_axe":12,"minecraft:furnace":4,"tombstone:gift":1,"minecraft:potato":26,"minecraft:light_gray_bed":3,"projectvibrantjourneys:rocks":1,"minecraft:water_bucket":12,"minecraft:sandstone_stairs":1,"minecraft:stone_pickaxe":570,"minecraft:baked_potato":1,"minecraft:wooden_pickaxe":28,"minecraft:sand":3,"minecraft:crafting_table":4,"minecraft:chicken":1,"minecraft:bread":1,"tombstone:magic_scroll":2,"minecraft:stone_axe":62,"minecraft:wooden_sword":21,"minecraft:cobblestone":70,"minecraft:bucket":12,"alexsmobs:animal_dictionary":2},"minecraft:killed":{"alexsmobs:tarantula_hawk":1,"born_in_chaos_v1:restless_spirit":1,"minecraft:spider":2,"minecraft:skeleton":1,"alexsmobs:leafcutter_ant":2,"minecraft:chicken":1,"born_in_chaos_v1:skeleton_thrasher":1,"born_in_chaos_v1:baby_skeleton":1,"minecraft:creeper":1,"born_in_chaos_v1:decrepit_skeleton":2,"minecraft:zombie":3,"born_in_chaos_v1:corpse_fly":6,"alexsmobs:roadrunner":1},"minecraft:broken":{"minecraft:stone_pickaxe":3},"minecraft:mined":{"minecraft:farmland":1,"alexsmobs:leafcutter_anthill":1,"minecraft:spruce_trapdoor":1,"minecraft:granite":28,"minecraft:grass_block":10,"minecraft:jungle_log":6,"minecraft:light_gray_bed":4,"minecraft:sandstone_stairs":2,"minecraft:carrots":34,"minecraft:iron_ore":25,"minecraft:andesite":56,"minecraft:pumpkin":1,"minecraft:potatoes":12,"minecraft:vine":2,"minecraft:deepslate_iron_ore":11,"minecraft:stone":330,"minecraft:sandstone_slab":1,"minecraft:crafting_table":2,"minecraft:smooth_sandstone":1,"projectvibrantjourneys:twigs":1,"minecraft:chest":2,"minecraft:cobblestone":14,"minecraft:copper_ore":16,"projectvibrantjourneys:fallen_leaves":2,"minecraft:diorite":26,"minecraft:birch_log":1,"minecraft:wheat":6,"minecraft:grass":14,"minecraft:coal_ore":77,"minecraft:oak_log":25,"projectvibrantjourneys:short_grass":18,"minecraft:beetroots":5,"minecraft:sand":4,"minecraft:dirt":6,"minecraft:oak_leaves":14,"minecraft:fern":1},"minecraft:custom":{"minecraft:mob_kills":24,"minecraft:interact_with_crafting_table":32,"minecraft:damage_dealt_resisted":39,"minecraft:leave_game":1,"minecraft:time_since_death":13687,"minecraft:climb_one_cm":5668,"minecraft:sprint_one_cm":464767,"minecraft:walk_one_cm":360569,"minecraft:drop":27,"minecraft:play_time":103020,"minecraft:deaths":5,"minecraft:sneak_time":238,"minecraft:walk_under_water_one_cm":1354,"minecraft:jump":1907,"minecraft:walk_on_water_one_cm":17733,"minecraft:total_world_time":103020,"minecraft:interact_with_furnace":66,"minecraft:sleep_in_bed":7,"minecraft:time_since_rest":375,"minecraft:damage_taken":2225,"minecraft:damage_dealt":4359,"minecraft:swim_one_cm":13867,"minecraft:fly_one_cm":318080,"minecraft:open_chest":60,"minecraft:crouch_one_cm":1155,"tombstone:undead_killed":8,"minecraft:fall_one_cm":33674},"minecraft:crafted":{"minecraft:wooden_sword":1,"minecraft:oak_planks":20,"minecraft:stone":4,"minecraft:stone_pickaxe":2,"minecraft:red_dye":2,"minecraft:wooden_pickaxe":1,"minecraft:baked_potato":1,"minecraft:copper_ingot":32,"minecraft:bucket":1,"minecraft:bread":1,"minecraft:air":0,"minecraft:jungle_planks":24,"minecraft:stick":16,"minecraft:iron_ingot":30}},"DataVersion":3465}