{"stats":{"minecraft:killed":{"born_in_chaos_v1:lifestealer_true_form":1,"born_in_chaos_v1:zombie_clown":2,"minecraft:cave_spider":2,"born_in_chaos_v1:zombie_lumberjack":8,"born_in_chaos_v1:restless_spirit":7,"born_in_chaos_v1:skeleton_demoman":1,"minecraft:spider":16,"born_in_chaos_v1:siamese_skeletonsright":4,"born_in_chaos_v1:baby_skeleton_minion":3,"minecraft:skeleton":13,"minecraft:bee":1,"alexsmobs:leafcutter_ant":9,"minecraft:chicken":2,"born_in_chaos_v1:skeleton_thrasher":1,"minecraft:tropical_fish":1,"born_in_chaos_v1:firelight_not_despawn":1,"alexsmobs:triops":1,"born_in_chaos_v1:bonescaller":1,"born_in_chaos_v1:diamond_termite":15,"minecraft:creeper":13,"minecraft:zombie":29,"born_in_chaos_v1:dread_hound":17,"born_in_chaos_v1:corpse_fly":33,"alexsmobs:roadrunner":6,"alexsmobs:rain_frog":4,"alexsmobs:fly":1,"born_in_chaos_v1:door_knight":5,"born_in_chaos_v1:siamese_skeletonsleft":5,"alexsmobs:jerboa":2,"alexsmobs:tarantula_hawk":4,"alexsmobs:tasmanian_devil":1,"alexsmobs:rattlesnake":5,"born_in_chaos_v1:zombie_bruiser":10,"born_in_chaos_v1:maggot":28,"minecraft:drowned":6,"alexsmobs:bison":1,"born_in_chaos_v1:spiritof_chaos":1,"born_in_chaos_v1:fallen_chaos_knight":3,"born_in_chaos_v1:spirit_guide":1,"minecraft:husk":45,"alexsmobs:guster":1,"born_in_chaos_v1:baby_skeleton":5,"born_in_chaos_v1:swarmer":4,"born_in_chaos_v1:spirit_guide_assistant":6,"minecraft:rabbit":3,"born_in_chaos_v1:decrepit_skeleton":17,"born_in_chaos_v1:decaying_zombie":1,"born_in_chaos_v1:dark_vortex":2,"born_in_chaos_v1:nightmare_stalker":6,"minecraft:enderman":5},"minecraft:crafted":{"minecraft:smooth_stone":0,"minecraft:oak_planks":56,"minecraft:stone":4,"born_in_chaos_v1:dark_metal_ingot":0,"minecraft:cooked_rabbit":0,"minecraft:arrow":36,"minecraft:wooden_pickaxe":1,"minecraft:baked_potato":117,"minecraft:copper_ingot":46,"minecraft:birch_planks":12,"minecraft:charcoal":0,"minecraft:stick":52,"minecraft:iron_ingot":30,"minecraft:gold_ingot":0,"minecraft:wooden_sword":1,"born_in_chaos_v1:fried_maggot":0,"minecraft:stone_pickaxe":5,"minecraft:red_dye":2,"minecraft:bucket":1,"minecraft:bread":3,"minecraft:air":0,"minecraft:jungle_planks":24,"minecraft:torch":116},"minecraft:used":{"minecraft:beetroot":1,"minecraft:iron_shovel":73,"minecraft:poppy":1,"minecraft:chest":6,"minecraft:stone":5,"minecraft:rotten_flesh":16,"tombstone:scroll_of_preservation":1,"minecraft:jungle_planks":1,"minecraft:carrot":305,"minecraft:tuff":13,"born_in_chaos_v1:corpse_maggot":14,"born_in_chaos_v1:smoked_flesh":11,"minecraft:grass_block":1,"minecraft:bow":22,"minecraft:furnace":4,"minecraft:potato":243,"projectvibrantjourneys:rocks":1,"minecraft:stone_pickaxe":1098,"minecraft:oak_planks":3,"minecraft:wooden_pickaxe":28,"tombstone:tablet_of_guard":3,"minecraft:golden_apple":1,"minecraft:sand":46,"minecraft:blast_furnace":1,"minecraft:lightning_rod":3,"born_in_chaos_v1:monster_flesh":2,"minecraft:bread":7,"minecraft:melon_slice":27,"tombstone:grave_key":10,"ironchest:iron_to_gold_chest_upgrade":2,"born_in_chaos_v1:smoked_monster_flesh":15,"minecraft:gravel":75,"minecraft:wooden_sword":21,"minecraft:andesite":4,"projectvibrantjourneys:small_cactus":1,"minecraft:cooked_rabbit":1,"minecraft:oak_boat":2,"alexsmobs:leafcutter_ant_chamber":4,"twm:copper_pickaxe":158,"born_in_chaos_v1:dark_ritual_dagger":74,"ironchest:wood_to_iron_chest_upgrade":2,"minecraft:stone_sword":43,"minecraft:tropical_fish":1,"minecraft:light_blue_terracotta":1,"tacz:gun_smith_table":1,"born_in_chaos_v1:fried_maggot":14,"minecraft:sandstone_wall":5,"minecraft:stone_hoe":106,"minecraft:torch":160,"minecraft:dirt":8,"minecraft:granite":2,"minecraft:wooden_axe":12,"minecraft:smooth_sandstone":1,"twm:wooden_mace":1006,"tombstone:gift":9,"minecraft:cobbled_deepslate":98,"minecraft:light_gray_bed":4,"minecraft:water_bucket":12,"minecraft:sandstone_stairs":1,"minecraft:birch_planks":4,"minecraft:baked_potato":102,"minecraft:crafting_table":6,"minecraft:campfire":1,"minecraft:oak_log":1,"minecraft:chicken":1,"minecraft:iron_pickaxe":351,"tombstone:magic_scroll":10,"spartanshields:copper_tower_shield":53,"minecraft:stone_axe":119,"minecraft:cobblestone":251,"minecraft:bucket":12,"alexsmobs:animal_dictionary":2},"minecraft:custom":{"minecraft:interact_with_crafting_table":106,"minecraft:leave_game":3,"minecraft:time_since_death":49813,"minecraft:sprint_one_cm":1992761,"minecraft:damage_blocked_by_shield":3428,"minecraft:drop":144,"minecraft:play_time":536450,"minecraft:deaths":30,"minecraft:jump":9406,"minecraft:walk_on_water_one_cm":62232,"minecraft:interact_with_furnace":162,"minecraft:sleep_in_bed":12,"minecraft:damage_dealt":65273,"minecraft:crouch_one_cm":13242,"tombstone:undead_killed":171,"minecraft:inspect_dispenser":2,"minecraft:mob_kills":364,"minecraft:interact_with_campfire":19,"minecraft:damage_dealt_resisted":7485,"minecraft:climb_one_cm":23333,"minecraft:walk_one_cm":1641289,"minecraft:damage_dealt_absorbed":160,"minecraft:sneak_time":6561,"minecraft:walk_under_water_one_cm":35476,"minecraft:boat_one_cm":240976,"minecraft:interact_with_blast_furnace":7,"minecraft:total_world_time":536450,"spartanshields:shield_bash_hits":3,"minecraft:time_since_rest":49182,"minecraft:damage_taken":19371,"minecraft:damage_absorbed":40,"minecraft:swim_one_cm":101449,"minecraft:fly_one_cm":1678165,"minecraft:open_chest":248,"minecraft:fall_one_cm":175352},"minecraft:dropped":{"minecraft:oak_log":1,"minecraft:glow_ink_sac":3,"minecraft:ender_pearl":2,"minecraft:sandstone_slab":2,"minecraft:jungle_planks":4,"projectvibrantjourneys:orange_bark_mushroom":2,"born_in_chaos_v1:monster_flesh":1,"minecraft:dirt":9,"born_in_chaos_v1:monster_skin":2,"minecraft:chain":9,"minecraft:wooden_sword":2,"minecraft:sand":19,"minecraft:bone":6,"minecraft:gravel":1,"minecraft:stone_axe":1,"minecraft:cobbled_deepslate":233,"alexsmobs:animal_dictionary":1,"minecraft:rotten_flesh":96,"minecraft:poppy":4,"projectvibrantjourneys:light_brown_bark_mushroom":2,"minecraft:mangrove_log":2,"minecraft:gunpowder":1,"born_in_chaos_v1:corpse_maggot":5,"born_in_chaos_v1:diamond_termite_shard":4,"alexsmobs:guster_eye":1,"minecraft:arrow":7,"projectvibrantjourneys:cattail":2,"minecraft:egg":1,"twm:wooden_mace":1,"minecraft:wheat_seeds":6,"minecraft:poisonous_potato":2,"minecraft:feather":3,"minecraft:cobblestone":1,"minecraft:granite":2,"minecraft:acacia_log":1,"minecraft:grass_block":1,"minecraft:coal":1,"minecraft:stick":5,"born_in_chaos_v1:gnawed_bones":1,"born_in_chaos_v1:black_argillite":2,"minecraft:diorite":24,"minecraft:torch":29,"tombstone:grave_key":1,"minecraft:wooden_axe":2,"skilltree:gem":15,"tombstone:grave_dust":9,"minecraft:smooth_stone":1,"minecraft:cactus":2,"minecraft:string":2,"minecraft:lily_pad":20,"minecraft:stone_brick_slab":2,"minecraft:smooth_basalt":5,"minecraft:kelp":1,"alexsmobs:maggot":4,"minecraft:coarse_dirt":2,"minecraft:raw_copper":5,"minecraft:cocoa_beans":6,"minecraft:tuff":41,"born_in_chaos_v1:smoked_monster_flesh":1,"minecraft:spruce_trapdoor":1,"minecraft:andesite":66,"minecraft:light_gray_bed":1,"minecraft:oak_sapling":18,"minecraft:spider_eye":2,"minecraft:slime_ball":2,"minecraft:stone_pickaxe":4,"minecraft:calcite":10},"minecraft:mined":{"minecraft:dark_oak_planks":2,"minecraft:farmland":1,"minecraft:potted_crimson_roots":1,"minecraft:chiseled_red_sandstone":1,"alexsmobs:leafcutter_anthill":2,"minecraft:spruce_trapdoor":1,"minecraft:granite":33,"minecraft:grass_block":14,"minecraft:jungle_log":6,"minecraft:light_gray_bed":4,"minecraft:sandstone_stairs":6,"minecraft:spawner":33,"minecraft:tall_seagrass":2,"minecraft:iron_ore":73,"minecraft:cobbled_deepslate":12,"minecraft:pumpkin":1,"minecraft:deepslate_lapis_ore":3,"projectvibrantjourneys:cattail":3,"minecraft:sandstone_slab":7,"minecraft:deepslate_redstone_ore":6,"minecraft:kelp_plant":3,"minecraft:amethyst_cluster":1,"minecraft:orange_terracotta":1,"minecraft:torch":18,"projectvibrantjourneys:twigs":1,"minecraft:calcite":10,"minecraft:poppy":2,"minecraft:melon":5,"minecraft:chest":2,"minecraft:dead_bush":2,"projectvibrantjourneys:natural_cobweb":4,"minecraft:cobblestone":44,"projectvibrantjourneys:fallen_leaves":2,"minecraft:wall_torch":4,"minecraft:amethyst_block":3,"minecraft:deepslate_copper_ore":2,"minecraft:seagrass":1,"minecraft:light_blue_terracotta":1,"minecraft:chain":1,"minecraft:birch_log":19,"minecraft:wheat":8,"projectvibrantjourneys:bones":3,"minecraft:stone_brick_stairs":8,"minecraft:grass":16,"minecraft:oak_log":55,"projectvibrantjourneys:short_grass":21,"minecraft:beetroots":5,"minecraft:sand":26,"minecraft:dirt":14,"minecraft:sandstone_wall":8,"minecraft:stripped_birch_wood":1,"minecraft:smooth_basalt":5,"minecraft:oak_leaves":37,"minecraft:deepslate":331,"minecraft:tuff":44,"projectvibrantjourneys:rocks":2,"born_in_chaos_v1:infected_diamond_ore":9,"minecraft:spruce_fence":1,"minecraft:jungle_planks":3,"born_in_chaos_v1:black_argillite":3,"alexsmobs:leafcutter_ant_chamber":4,"projectvibrantjourneys:sandstone_rocks":1,"minecraft:carrots":94,"minecraft:raw_gold_block":18,"minecraft:andesite":74,"minecraft:gold_block":3,"minecraft:potatoes":166,"minecraft:deepslate_iron_ore":33,"minecraft:vine":2,"projectvibrantjourneys:seashells":2,"minecraft:stone":438,"minecraft:stone_brick_slab":3,"minecraft:smooth_sandstone":40,"minecraft:crafting_table":2,"projectvibrantjourneys:small_cactus":1,"minecraft:lightning_rod":2,"minecraft:copper_ore":79,"minecraft:lapis_ore":6,"minecraft:deepslate_gold_ore":31,"minecraft:lily_pad":1,"minecraft:diorite":26,"minecraft:coarse_dirt":1,"minecraft:birch_leaves":3,"minecraft:red_sandstone_wall":1,"minecraft:coal_ore":163,"minecraft:cocoa":2,"minecraft:gravel":90,"minecraft:fern":1},"minecraft:picked_up":{"minecraft:wheat":5,"minecraft:enchanted_book":2,"minecraft:stone_brick_stairs":8,"tombstone:grave_key":1,"minecraft:amethyst_block":3,"born_in_chaos_v1:black_argillite":2,"minecraft:string":19,"minecraft:raw_copper":278,"minecraft:beetroot":3,"minecraft:smooth_stone":1,"minecraft:cobbled_deepslate":319,"minecraft:bucket":1,"minecraft:red_dye":2,"minecraft:calcite":10,"born_in_chaos_v1:stimulating_decoction":1,"minecraft:melon_slice":25,"minecraft:iron_boots":3,"minecraft:mangrove_log":2,"alexsmobs:leafcutter_ant_chamber":4,"minecraft:stick":20,"born_in_chaos_v1:shattered_skull":2,"born_in_chaos_v1:phantom_powder":2,"minecraft:torch":53,"minecraft:acacia_log":2,"minecraft:sandstone_wall":11,"minecraft:lightning_rod":2,"tombstone:grave_dust":41,"minecraft:diorite":28,"born_in_chaos_v1:nightmare_claw":6,"minecraft:pink_terracotta":2,"minecraft:cactus":2,"minecraft:light_gray_bed":6,"minecraft:rotten_flesh":226,"minecraft:tropical_fish":1,"minecraft:cyan_terracotta":1,"projectvibrantjourneys:cattail":2,"minecraft:stripped_birch_wood":4,"minecraft:cobblestone":562,"minecraft:birch_log":20,"minecraft:feather":19,"born_in_chaos_v1:spiritual_dust":3,"minecraft:jungle_log":6,"minecraft:andesite":184,"minecraft:potato":466,"alexsmobs:bison_fur":2,"minecraft:flint":10,"minecraft:tuff":54,"projectvibrantjourneys:rocks":1,"minecraft:magenta_terracotta":2,"skilltree:gem":71,"minecraft:lapis_lazuli":62,"minecraft:dirt":43,"born_in_chaos_v1:monster_skin":18,"born_in_chaos_v1:marigolds":4,"minecraft:leather_boots":1,"minecraft:bone":62,"minecraft:bow":1,"minecraft:wheat_seeds":53,"minecraft:raw_gold":31,"minecraft:rabbit":3,"twm:wooden_mace":1,"minecraft:oak_planks":20,"minecraft:red_sandstone_wall":1,"minecraft:poisonous_potato":2,"minecraft:jungle_planks":11,"minecraft:sand":65,"minecraft:grass_block":2,"alexsmobs:animal_dictionary":2,"minecraft:bundle":2,"alexsmobs:guster_eye":1,"minecraft:light_blue_terracotta":3,"born_in_chaos_v1:fire_dust":1,"alexsmobs:rattlesnake_rattle":3,"minecraft:granite":63,"alexsmobs:tarantula_hawk_wing_fragment":3,"minecraft:bone_meal":6,"alexsmobs:maggot":4,"minecraft:chiseled_red_sandstone":2,"minecraft:oak_sapling":19,"born_in_chaos_v1:diamond_termite_shard":13,"minecraft:cocoa_beans":6,"minecraft:crafting_table":2,"minecraft:coarse_dirt":3,"minecraft:sandstone_slab":9,"born_in_chaos_v1:smoked_monster_flesh":16,"minecraft:chicken":2,"born_in_chaos_v1:seedof_chaos":7,"minecraft:leather_leggings":1,"minecraft:wooden_pickaxe":1,"alexsmobs:roadrunner_feather":4,"minecraft:gold_block":3,"minecraft:chain":21,"minecraft:wooden_sword":3,"tacz:ammo":138,"minecraft:beef":12,"minecraft:oak_boat":3,"born_in_chaos_v1:gnawed_bones":1,"minecraft:poppy":5,"minecraft:sugar_cane":3,"minecraft:chest":2,"minecraft:birch_sapling":7,"minecraft:spruce_trapdoor":3,"minecraft:egg":1,"minecraft:raw_iron":105,"minecraft:raw_gold_block":18,"minecraft:copper_ingot":28,"minecraft:spruce_fence":1,"minecraft:carrot":232,"born_in_chaos_v1:pieceofdarkmetal":26,"minecraft:redstone":28,"minecraft:dark_oak_planks":2,"minecraft:arrow":24,"minecraft:beetroot_seeds":16,"minecraft:sandstone_stairs":6,"tombstone:essence_of_undeath":2,"sophisticatedbackpacks:copper_backpack":1,"born_in_chaos_v1:fused_bone":10,"born_in_chaos_v1:corpse_maggot":44,"born_in_chaos_v1:monster_flesh":30,"minecraft:glow_ink_sac":3,"minecraft:oak_log":67,"minecraft:lily_pad":20,"minecraft:gunpowder":19,"minecraft:orange_terracotta":16,"minecraft:smooth_sandstone":36,"minecraft:kelp":1,"projectvibrantjourneys:small_cactus":1,"minecraft:iron_ingot":42,"born_in_chaos_v1:smoked_flesh":11,"minecraft:stone_pickaxe":2,"projectvibrantjourneys:light_brown_bark_mushroom":1,"minecraft:smooth_basalt":5,"minecraft:pumpkin":1,"born_in_chaos_v1:lifestealer_bone":5,"minecraft:stone_brick_slab":5,"born_in_chaos_v1:ethereal_spirit":16,"minecraft:gravel":85,"born_in_chaos_v1:dark_rod":3,"minecraft:amethyst_shard":4,"minecraft:spruce_log":1,"minecraft:spider_eye":6,"minecraft:pumpkin_seeds":4,"minecraft:slime_ball":2,"tacz:modern_kinetic_gun":1,"tombstone:magic_scroll":2,"projectvibrantjourneys:orange_bark_mushroom":2,"projectvibrantjourneys:twigs":2,"minecraft:coal":158,"minecraft:ender_pearl":3,"minecraft:wooden_axe":3},"minecraft:broken":{"minecraft:leather_leggings":1,"twm:wooden_mace":5,"minecraft:stone_pickaxe":7,"minecraft:iron_pickaxe":1}},"DataVersion":3465}