{"stats":{"minecraft:used":{"minecraft:beetroot":1,"minecraft:iron_shovel":73,"minecraft:poppy":1,"minecraft:chest":6,"minecraft:iron_sword":27,"minecraft:stone":5,"minecraft:rotten_flesh":16,"tombstone:scroll_of_preservation":1,"minecraft:jungle_planks":1,"minecraft:carrot":305,"minecraft:tuff":13,"born_in_chaos_v1:corpse_maggot":14,"born_in_chaos_v1:smoked_flesh":11,"minecraft:grass_block":1,"minecraft:bow":22,"minecraft:furnace":4,"minecraft:potato":261,"projectvibrantjourneys:rocks":1,"minecraft:stone_pickaxe":1183,"minecraft:oak_planks":3,"minecraft:wooden_pickaxe":28,"tombstone:tablet_of_guard":3,"minecraft:golden_apple":2,"minecraft:sand":52,"minecraft:blast_furnace":1,"minecraft:lightning_rod":3,"born_in_chaos_v1:monster_flesh":2,"minecraft:melon_slice":27,"minecraft:bread":7,"tombstone:grave_key":10,"ironchest:iron_to_gold_chest_upgrade":2,"minecraft:gravel":75,"born_in_chaos_v1:smoked_monster_flesh":15,"minecraft:wooden_sword":21,"minecraft:cooked_rabbit":1,"minecraft:andesite":4,"projectvibrantjourneys:small_cactus":1,"minecraft:oak_boat":2,"alexsmobs:leafcutter_ant_chamber":4,"twm:copper_pickaxe":158,"ironchest:wood_to_iron_chest_upgrade":2,"born_in_chaos_v1:dark_ritual_dagger":74,"minecraft:stone_sword":43,"minecraft:tropical_fish":1,"minecraft:light_blue_terracotta":1,"tacz:gun_smith_table":3,"born_in_chaos_v1:fried_maggot":14,"minecraft:stone_hoe":106,"minecraft:sandstone_wall":5,"minecraft:torch":177,"minecraft:dirt":23,"minecraft:granite":4,"minecraft:wooden_axe":12,"minecraft:smooth_sandstone":2,"twm:wooden_mace":1109,"tombstone:gift":9,"minecraft:cobbled_deepslate":200,"minecraft:acacia_planks":3,"minecraft:light_gray_bed":4,"minecraft:water_bucket":44,"tombstone:scroll_of_knowledge":1,"minecraft:sandstone_stairs":1,"minecraft:birch_planks":4,"minecraft:baked_potato":126,"minecraft:crafting_table":8,"minecraft:campfire":1,"minecraft:oak_log":1,"minecraft:chicken":1,"minecraft:iron_pickaxe":723,"spartanshields:copper_tower_shield":58,"tombstone:magic_scroll":12,"minecraft:stone_axe":119,"minecraft:cobblestone":251,"minecraft:bucket":45,"alexsmobs:animal_dictionary":3},"minecraft:mined":{"minecraft:dark_oak_planks":2,"minecraft:farmland":1,"minecraft:potted_crimson_roots":1,"alexsmobs:leafcutter_anthill":2,"minecraft:chiseled_red_sandstone":1,"minecraft:spruce_trapdoor":1,"minecraft:granite":43,"minecraft:grass_block":18,"minecraft:jungle_log":6,"minecraft:light_gray_bed":4,"tacz:gun_smith_table":1,"minecraft:sandstone_stairs":6,"minecraft:spawner":34,"minecraft:tall_seagrass":2,"minecraft:iron_ore":77,"minecraft:cobbled_deepslate":12,"minecraft:pumpkin":1,"minecraft:deepslate_lapis_ore":7,"minecraft:dirt_path":4,"projectvibrantjourneys:cattail":3,"minecraft:sandstone_slab":7,"minecraft:deepslate_redstone_ore":7,"minecraft:kelp_plant":3,"minecraft:amethyst_cluster":1,"minecraft:orange_terracotta":1,"born_in_chaos_v1:infected_deepslate_diamond_ore":1,"minecraft:torch":31,"projectvibrantjourneys:twigs":1,"minecraft:calcite":10,"minecraft:poppy":2,"minecraft:melon":5,"minecraft:chest":2,"minecraft:dead_bush":2,"projectvibrantjourneys:natural_cobweb":4,"minecraft:cobblestone":46,"projectvibrantjourneys:fallen_leaves":2,"minecraft:wall_torch":5,"minecraft:amethyst_block":3,"minecraft:deepslate_copper_ore":2,"minecraft:seagrass":1,"minecraft:light_blue_terracotta":1,"minecraft:chain":1,"minecraft:birch_log":19,"minecraft:wheat":8,"projectvibrantjourneys:bones":3,"minecraft:stone_brick_stairs":8,"minecraft:grass":16,"minecraft:oak_log":58,"projectvibrantjourneys:short_grass":22,"minecraft:beetroots":5,"minecraft:sand":33,"minecraft:dirt":24,"minecraft:sandstone_wall":8,"minecraft:stripped_birch_wood":1,"minecraft:smooth_basalt":5,"minecraft:oak_leaves":37,"minecraft:deepslate":589,"minecraft:tuff":95,"minecraft:deepslate_diamond_ore":29,"projectvibrantjourneys:rocks":2,"born_in_chaos_v1:infected_diamond_ore":9,"minecraft:ladder":1,"minecraft:spruce_fence":1,"minecraft:jungle_planks":3,"born_in_chaos_v1:black_argillite":3,"alexsmobs:leafcutter_ant_chamber":4,"projectvibrantjourneys:sandstone_rocks":1,"minecraft:carrots":94,"minecraft:raw_gold_block":18,"minecraft:andesite":74,"minecraft:gold_block":3,"minecraft:potatoes":170,"minecraft:deepslate_iron_ore":41,"minecraft:vine":2,"projectvibrantjourneys:seashells":2,"minecraft:stone":479,"minecraft:stone_brick_slab":3,"minecraft:smooth_sandstone":40,"minecraft:crafting_table":3,"projectvibrantjourneys:small_cactus":1,"projectvibrantjourneys:mossy_rocks":1,"minecraft:lightning_rod":2,"minecraft:copper_ore":80,"minecraft:lapis_ore":6,"minecraft:deepslate_gold_ore":31,"minecraft:lily_pad":1,"minecraft:diorite":26,"minecraft:coarse_dirt":1,"minecraft:birch_leaves":3,"minecraft:red_sandstone_wall":1,"minecraft:coal_ore":188,"minecraft:cocoa":2,"minecraft:gravel":95,"minecraft:fern":1},"minecraft:broken":{"minecraft:leather_leggings":1,"twm:wooden_mace":5,"minecraft:stone_pickaxe":7,"minecraft:iron_pickaxe":3},"minecraft:killed":{"born_in_chaos_v1:lifestealer_true_form":2,"born_in_chaos_v1:zombie_clown":2,"minecraft:cave_spider":2,"born_in_chaos_v1:restless_spirit":9,"born_in_chaos_v1:zombie_lumberjack":10,"born_in_chaos_v1:skeleton_demoman":3,"minecraft:spider":20,"born_in_chaos_v1:siamese_skeletonsright":7,"born_in_chaos_v1:baby_skeleton_minion":4,"minecraft:skeleton":24,"minecraft:bee":1,"alexsmobs:leafcutter_ant":9,"minecraft:chicken":2,"born_in_chaos_v1:skeleton_thrasher":1,"born_in_chaos_v1:supreme_bonescaller_stage_2":1,"minecraft:tropical_fish":1,"born_in_chaos_v1:firelight_not_despawn":1,"alexsmobs:triops":1,"born_in_chaos_v1:bonescaller":2,"born_in_chaos_v1:diamond_termite":17,"minecraft:creeper":22,"minecraft:zombie":36,"born_in_chaos_v1:dread_hound":24,"born_in_chaos_v1:corpse_fly":37,"alexsmobs:rain_frog":4,"alexsmobs:roadrunner":6,"alexsmobs:fly":1,"born_in_chaos_v1:door_knight":6,"born_in_chaos_v1:siamese_skeletonsleft":8,"alexsmobs:jerboa":2,"alexsmobs:tarantula_hawk":4,"alexsmobs:tasmanian_devil":1,"alexsmobs:rattlesnake":5,"born_in_chaos_v1:zombie_bruiser":11,"born_in_chaos_v1:maggot":33,"born_in_chaos_v1:dire_hound_leader":1,"alexsmobs:bison":1,"minecraft:drowned":6,"born_in_chaos_v1:spiritof_chaos":2,"born_in_chaos_v1:fallen_chaos_knight":3,"born_in_chaos_v1:spirit_guide":3,"minecraft:husk":49,"alexsmobs:guster":1,"born_in_chaos_v1:bone_imp_minion":2,"born_in_chaos_v1:baby_skeleton":6,"born_in_chaos_v1:swarmer":5,"born_in_chaos_v1:spirit_guide_assistant":10,"minecraft:rabbit":3,"born_in_chaos_v1:decrepit_skeleton":23,"born_in_chaos_v1:decaying_zombie":2,"born_in_chaos_v1:dark_vortex":2,"born_in_chaos_v1:nightmare_stalker":7,"minecraft:enderman":5},"minecraft:crafted":{"minecraft:smooth_stone":0,"minecraft:oak_planks":56,"minecraft:stone":4,"born_in_chaos_v1:dark_metal_ingot":0,"minecraft:cooked_rabbit":0,"minecraft:arrow":36,"minecraft:baked_potato":117,"minecraft:wooden_pickaxe":1,"minecraft:copper_ingot":46,"minecraft:birch_planks":12,"minecraft:charcoal":0,"minecraft:stick":52,"minecraft:iron_ingot":46,"minecraft:gold_ingot":0,"minecraft:wooden_sword":1,"born_in_chaos_v1:fried_maggot":0,"minecraft:stone_pickaxe":5,"minecraft:red_dye":2,"minecraft:bucket":1,"minecraft:bread":3,"minecraft:air":0,"minecraft:jungle_planks":24,"minecraft:torch":136},"minecraft:dropped":{"minecraft:oak_log":1,"minecraft:glow_ink_sac":3,"minecraft:ender_pearl":2,"minecraft:stripped_birch_wood":1,"minecraft:sandstone_slab":4,"minecraft:glow_berries":16,"minecraft:jungle_planks":4,"projectvibrantjourneys:orange_bark_mushroom":2,"born_in_chaos_v1:monster_flesh":2,"minecraft:dirt":9,"alexsmobs:roadrunner_feather":1,"born_in_chaos_v1:monster_skin":4,"minecraft:chain":9,"minecraft:wooden_sword":2,"minecraft:sand":19,"minecraft:bone":8,"minecraft:gravel":7,"minecraft:stone_axe":1,"alexsmobs:animal_dictionary":1,"minecraft:cobbled_deepslate":233,"minecraft:rotten_flesh":105,"minecraft:poppy":4,"projectvibrantjourneys:light_brown_bark_mushroom":2,"minecraft:mangrove_log":2,"minecraft:gunpowder":1,"born_in_chaos_v1:corpse_maggot":5,"minecraft:leather_boots":1,"born_in_chaos_v1:diamond_termite_shard":4,"alexsmobs:guster_eye":1,"minecraft:arrow":7,"projectvibrantjourneys:cattail":2,"minecraft:egg":1,"twm:wooden_mace":2,"minecraft:wheat_seeds":6,"minecraft:poisonous_potato":2,"minecraft:feather":3,"minecraft:cobblestone":9,"minecraft:granite":2,"minecraft:copper_ingot":1,"minecraft:acacia_log":1,"minecraft:grass_block":1,"minecraft:coal":1,"minecraft:stick":5,"born_in_chaos_v1:gnawed_bones":1,"born_in_chaos_v1:black_argillite":2,"minecraft:diorite":24,"minecraft:torch":29,"tombstone:grave_key":2,"minecraft:wooden_axe":2,"skilltree:gem":18,"tombstone:grave_dust":9,"minecraft:cactus":2,"minecraft:smooth_stone":1,"minecraft:string":2,"minecraft:bucket":1,"minecraft:lily_pad":20,"minecraft:stone_brick_slab":5,"minecraft:smooth_basalt":5,"minecraft:redstone":4,"minecraft:kelp":1,"alexsmobs:maggot":4,"minecraft:coarse_dirt":2,"minecraft:cocoa_beans":6,"minecraft:raw_copper":5,"minecraft:chiseled_red_sandstone":1,"minecraft:tuff":53,"born_in_chaos_v1:smoked_monster_flesh":1,"minecraft:spruce_trapdoor":1,"minecraft:andesite":66,"minecraft:light_gray_bed":1,"spartanshields:copper_tower_shield":1,"minecraft:oak_sapling":18,"minecraft:spider_eye":2,"minecraft:slime_ball":2,"minecraft:bow":2,"minecraft:stone_pickaxe":4,"minecraft:calcite":10},"minecraft:custom":{"minecraft:interact_with_crafting_table":125,"minecraft:leave_game":5,"minecraft:time_since_death":42051,"minecraft:sprint_one_cm":2209100,"minecraft:damage_blocked_by_shield":3758,"minecraft:drop":174,"minecraft:play_time":664063,"minecraft:deaths":35,"minecraft:jump":10854,"minecraft:walk_on_water_one_cm":73294,"minecraft:interact_with_furnace":171,"minecraft:sleep_in_bed":13,"minecraft:damage_dealt":73470,"minecraft:crouch_one_cm":26638,"tombstone:undead_killed":226,"minecraft:inspect_dispenser":2,"minecraft:mob_kills":456,"minecraft:interact_with_campfire":19,"minecraft:damage_dealt_resisted":12322,"minecraft:climb_one_cm":28277,"minecraft:walk_one_cm":1918928,"minecraft:damage_dealt_absorbed":240,"minecraft:sneak_time":11678,"minecraft:walk_under_water_one_cm":64512,"minecraft:boat_one_cm":240976,"minecraft:interact_with_blast_furnace":17,"minecraft:total_world_time":664063,"spartanshields:shield_bash_hits":3,"minecraft:time_since_rest":42005,"minecraft:damage_taken":22259,"minecraft:damage_absorbed":50,"minecraft:swim_one_cm":101771,"minecraft:fly_one_cm":1912026,"minecraft:open_chest":304,"minecraft:fall_one_cm":241149},"minecraft:picked_up":{"minecraft:wheat":5,"minecraft:enchanted_book":2,"minecraft:stone_brick_stairs":8,"tombstone:grave_key":1,"minecraft:amethyst_block":3,"born_in_chaos_v1:black_argillite":2,"minecraft:string":21,"minecraft:raw_copper":280,"minecraft:beetroot":3,"minecraft:cobbled_deepslate":577,"minecraft:smooth_stone":1,"minecraft:bucket":2,"minecraft:red_dye":2,"minecraft:calcite":10,"born_in_chaos_v1:stimulating_decoction":1,"minecraft:melon_slice":25,"minecraft:iron_boots":3,"minecraft:mangrove_log":2,"alexsmobs:leafcutter_ant_chamber":4,"minecraft:stick":22,"born_in_chaos_v1:shattered_skull":3,"born_in_chaos_v1:phantom_powder":2,"minecraft:torch":67,"minecraft:acacia_log":3,"minecraft:sandstone_wall":11,"minecraft:lightning_rod":2,"tombstone:grave_dust":52,"minecraft:diorite":28,"born_in_chaos_v1:nightmare_claw":7,"minecraft:pink_terracotta":2,"minecraft:cactus":2,"minecraft:light_gray_bed":6,"minecraft:rotten_flesh":254,"minecraft:tropical_fish":1,"minecraft:cyan_terracotta":1,"projectvibrantjourneys:cattail":2,"minecraft:stripped_birch_wood":4,"minecraft:cobblestone":605,"minecraft:birch_log":20,"born_in_chaos_v1:staffof_magic_arrows":1,"minecraft:feather":19,"born_in_chaos_v1:spiritual_dust":7,"minecraft:andesite":184,"minecraft:jungle_log":6,"minecraft:potato":477,"alexsmobs:bison_fur":2,"minecraft:flint":10,"minecraft:tuff":103,"projectvibrantjourneys:rocks":1,"skilltree:gem":79,"minecraft:lapis_lazuli":86,"minecraft:magenta_terracotta":2,"minecraft:dirt":59,"born_in_chaos_v1:monster_skin":29,"born_in_chaos_v1:marigolds":4,"minecraft:leather_boots":2,"minecraft:bone":92,"minecraft:bow":2,"minecraft:wheat_seeds":53,"minecraft:raw_gold":31,"twm:wooden_mace":2,"minecraft:rabbit":3,"tacz:gun_smith_table":1,"minecraft:oak_planks":20,"minecraft:red_sandstone_wall":1,"minecraft:poisonous_potato":2,"minecraft:sand":72,"minecraft:jungle_planks":11,"minecraft:grass_block":2,"alexsmobs:animal_dictionary":2,"minecraft:bundle":2,"alexsmobs:guster_eye":1,"born_in_chaos_v1:fire_dust":1,"minecraft:light_blue_terracotta":3,"minecraft:diamond":29,"alexsmobs:rattlesnake_rattle":3,"minecraft:granite":68,"alexsmobs:tarantula_hawk_wing_fragment":3,"minecraft:bone_meal":6,"alexsmobs:maggot":4,"minecraft:chiseled_red_sandstone":2,"minecraft:oak_sapling":19,"minecraft:coarse_dirt":3,"minecraft:cocoa_beans":6,"minecraft:crafting_table":3,"born_in_chaos_v1:diamond_termite_shard":15,"minecraft:sandstone_slab":9,"born_in_chaos_v1:smoked_monster_flesh":16,"minecraft:chicken":2,"minecraft:ladder":1,"born_in_chaos_v1:seedof_chaos":13,"minecraft:leather_leggings":1,"minecraft:wooden_pickaxe":1,"alexsmobs:roadrunner_feather":4,"minecraft:gold_block":3,"minecraft:chain":21,"minecraft:wooden_sword":3,"tacz:ammo":453,"minecraft:beef":12,"minecraft:oak_boat":3,"born_in_chaos_v1:gnawed_bones":1,"minecraft:poppy":5,"minecraft:sugar_cane":3,"minecraft:chest":2,"minecraft:birch_sapling":7,"minecraft:spruce_trapdoor":3,"minecraft:egg":1,"minecraft:raw_iron":117,"minecraft:raw_gold_block":18,"minecraft:copper_ingot":28,"minecraft:spruce_fence":1,"born_in_chaos_v1:pieceofdarkmetal":32,"minecraft:carrot":232,"minecraft:redstone":32,"minecraft:dark_oak_planks":2,"minecraft:arrow":27,"minecraft:beetroot_seeds":16,"minecraft:sandstone_stairs":6,"tombstone:essence_of_undeath":2,"sophisticatedbackpacks:copper_backpack":2,"born_in_chaos_v1:fused_bone":16,"born_in_chaos_v1:corpse_maggot":46,"born_in_chaos_v1:monster_flesh":40,"minecraft:glow_ink_sac":3,"minecraft:oak_log":71,"minecraft:lily_pad":20,"minecraft:gunpowder":44,"minecraft:orange_terracotta":16,"minecraft:smooth_sandstone":36,"minecraft:kelp":1,"projectvibrantjourneys:small_cactus":1,"born_in_chaos_v1:smoked_flesh":11,"minecraft:iron_ingot":43,"minecraft:stone_pickaxe":2,"projectvibrantjourneys:light_brown_bark_mushroom":1,"minecraft:smooth_basalt":5,"minecraft:pumpkin":1,"born_in_chaos_v1:lifestealer_bone":9,"minecraft:stone_brick_slab":5,"born_in_chaos_v1:orbofthe_summoner":1,"born_in_chaos_v1:ethereal_spirit":21,"minecraft:gravel":92,"born_in_chaos_v1:dark_rod":3,"minecraft:amethyst_shard":4,"born_in_chaos_v1:fangofthe_hound_leader":2,"minecraft:spruce_log":1,"minecraft:spider_eye":7,"minecraft:pumpkin_seeds":4,"minecraft:slime_ball":2,"tacz:modern_kinetic_gun":1,"projectvibrantjourneys:orange_bark_mushroom":2,"tombstone:magic_scroll":4,"projectvibrantjourneys:twigs":2,"minecraft:coal":178,"minecraft:wooden_axe":3,"minecraft:ender_pearl":3}},"DataVersion":3465}