{"stats":{"minecraft:dropped":{"minecraft:ladder":7},"minecraft:broken":{"minecraft:stone_pickaxe":1},"minecraft:custom":{"minecraft:interact_with_furnace":2,"minecraft:mob_kills":4,"minecraft:interact_with_crafting_table":8,"minecraft:time_since_death":13049,"minecraft:climb_one_cm":13695,"minecraft:time_since_rest":11750,"minecraft:sprint_one_cm":36414,"minecraft:damage_taken":346,"minecraft:walk_one_cm":49510,"minecraft:drop":7,"minecraft:damage_dealt":567,"minecraft:swim_one_cm":3460,"minecraft:fly_one_cm":25506,"minecraft:open_chest":2,"minecraft:play_time":29810,"minecraft:deaths":1,"minecraft:walk_under_water_one_cm":960,"minecraft:jump":388,"minecraft:walk_on_water_one_cm":957,"minecraft:total_world_time":29810,"minecraft:fall_one_cm":6062},"minecraft:picked_up":{"minecraft:cocoa_beans":6,"born_in_chaos_v1:corpse_maggot":1,"minecraft:crafting_table":1,"minecraft:ladder":8,"minecraft:jungle_log":12,"minecraft:andesite":2,"minecraft:potato":1,"skilltree:gem":8,"minecraft:lapis_lazuli":40,"minecraft:dirt":9,"minecraft:bone":1,"minecraft:wheat_seeds":1,"minecraft:cobbled_deepslate":14,"minecraft:melon_slice":24,"minecraft:chest":2,"minecraft:raw_iron":18,"minecraft:torch":4,"minecraft:poisonous_potato":3,"minecraft:sand":14,"minecraft:diorite":1,"minecraft:rotten_flesh":3,"minecraft:granite":37,"minecraft:mutton":6,"minecraft:coal":44,"minecraft:white_wool":3,"minecraft:cobblestone":116},"minecraft:crafted":{"minecraft:crafting_table":1,"minecraft:furnace":8,"minecraft:jungle_planks":48,"minecraft:stone_pickaxe":2,"minecraft:chest":2,"minecraft:torch":32},"minecraft:used":{"minecraft:stone_pickaxe":206,"minecraft:ladder":1,"minecraft:chest":4,"minecraft:wooden_pickaxe":53,"minecraft:wooden_shovel":23,"minecraft:rotten_flesh":3,"minecraft:torch":29,"minecraft:mutton":4,"minecraft:crafting_table":3,"minecraft:wooden_axe":5,"minecraft:furnace":1,"minecraft:potato":1,"minecraft:cobweb":4},"minecraft:killed":{"minecraft:sheep":3,"born_in_chaos_v1:corpse_fly":1},"minecraft:mined":{"minecraft:jungle_leaves":8,"minecraft:crafting_table":1,"minecraft:ladder":7,"minecraft:granite":37,"minecraft:grass_block":4,"minecraft:melon":5,"minecraft:chest":2,"minecraft:jungle_log":12,"projectvibrantjourneys:mossy_rocks":1,"minecraft:lapis_ore":5,"projectvibrantjourneys:fallen_leaves":2,"minecraft:diorite":1,"minecraft:wall_torch":4,"minecraft:iron_ore":16,"projectvibrantjourneys:bones":1,"minecraft:andesite":2,"minecraft:deepslate_lapis_ore":1,"minecraft:oak_log":1,"minecraft:potatoes":1,"minecraft:coal_ore":44,"projectvibrantjourneys:short_grass":1,"minecraft:deepslate_iron_ore":2,"minecraft:vine":4,"minecraft:sand":17,"minecraft:dirt":6,"projectvibrantjourneys:seashells":1,"minecraft:stone":117,"minecraft:oak_leaves":2,"minecraft:deepslate":14}},"DataVersion":3465}