{"stats":{"minecraft:killed_by":{"minecraft:zombie":1,"minecraft:husk":1,"minecraft:skeleton":1},"minecraft:used":{"minecraft:moss_carpet":2,"minecraft:ladder":1,"minecraft:chest":4,"minecraft:stone":41,"minecraft:rotten_flesh":5,"minecraft:mutton":4,"securitycraft:keypad_item":1,"minecraft:jungle_planks":153,"minecraft:tuff":16,"alexsmobs:lobster_tail":1,"alexsmobs:cooked_lobster_tail":56,"minecraft:furnace":14,"minecraft:cooked_cod":1,"minecraft:potato":1,"minecraft:stone_pickaxe":546,"minecraft:wooden_pickaxe":134,"securitycraft:keypad_frame":1,"minecraft:jungle_boat":1,"minecraft:white_wool":12,"minecraft:sand":73,"giacomos_exp:expseed":3,"securitycraft:universal_block_remover":1,"minecraft:lever":4,"minecraft:daylight_detector":1,"born_in_chaos_v1:monster_flesh":1,"twm:copper_pickaxe":166,"minecraft:cobweb":4,"minecraft:stone_sword":252,"minecraft:tropical_fish":14,"born_in_chaos_v1:ethereal_spirit":3,"minecraft:wooden_shovel":26,"minecraft:stripped_birch_wood":1,"minecraft:cooked_salmon":3,"minecraft:cooked_chicken":3,"minecraft:torch":76,"minecraft:dirt":54,"minecraft:granite":3,"minecraft:wooden_axe":32,"minecraft:smooth_sandstone":5,"twm:wooden_mace":530,"born_in_chaos_v1:intoxicating_dagger":90,"projectvibrantjourneys:jungle_hollow_log":1,"twm:copper_sword":249,"minecraft:iron_trapdoor":1,"securitycraft:dirt_mine":8,"tombstone:gift":6,"minecraft:cobbled_deepslate":117,"minecraft:light_gray_bed":3,"minecraft:cooked_mutton":3,"minecraft:water_bucket":3,"minecraft:sandstone_stairs":1,"minecraft:crafting_table":13,"securitycraft:reinforced_jungle_planks":15,"minecraft:white_bed":1,"alexsmobs:flying_fish":2,"minecraft:wooden_hoe":4,"minecraft:iron_pickaxe":180,"spartanshields:copper_tower_shield":9,"minecraft:stone_axe":117,"minecraft:cobblestone":92,"minecraft:cooked_porkchop":10,"minecraft:sandstone_slab":1,"minecraft:bucket":4,"minecraft:smooth_stone":2},"minecraft:killed":{"born_in_chaos_v1:zombie_clown":1,"alexsmobs:lobster":184,"born_in_chaos_v1:restless_spirit":3,"born_in_chaos_v1:zombie_lumberjack":7,"minecraft:spider":17,"minecraft:cod":14,"born_in_chaos_v1:siamese_skeletonsright":2,"minecraft:skeleton":4,"minecraft:chicken":5,"minecraft:turtle":3,"minecraft:tropical_fish":88,"minecraft:parrot":2,"minecraft:pig":4,"minecraft:zombie_villager":6,"minecraft:salmon":6,"alexsmobs:seal":13,"minecraft:sheep":16,"born_in_chaos_v1:zombie_fisherman":3,"minecraft:trader_llama":2,"minecraft:pillager":1,"minecraft:zombie":23,"born_in_chaos_v1:dread_hound":10,"born_in_chaos_v1:corpse_fly":3,"alexsmobs:roadrunner":2,"born_in_chaos_v1:siamese_skeletonsleft":2,"alexsmobs:tasmanian_devil":1,"alexsmobs:seagull":5,"alexsmobs:rattlesnake":2,"born_in_chaos_v1:zombie_bruiser":3,"born_in_chaos_v1:maggot":17,"minecraft:horse":4,"born_in_chaos_v1:dire_hound_leader":1,"born_in_chaos_v1:corpse_fish":16,"minecraft:drowned":1,"alexsmobs:flying_fish":2,"born_in_chaos_v1:barrel_zombie":1,"born_in_chaos_v1:fallen_chaos_knight":2,"minecraft:husk":3,"born_in_chaos_v1:baby_skeleton":2,"alexsmobs:skunk":2,"born_in_chaos_v1:spirit_guide_assistant":1,"minecraft:squid":12,"born_in_chaos_v1:decrepit_skeleton":4,"alexsmobs:catfish":1,"alexsmobs:elephant":1},"minecraft:crafted":{"securitycraft:mine":9,"minecraft:smooth_stone":1,"minecraft:oak_planks":8,"minecraft:cooked_chicken":5,"minecraft:stone":51,"minecraft:heavy_weighted_pressure_plate":1,"minecraft:cooked_mutton":21,"minecraft:glass":18,"minecraft:chest":2,"minecraft:cooked_porkchop":10,"minecraft:crafting_table":3,"minecraft:jungle_boat":1,"minecraft:smithing_table":1,"minecraft:copper_ingot":25,"minecraft:birch_planks":8,"minecraft:wooden_hoe":1,"minecraft:stick":28,"minecraft:iron_ingot":34,"minecraft:iron_pickaxe":1,"minecraft:stone_sword":1,"minecraft:gold_ingot":28,"minecraft:shears":1,"minecraft:furnace":9,"minecraft:glass_pane":16,"born_in_chaos_v1:fried_maggot":5,"securitycraft:universal_block_remover":1,"minecraft:stone_pickaxe":4,"twm:wooden_mace":1,"giacomos_exp:expseed":2,"minecraft:cooked_cod":1,"alexsmobs:cooked_lobster_tail":77,"minecraft:cooked_salmon":7,"minecraft:mangrove_planks":8,"minecraft:bucket":2,"minecraft:stone_axe":3,"minecraft:air":0,"minecraft:jungle_planks":308,"minecraft:white_bed":1,"twm:copper_pickaxe":1,"minecraft:torch":64},"minecraft:picked_up":{"minecraft:prismarine_shard":1,"minecraft:flower_pot":1,"minecraft:lead":1,"tombstone:grave_key":1,"minecraft:string":17,"minecraft:raw_copper":25,"alexsmobs:banana":1,"minecraft:cobbled_deepslate":117,"projectvibrantjourneys:jungle_hollow_log":9,"minecraft:gold_nugget":27,"minecraft:smooth_stone":1,"born_in_chaos_v1:stimulating_decoction":1,"minecraft:melon_slice":28,"minecraft:mangrove_log":3,"minecraft:furnace":11,"minecraft:stick":3,"born_in_chaos_v1:shattered_skull":1,"minecraft:torch":8,"minecraft:porkchop":10,"minecraft:sandstone_wall":3,"minecraft:cherry_log":2,"tombstone:grave_dust":7,"minecraft:diorite":2,"minecraft:stone_sword":1,"minecraft:light_gray_bed":3,"minecraft:rotten_flesh":62,"minecraft:tropical_fish":67,"projectvibrantjourneys:cattail":1,"minecraft:stripped_birch_wood":1,"minecraft:cod":11,"alexsmobs:lobster_tail":81,"alexsmobs:flying_fish":2,"minecraft:cobblestone":258,"minecraft:birch_log":1,"minecraft:feather":10,"minecraft:andesite":3,"minecraft:jungle_log":134,"minecraft:potato":6,"minecraft:tuff":16,"minecraft:smooth_sandstone_stairs":1,"skilltree:gem":34,"minecraft:lapis_lazuli":108,"minecraft:dirt":37,"born_in_chaos_v1:monster_skin":9,"securitycraft:reinforced_stone_button":9,"minecraft:bone":24,"minecraft:bow":1,"minecraft:wheat_seeds":15,"minecraft:raw_gold":25,"minecraft:bamboo":6,"securitycraft:dirt_mine":3,"minecraft:poisonous_potato":3,"minecraft:jungle_planks":6,"minecraft:sand":116,"minecraft:ink_sac":11,"minecraft:light_blue_terracotta":1,"minecraft:diamond":22,"minecraft:lever":4,"minecraft:granite":41,"alexsmobs:tarantula_hawk_wing_fragment":1,"minecraft:bone_meal":17,"minecraft:emerald":20,"alexsmobs:maggot":2,"born_in_chaos_v1:rotten_fish":12,"minecraft:cocoa_beans":6,"minecraft:crafting_table":3,"minecraft:sandstone_slab":3,"minecraft:chicken":5,"minecraft:ladder":8,"minecraft:clay_ball":3,"born_in_chaos_v1:seedof_chaos":1,"alexsmobs:roadrunner_feather":1,"securitycraft:reinforced_jungle_planks":17,"minecraft:heavy_weighted_pressure_plate":1,"minecraft:moss_carpet":2,"minecraft:jungle_sapling":2,"alexsmobs:cooked_lobster_tail":4,"minecraft:light_gray_wool":1,"minecraft:chest":3,"minecraft:sugar_cane":10,"minecraft:egg":2,"minecraft:raw_iron":34,"minecraft:stone":12,"minecraft:oak_door":1,"projectvibrantjourneys:bark_mushroom":1,"minecraft:carrot":13,"born_in_chaos_v1:pieceofdarkmetal":8,"minecraft:redstone":64,"minecraft:arrow":8,"minecraft:cooked_cod":8,"minecraft:sandstone_stairs":1,"minecraft:mutton":26,"minecraft:white_wool":18,"minecraft:skeleton_skull":2,"born_in_chaos_v1:corpse_maggot":21,"minecraft:jungle_boat":1,"born_in_chaos_v1:monster_flesh":15,"minecraft:salmon":8,"minecraft:leather":10,"minecraft:red_mushroom":1,"minecraft:oak_log":6,"minecraft:lily_pad":1,"bunker_down:airlock_iron_door":1,"minecraft:gunpowder":7,"projectvibrantjourneys:sea_oats":1,"minecraft:smooth_sandstone":28,"born_in_chaos_v1:intoxicating_dagger":1,"minecraft:kelp":12,"minecraft:iron_ingot":2,"projectvibrantjourneys:light_brown_bark_mushroom":2,"bunker_down:underroot_stage_1":2,"born_in_chaos_v1:ethereal_spirit":3,"born_in_chaos_v1:fangofthe_hound_leader":2,"minecraft:spider_eye":6,"tombstone:magic_scroll":2,"minecraft:coal":218},"minecraft:dropped":{"minecraft:oak_log":2,"born_in_chaos_v1:fried_maggot":5,"minecraft:sandstone_slab":1,"minecraft:jungle_planks":4,"minecraft:red_mushroom":1,"minecraft:dirt":1,"tombstone:bag_of_seeds":1,"minecraft:dark_oak_log":1,"minecraft:cooked_cod":8,"minecraft:jungle_sapling":1,"minecraft:gold_nugget":27,"minecraft:sand":19,"minecraft:white_wool":2,"projectvibrantjourneys:bark_mushroom":1,"minecraft:smooth_sandstone_stairs":1,"minecraft:rotten_flesh":22,"minecraft:carrot":4,"projectvibrantjourneys:sea_oats":1,"minecraft:sandstone_wall":3,"projectvibrantjourneys:light_brown_bark_mushroom":1,"minecraft:gunpowder":2,"minecraft:heavy_weighted_pressure_plate":1,"born_in_chaos_v1:corpse_maggot":12,"minecraft:jungle_log":54,"minecraft:ladder":7,"bunker_down:underroot_stage_1":2,"minecraft:arrow":1,"projectvibrantjourneys:cattail":1,"alexsmobs:banana":1,"minecraft:iron_ingot":1,"minecraft:wheat_seeds":4,"minecraft:poisonous_potato":3,"minecraft:granite":38,"bunker_down:airlock_iron_door":1,"projectvibrantjourneys:jungle_hollow_log":2,"minecraft:melon_slice":28,"minecraft:smooth_sandstone":12,"minecraft:redstone":2,"minecraft:kelp":2,"alexsmobs:maggot":2,"minecraft:stone_sword":1,"minecraft:cocoa_beans":6,"born_in_chaos_v1:rotten_fish":4,"minecraft:light_gray_wool":1,"minecraft:potato":5,"minecraft:flower_pot":1,"minecraft:andesite":1,"minecraft:wooden_shovel":1,"minecraft:wooden_pickaxe":1,"minecraft:light_blue_terracotta":1},"minecraft:custom":{"minecraft:interact_with_crafting_table":78,"minecraft:leave_game":9,"minecraft:time_since_death":23082,"minecraft:sprint_one_cm":643544,"minecraft:damage_blocked_by_shield":465,"minecraft:drop":87,"minecraft:play_time":393992,"minecraft:deaths":38,"minecraft:jump":6038,"minecraft:walk_on_water_one_cm":186081,"minecraft:interact_with_furnace":120,"minecraft:sleep_in_bed":7,"minecraft:damage_dealt":48538,"minecraft:player_kills":1,"minecraft:crouch_one_cm":25670,"tombstone:undead_killed":65,"minecraft:mob_kills":504,"minecraft:damage_dealt_resisted":1300,"minecraft:climb_one_cm":148392,"minecraft:walk_one_cm":622978,"minecraft:sneak_time":14900,"minecraft:walk_under_water_one_cm":205567,"minecraft:boat_one_cm":6419,"minecraft:total_world_time":393992,"minecraft:time_since_rest":21368,"minecraft:damage_taken":13148,"minecraft:swim_one_cm":363616,"minecraft:fly_one_cm":817133,"minecraft:open_chest":121,"minecraft:fall_one_cm":126207},"minecraft:mined":{"minecraft:chiseled_red_sandstone":1,"minecraft:jungle_leaves":30,"minecraft:granite":45,"minecraft:grass_block":12,"minecraft:jungle_log":81,"minecraft:light_gray_bed":3,"minecraft:sandstone_stairs":7,"minecraft:spawner":9,"minecraft:iron_ore":31,"minecraft:cobbled_deepslate":7,"minecraft:deepslate_lapis_ore":10,"minecraft:smooth_sandstone_stairs":2,"projectvibrantjourneys:cattail":2,"bunker_down:airlock_iron_door":1,"minecraft:sandstone_slab":8,"minecraft:deepslate_redstone_ore":3,"projectvibrantjourneys:sea_oats":1,"projectvibrantjourneys:twigs":3,"minecraft:melon":6,"minecraft:chest":6,"minecraft:cobblestone":2,"projectvibrantjourneys:fallen_leaves":3,"minecraft:wall_torch":5,"minecraft:skeleton_skull":2,"minecraft:chain":1,"projectvibrantjourneys:bones":3,"minecraft:grass":70,"minecraft:oak_log":1,"projectvibrantjourneys:short_grass":23,"minecraft:sand":61,"minecraft:dirt":31,"minecraft:sandstone_wall":10,"minecraft:oak_leaves":12,"minecraft:deepslate":113,"minecraft:yellow_terracotta":1,"minecraft:tuff":16,"minecraft:deepslate_diamond_ore":26,"projectvibrantjourneys:rocks":1,"minecraft:lever":4,"minecraft:ladder":8,"minecraft:jungle_planks":2,"minecraft:redstone_wire":16,"minecraft:red_sandstone_stairs":2,"minecraft:sandstone":5,"minecraft:redstone_ore":8,"minecraft:furnace":11,"minecraft:carrots":3,"minecraft:red_sandstone":14,"minecraft:chiseled_sandstone":2,"projectvibrantjourneys:orange_bark_mushroom":1,"minecraft:andesite":8,"minecraft:potatoes":3,"minecraft:deepslate_iron_ore":3,"projectvibrantjourneys:jungle_hollow_log":7,"minecraft:vine":23,"projectvibrantjourneys:seashells":3,"minecraft:stone":278,"minecraft:white_wool":5,"minecraft:stone_brick_slab":1,"minecraft:smooth_sandstone":59,"minecraft:crafting_table":1,"projectvibrantjourneys:mossy_rocks":1,"minecraft:campfire":1,"minecraft:copper_ore":7,"minecraft:lapis_ore":6,"minecraft:deepslate_gold_ore":18,"minecraft:lily_pad":2,"minecraft:diorite":2,"securitycraft:dirt_mine":3,"minecraft:coal_ore":120,"minecraft:flower_pot":1,"minecraft:gold_ore":8,"minecraft:fern":22},"minecraft:broken":{"twm:wooden_mace":2,"minecraft:stone_pickaxe":4,"minecraft:stone_axe":1,"minecraft:wooden_axe":1,"twm:copper_sword":1,"minecraft:stone_sword":2,"minecraft:wooden_pickaxe":1}},"DataVersion":3465}