{"stats":{"minecraft:killed_by":{"minecraft:zombie":1,"born_in_chaos_v1:scarlet_persecutor":1,"minecraft:husk":1,"minecraft:skeleton":2},"minecraft:used":{"minecraft:moss_carpet":2,"sophisticatedbackpacks:copper_backpack":2,"minecraft:ladder":5,"minecraft:chest":6,"minecraft:stone":41,"minecraft:rotten_flesh":5,"tombstone:scroll_of_preservation":1,"minecraft:mutton":4,"securitycraft:keypad_item":2,"minecraft:jungle_planks":315,"minecraft:tuff":61,"minecraft:jungle_sapling":5,"born_in_chaos_v1:smoked_flesh":163,"alexsmobs:lobster_tail":1,"alexsmobs:cooked_lobster_tail":78,"minecraft:item_frame":1,"minecraft:furnace":21,"minecraft:cooked_cod":1,"minecraft:potato":1,"projectvibrantjourneys:rocks":1,"minecraft:diorite":14,"minecraft:oak_planks":22,"minecraft:stone_pickaxe":826,"minecraft:wooden_pickaxe":134,"minecraft:sandstone":3,"securitycraft:keypad_frame":2,"minecraft:white_wool":12,"minecraft:jungle_boat":2,"minecraft:sand":93,"giacomos_exp:expseed":7,"securitycraft:universal_block_remover":10,"minecraft:shears":84,"minecraft:lever":4,"sophisticatedbackpacks:backpack":1,"bunker_down:steel_block":11,"minecraft:daylight_detector":1,"born_in_chaos_v1:monster_flesh":1,"minecraft:string":1,"securitycraft:mine":2,"minecraft:andesite":2,"twm:copper_pickaxe":231,"minecraft:bone_meal":18,"minecraft:cobweb":4,"minecraft:jungle_leaves":42,"sophisticatedbackpacks:iron_backpack":2,"minecraft:stone_sword":1250,"minecraft:tropical_fish":42,"born_in_chaos_v1:ethereal_spirit":3,"minecraft:wooden_shovel":26,"minecraft:stripped_birch_wood":1,"minecraft:cooked_salmon":3,"minecraft:cooked_chicken":3,"minecraft:torch":282,"minecraft:dirt":62,"minecraft:granite":3,"minecraft:wooden_axe":32,"minecraft:smooth_sandstone":5,"twm:wooden_mace":781,"born_in_chaos_v1:intoxicating_dagger":1054,"projectvibrantjourneys:jungle_hollow_log":1,"securitycraft:sand_mine":1,"twm:copper_sword":249,"minecraft:iron_trapdoor":2,"securitycraft:dirt_mine":14,"tombstone:gift":7,"minecraft:cobbled_deepslate":222,"minecraft:light_gray_bed":3,"sophisticatedbackpacks:gold_backpack":2,"securitycraft:stone_mine":5,"minecraft:cooked_mutton":21,"minecraft:water_bucket":10,"tombstone:scroll_of_knowledge":1,"minecraft:sandstone_stairs":1,"minecraft:birch_planks":5,"securitycraft:reinforced_iron_trapdoor":1,"securitycraft:cobblestone_mine":2,"securitycraft:keypad":3,"minecraft:mossy_cobblestone":34,"minecraft:crafting_table":25,"minecraft:white_bed":2,"securitycraft:reinforced_jungle_planks":59,"minecraft:spruce_log":1,"alexsmobs:leafcutter_ant_pupa":3,"minecraft:smoker":4,"alexsmobs:flying_fish":2,"tombstone:bag_of_seeds":2,"minecraft:wooden_hoe":15,"minecraft:iron_pickaxe":1912,"tombstone:magic_scroll":1,"spartanshields:copper_tower_shield":24,"minecraft:stone_axe":375,"minecraft:cobblestone":370,"minecraft:cooked_porkchop":10,"minecraft:bucket":12,"minecraft:sandstone_slab":1,"minecraft:smooth_stone":2},"minecraft:killed":{"born_in_chaos_v1:zombie_clown":1,"alexsmobs:lobster":184,"minecraft:witch":2,"born_in_chaos_v1:restless_spirit":5,"born_in_chaos_v1:zombie_lumberjack":7,"born_in_chaos_v1:skeleton_demoman":1,"minecraft:spider":24,"minecraft:cod":14,"born_in_chaos_v1:siamese_skeletonsright":3,"born_in_chaos_v1:scarlet_persecutor":2,"minecraft:skeleton":15,"alexsmobs:leafcutter_ant":8,"minecraft:chicken":5,"minecraft:turtle":3,"minecraft:tropical_fish":97,"minecraft:parrot":2,"minecraft:pig":4,"born_in_chaos_v1:diamond_termite":1,"minecraft:zombie_villager":6,"minecraft:salmon":6,"alexsmobs:seal":13,"minecraft:creeper":1,"minecraft:sheep":16,"born_in_chaos_v1:zombie_fisherman":4,"minecraft:trader_llama":2,"minecraft:pillager":1,"minecraft:zombie":339,"born_in_chaos_v1:dread_hound":12,"born_in_chaos_v1:corpse_fly":15,"alexsmobs:roadrunner":2,"born_in_chaos_v1:siamese_skeletonsleft":3,"alexsmobs:tarantula_hawk":1,"alexsmobs:tasmanian_devil":1,"alexsmobs:seagull":5,"alexsmobs:rattlesnake":3,"born_in_chaos_v1:zombie_bruiser":3,"born_in_chaos_v1:maggot":124,"minecraft:horse":4,"born_in_chaos_v1:dire_hound_leader":1,"minecraft:drowned":2,"born_in_chaos_v1:corpse_fish":19,"alexsmobs:flying_fish":2,"born_in_chaos_v1:barrel_zombie":1,"born_in_chaos_v1:fallen_chaos_knight":2,"born_in_chaos_v1:spirit_guide":1,"minecraft:husk":3,"alexsmobs:guster":6,"born_in_chaos_v1:baby_skeleton":3,"alexsmobs:skunk":2,"born_in_chaos_v1:spirit_guide_assistant":3,"minecraft:squid":13,"born_in_chaos_v1:decrepit_skeleton":10,"alexsmobs:catfish":1,"alexsmobs:elephant":1,"minecraft:enderman":2},"minecraft:crafted":{"minecraft:smooth_stone":1,"securitycraft:mine":18,"minecraft:oak_planks":28,"minecraft:cooked_chicken":5,"minecraft:stone":181,"securitycraft:keypad_item":1,"minecraft:heavy_weighted_pressure_plate":1,"minecraft:cooked_mutton":21,"minecraft:glass":18,"minecraft:chest":2,"securitycraft:sand_mine":1,"minecraft:cooked_porkchop":10,"minecraft:crafting_table":3,"minecraft:jungle_boat":1,"minecraft:smithing_table":1,"minecraft:copper_ingot":25,"minecraft:birch_planks":8,"minecraft:wooden_hoe":1,"minecraft:stick":68,"born_in_chaos_v1:smoked_flesh":309,"minecraft:iron_ingot":89,"minecraft:iron_pickaxe":2,"minecraft:stone_sword":4,"minecraft:gold_ingot":65,"minecraft:shears":2,"minecraft:furnace":9,"minecraft:glass_pane":16,"securitycraft:universal_block_remover":1,"born_in_chaos_v1:fried_maggot":5,"minecraft:stone_pickaxe":6,"twm:wooden_mace":1,"giacomos_exp:expseed":6,"minecraft:cooked_cod":1,"alexsmobs:cooked_lobster_tail":77,"minecraft:cooked_salmon":7,"minecraft:mangrove_planks":8,"minecraft:bucket":2,"minecraft:stone_axe":4,"minecraft:air":0,"minecraft:jungle_planks":504,"securitycraft:dirt_mine":4,"minecraft:white_wool":11,"minecraft:white_bed":2,"securitycraft:stone_mine":4,"twm:copper_pickaxe":1,"minecraft:torch":140},"minecraft:picked_up":{"minecraft:chainmail_boots":2,"minecraft:flower_pot":1,"minecraft:prismarine_shard":2,"minecraft:lead":1,"minecraft:enchanted_book":2,"tombstone:grave_key":1,"minecraft:string":31,"minecraft:raw_copper":66,"securitycraft:reinforced_dirt":1,"minecraft:smooth_stone":1,"minecraft:cobbled_deepslate":699,"projectvibrantjourneys:jungle_hollow_log":9,"minecraft:gold_nugget":27,"alexsmobs:banana":3,"minecraft:bucket":1,"minecraft:enchanted_golden_apple":1,"born_in_chaos_v1:stimulating_decoction":1,"minecraft:melon_slice":66,"alexsmobs:leafcutter_ant_chamber":11,"minecraft:mangrove_log":3,"minecraft:furnace":18,"minecraft:stick":17,"born_in_chaos_v1:shattered_skull":1,"minecraft:torch":43,"minecraft:porkchop":10,"minecraft:sandstone_wall":3,"minecraft:cherry_log":2,"tombstone:grave_dust":69,"minecraft:diorite":42,"minecraft:stone_sword":1,"minecraft:light_gray_bed":4,"minecraft:rotten_flesh":522,"minecraft:tropical_fish":79,"projectvibrantjourneys:cattail":1,"minecraft:stripped_birch_wood":1,"minecraft:cod":11,"alexsmobs:lobster_tail":81,"alexsmobs:flying_fish":2,"minecraft:cobblestone":883,"minecraft:birch_log":1,"minecraft:feather":12,"minecraft:andesite":19,"minecraft:jungle_log":198,"minecraft:golden_leggings":2,"minecraft:potato":7,"minecraft:flint":1,"minecraft:tuff":72,"minecraft:smooth_sandstone_stairs":1,"projectvibrantjourneys:rocks":2,"skilltree:gem":91,"minecraft:lapis_lazuli":198,"minecraft:dirt":54,"born_in_chaos_v1:monster_skin":10,"born_in_chaos_v1:marigolds":6,"securitycraft:reinforced_stone_button":9,"minecraft:bone":82,"minecraft:bow":2,"minecraft:wheat_seeds":25,"minecraft:raw_gold":82,"minecraft:glowstone_dust":2,"securitycraft:reinforced_iron_trapdoor":1,"minecraft:bamboo":6,"minecraft:oak_planks":2,"securitycraft:mine":2,"securitycraft:dirt_mine":4,"minecraft:poisonous_potato":4,"minecraft:sand":175,"minecraft:jungle_planks":19,"sophisticatedbackpacks:iron_backpack":3,"minecraft:ink_sac":11,"securitycraft:reinforced_stone":8,"alexsmobs:animal_dictionary":1,"minecraft:mossy_cobblestone":38,"minecraft:jungle_leaves":42,"minecraft:bundle":7,"alexsmobs:guster_eye":2,"minecraft:light_blue_terracotta":1,"minecraft:diamond":47,"minecraft:lever":4,"minecraft:granite":88,"alexsmobs:tarantula_hawk_wing_fragment":1,"minecraft:bone_meal":61,"minecraft:golden_apple":2,"minecraft:golden_horse_armor":1,"minecraft:emerald":20,"alexsmobs:maggot":2,"minecraft:oak_sapling":1,"born_in_chaos_v1:rotten_fish":14,"minecraft:oak_leaves":14,"sophisticatedbackpacks:gold_backpack":2,"minecraft:cocoa_beans":9,"minecraft:coarse_dirt":2,"minecraft:crafting_table":9,"minecraft:sandstone_slab":6,"minecraft:chicken":6,"minecraft:ladder":12,"minecraft:clay_ball":3,"born_in_chaos_v1:seedof_chaos":1,"alexsmobs:roadrunner_feather":1,"minecraft:chain":1,"securitycraft:reinforced_jungle_planks":61,"minecraft:heavy_weighted_pressure_plate":1,"minecraft:moss_carpet":2,"born_in_chaos_v1:gnawed_bones":1,"minecraft:jungle_sapling":4,"minecraft:light_gray_wool":1,"minecraft:chest":5,"minecraft:sugar_cane":30,"alexsmobs:cooked_lobster_tail":5,"minecraft:egg":2,"minecraft:raw_iron":112,"minecraft:sandstone":32,"minecraft:stone":12,"minecraft:oak_door":1,"minecraft:copper_ingot":57,"projectvibrantjourneys:bark_mushroom":1,"born_in_chaos_v1:pieceofdarkmetal":9,"minecraft:carrot":13,"minecraft:redstone":135,"alexsmobs:leafcutter_ant_pupa":3,"minecraft:iron_horse_armor":2,"minecraft:arrow":20,"minecraft:cooked_cod":8,"minecraft:shears":1,"minecraft:sandstone_stairs":1,"minecraft:saddle":1,"tombstone:essence_of_undeath":1,"sophisticatedbackpacks:copper_backpack":2,"minecraft:mutton":26,"minecraft:rail":5,"minecraft:skeleton_skull":2,"minecraft:white_wool":18,"born_in_chaos_v1:corpse_maggot":96,"minecraft:jungle_boat":1,"born_in_chaos_v1:monster_flesh":16,"minecraft:glow_ink_sac":4,"minecraft:salmon":8,"minecraft:leather":10,"minecraft:red_mushroom":1,"minecraft:birch_planks":11,"minecraft:oak_log":11,"minecraft:lily_pad":1,"bunker_down:airlock_iron_door":1,"minecraft:gunpowder":26,"projectvibrantjourneys:sea_oats":1,"tombstone:gift":1,"bunker_down:steel_block":13,"minecraft:smooth_sandstone":28,"born_in_chaos_v1:intoxicating_dagger":2,"minecraft:kelp":12,"mowziesmobs:foliaath_seed":5,"born_in_chaos_v1:smoked_flesh":3,"minecraft:iron_ingot":22,"tombstone:bag_of_seeds":1,"projectvibrantjourneys:light_brown_bark_mushroom":2,"bunker_down:underroot_stage_1":2,"born_in_chaos_v1:ethereal_spirit":7,"minecraft:gravel":26,"born_in_chaos_v1:fangofthe_hound_leader":2,"minecraft:spruce_log":1,"minecraft:spider_eye":16,"minecraft:leather_helmet":1,"alexsmobs:raw_catfish":3,"minecraft:stone_axe":1,"minecraft:iron_helmet":2,"securitycraft:keypad":3,"tombstone:magic_scroll":15,"minecraft:melon_seeds":3,"minecraft:coal":550,"minecraft:ender_pearl":2},"minecraft:dropped":{"minecraft:birch_planks":3,"minecraft:oak_log":2,"born_in_chaos_v1:fried_maggot":5,"minecraft:sandstone_slab":1,"minecraft:jungle_planks":4,"minecraft:iron_horse_armor":1,"minecraft:red_mushroom":1,"minecraft:dirt":1,"tombstone:bag_of_seeds":1,"minecraft:dark_oak_log":1,"minecraft:cooked_cod":8,"minecraft:jungle_sapling":1,"minecraft:gold_nugget":27,"minecraft:sand":19,"securitycraft:reinforced_dirt":1,"minecraft:white_wool":2,"projectvibrantjourneys:bark_mushroom":1,"minecraft:bone":2,"minecraft:stone_axe":1,"minecraft:cobbled_deepslate":5,"minecraft:smooth_sandstone_stairs":1,"minecraft:rotten_flesh":22,"born_in_chaos_v1:smoked_flesh":58,"minecraft:carrot":4,"projectvibrantjourneys:sea_oats":1,"minecraft:sandstone_wall":3,"projectvibrantjourneys:light_brown_bark_mushroom":1,"minecraft:gunpowder":10,"minecraft:heavy_weighted_pressure_plate":1,"minecraft:jungle_log":54,"born_in_chaos_v1:corpse_maggot":42,"minecraft:chainmail_boots":1,"minecraft:ladder":7,"bunker_down:underroot_stage_1":2,"minecraft:arrow":2,"projectvibrantjourneys:cattail":1,"alexsmobs:banana":1,"minecraft:enchanted_book":2,"minecraft:iron_ingot":1,"minecraft:wheat_seeds":5,"minecraft:mossy_cobblestone":4,"minecraft:poisonous_potato":3,"minecraft:cobblestone":7,"minecraft:granite":61,"minecraft:golden_apple":1,"alexsmobs:raw_catfish":3,"bunker_down:airlock_iron_door":1,"projectvibrantjourneys:jungle_hollow_log":2,"alexsmobs:cooked_lobster_tail":1,"minecraft:melon_slice":66,"skilltree:gem":5,"tombstone:grave_dust":1,"minecraft:smooth_sandstone":12,"minecraft:redstone":2,"minecraft:kelp":2,"alexsmobs:maggot":2,"minecraft:coarse_dirt":1,"minecraft:stone_sword":1,"minecraft:cocoa_beans":6,"minecraft:tuff":2,"minecraft:raw_iron":8,"born_in_chaos_v1:rotten_fish":4,"minecraft:chicken":1,"minecraft:light_gray_wool":1,"minecraft:shears":1,"minecraft:potato":6,"minecraft:flower_pot":1,"minecraft:andesite":1,"born_in_chaos_v1:intoxicating_dagger":1,"minecraft:wooden_shovel":1,"minecraft:spider_eye":11,"sophisticatedbackpacks:copper_backpack":1,"minecraft:stone_pickaxe":1,"minecraft:wooden_pickaxe":1,"minecraft:light_blue_terracotta":1},"minecraft:custom":{"minecraft:interact_with_crafting_table":150,"minecraft:leave_game":13,"minecraft:time_since_death":103767,"minecraft:sprint_one_cm":1095223,"minecraft:damage_blocked_by_shield":1695,"minecraft:drop":219,"minecraft:play_time":880993,"minecraft:deaths":54,"minecraft:jump":11185,"minecraft:walk_on_water_one_cm":251579,"minecraft:interact_with_furnace":175,"minecraft:sleep_in_bed":8,"minecraft:damage_dealt":131881,"minecraft:player_kills":1,"minecraft:crouch_one_cm":80403,"tombstone:undead_killed":407,"minecraft:interact_with_smoker":47,"minecraft:mob_kills":1017,"minecraft:damage_dealt_resisted":1407,"minecraft:climb_one_cm":256146,"minecraft:walk_one_cm":1156029,"minecraft:damage_dealt_absorbed":360,"minecraft:sneak_time":49187,"minecraft:walk_under_water_one_cm":315614,"minecraft:boat_one_cm":6419,"minecraft:total_world_time":880993,"spartanshields:shield_bash_hits":1,"minecraft:time_since_rest":103336,"minecraft:damage_taken":26626,"tombstone:cast_on_ally":2,"minecraft:swim_one_cm":418201,"minecraft:fly_one_cm":1409509,"minecraft:open_chest":290,"minecraft:fall_one_cm":248194},"minecraft:mined":{"securitycraft:mine":1,"minecraft:chiseled_red_sandstone":1,"sophisticatedbackpacks:gold_backpack":1,"alexsmobs:leafcutter_anthill":4,"minecraft:jungle_leaves":102,"minecraft:granite":73,"minecraft:grass_block":16,"sophisticatedbackpacks:iron_backpack":1,"minecraft:light_gray_bed":4,"minecraft:jungle_log":146,"minecraft:spawner":10,"minecraft:sandstone_stairs":7,"minecraft:iron_ore":71,"minecraft:cobbled_deepslate":23,"minecraft:fire":7,"minecraft:deepslate_lapis_ore":22,"minecraft:smooth_sandstone_stairs":2,"sophisticatedbackpacks:copper_backpack":1,"minecraft:tripwire":1,"bunker_down:airlock_iron_door":1,"projectvibrantjourneys:cattail":2,"minecraft:sandstone_slab":8,"minecraft:deepslate_redstone_ore":18,"projectvibrantjourneys:sea_oats":1,"minecraft:torch":18,"projectvibrantjourneys:twigs":4,"minecraft:melon":6,"minecraft:chest":10,"minecraft:cobblestone":181,"minecraft:sugar_cane":1,"minecraft:oak_planks":2,"projectvibrantjourneys:fallen_leaves":3,"minecraft:wall_torch":17,"minecraft:deepslate_copper_ore":7,"minecraft:skeleton_skull":2,"minecraft:chain":1,"projectvibrantjourneys:bones":13,"minecraft:grass":73,"minecraft:oak_log":6,"projectvibrantjourneys:short_grass":29,"minecraft:dirt":53,"minecraft:sand":86,"minecraft:sandstone_wall":10,"minecraft:oak_leaves":57,"minecraft:deepslate":777,"minecraft:yellow_terracotta":1,"minecraft:tuff":74,"minecraft:mossy_cobblestone":38,"minecraft:deepslate_diamond_ore":51,"projectvibrantjourneys:rocks":7,"born_in_chaos_v1:infected_diamond_ore":2,"minecraft:glow_lichen":1,"minecraft:lever":4,"minecraft:ladder":12,"minecraft:jungle_planks":16,"born_in_chaos_v1:black_argillite":1,"minecraft:redstone_wire":16,"alexsmobs:leafcutter_ant_chamber":19,"minecraft:red_sandstone_stairs":2,"minecraft:sandstone":37,"minecraft:redstone_ore":10,"minecraft:carrots":3,"minecraft:furnace":16,"minecraft:red_sandstone":14,"minecraft:chiseled_sandstone":2,"projectvibrantjourneys:orange_bark_mushroom":1,"minecraft:andesite":36,"minecraft:potatoes":3,"minecraft:vine":33,"projectvibrantjourneys:jungle_hollow_log":7,"minecraft:deepslate_iron_ore":41,"minecraft:rail":5,"bunker_down:steel_block":12,"projectvibrantjourneys:seashells":3,"minecraft:stone":753,"minecraft:white_wool":5,"minecraft:stone_brick_slab":1,"minecraft:smooth_sandstone":59,"minecraft:crafting_table":7,"minecraft:campfire":1,"projectvibrantjourneys:mossy_rocks":3,"minecraft:copper_ore":11,"minecraft:deepslate_gold_ore":59,"minecraft:lapis_ore":9,"minecraft:lily_pad":2,"minecraft:diorite":75,"minecraft:birch_planks":10,"minecraft:coarse_dirt":1,"minecraft:spruce_log":1,"securitycraft:dirt_mine":4,"minecraft:coal_ore":270,"minecraft:gravel":20,"minecraft:flower_pot":1,"minecraft:gold_ore":11,"minecraft:fern":22},"minecraft:broken":{"minecraft:iron_chestplate":1,"minecraft:iron_leggings":1,"twm:wooden_mace":4,"minecraft:chainmail_boots":1,"minecraft:stone_pickaxe":6,"twm:copper_pickaxe":1,"minecraft:stone_axe":4,"minecraft:wooden_axe":1,"twm:copper_sword":1,"minecraft:stone_sword":9,"minecraft:wooden_pickaxe":1,"minecraft:iron_pickaxe":7,"minecraft:iron_helmet":1}},"DataVersion":3465}