{"stats":{"minecraft:killed":{"alexsmobs:lobster":194,"born_in_chaos_v1:zombie_lumberjack":8,"born_in_chaos_v1:restless_spirit":7,"born_in_chaos_v1:skeleton_demoman":1,"minecraft:cod":14,"born_in_chaos_v1:siamese_skeletonsright":3,"minecraft:skeleton":26,"alexsmobs:leafcutter_ant":13,"minecraft:chicken":5,"born_in_chaos_v1:skeleton_thrasher":1,"minecraft:tropical_fish":97,"minecraft:parrot":2,"born_in_chaos_v1:bone_imp":1,"minecraft:salmon":6,"alexsmobs:seal":13,"minecraft:pillager":1,"minecraft:zombie":348,"born_in_chaos_v1:corpse_fly":19,"alexsmobs:roadrunner":3,"alexsmobs:seagull":5,"born_in_chaos_v1:firelight":1,"minecraft:horse":4,"born_in_chaos_v1:dire_hound_leader":1,"born_in_chaos_v1:barrel_zombie":1,"born_in_chaos_v1:spirit_guide":1,"alexsmobs:guster":6,"minecraft:husk":15,"minecraft:wandering_trader":1,"born_in_chaos_v1:decrepit_skeleton":11,"alexsmobs:catfish":1,"born_in_chaos_v1:bloody_gadfly":1,"alexsmobs:elephant":1,"minecraft:enderman":3,"born_in_chaos_v1:lifestealer_true_form":1,"born_in_chaos_v1:zombie_clown":2,"minecraft:witch":2,"minecraft:spider":35,"born_in_chaos_v1:scarlet_persecutor":2,"minecraft:turtle":3,"minecraft:piglin_brute":5,"minecraft:piglin":10,"born_in_chaos_v1:bonescaller":1,"minecraft:pig":7,"minecraft:zombie_villager":6,"born_in_chaos_v1:diamond_termite":1,"minecraft:creeper":1,"minecraft:sheep":17,"minecraft:trader_llama":4,"born_in_chaos_v1:zombie_fisherman":4,"born_in_chaos_v1:dread_hound":13,"alexsmobs:fly":1,"born_in_chaos_v1:siamese_skeletonsleft":3,"alexsmobs:jerboa":1,"alexsmobs:tarantula_hawk":2,"alexsmobs:tasmanian_devil":2,"alexsmobs:rattlesnake":3,"born_in_chaos_v1:zombie_bruiser":5,"born_in_chaos_v1:maggot":134,"born_in_chaos_v1:corpse_fish":19,"minecraft:drowned":2,"alexsmobs:flying_fish":2,"born_in_chaos_v1:fallen_chaos_knight":2,"born_in_chaos_v1:baby_skeleton":6,"alexsmobs:skunk":2,"born_in_chaos_v1:spirit_guide_assistant":3,"minecraft:hoglin":3,"minecraft:squid":14},"minecraft:crafted":{"minecraft:smooth_stone":1,"securitycraft:keypad_item":1,"minecraft:bookshelf":3,"minecraft:cooked_mutton":21,"minecraft:glass":24,"minecraft:cooked_porkchop":10,"minecraft:jungle_boat":2,"minecraft:smithing_table":1,"minecraft:copper_ingot":25,"minecraft:wooden_hoe":1,"born_in_chaos_v1:smoked_flesh":502,"minecraft:iron_pickaxe":5,"minecraft:iron_block":3,"minecraft:gold_ingot":71,"minecraft:bone_meal":30,"securitycraft:universal_block_remover":1,"minecraft:stone_pickaxe":6,"twm:wooden_mace":1,"minecraft:spruce_boat":1,"ironchest:gold_chest":2,"minecraft:enchanted_book":1,"minecraft:jungle_slab":12,"minecraft:white_bed":2,"securitycraft:stone_mine":4,"securitycraft:mine":18,"minecraft:oak_planks":52,"minecraft:cooked_chicken":5,"minecraft:stone":181,"minecraft:heavy_weighted_pressure_plate":1,"tombstone:grave_key":1,"minecraft:chest":2,"minecraft:smoker":1,"securitycraft:sand_mine":1,"minecraft:crafting_table":3,"minecraft:birch_planks":8,"ironchest:diamond_chest":3,"minecraft:book":6,"minecraft:paper":12,"minecraft:charcoal":3,"minecraft:stick":76,"minecraft:iron_ingot":89,"minecraft:stone_sword":4,"minecraft:shears":3,"minecraft:furnace":9,"minecraft:glass_pane":16,"born_in_chaos_v1:fried_maggot":5,"giacomos_exp:expseed":6,"minecraft:cooked_cod":1,"alexsmobs:cooked_lobster_tail":77,"minecraft:cooked_salmon":7,"minecraft:mangrove_planks":8,"minecraft:bucket":2,"minecraft:stone_axe":5,"minecraft:air":0,"minecraft:jungle_planks":584,"securitycraft:dirt_mine":4,"minecraft:white_wool":11,"minecraft:raw_gold":36,"twm:copper_pickaxe":1,"minecraft:torch":152,"ironchest:iron_chest":1},"minecraft:used":{"minecraft:polished_blackstone":1,"sophisticatedbackpacks:copper_backpack":3,"minecraft:ladder":5,"minecraft:chest":10,"minecraft:stone":41,"minecraft:rotten_flesh":6,"securitycraft:keypad_item":2,"minecraft:spruce_boat":1,"minecraft:jungle_sapling":7,"born_in_chaos_v1:smoked_flesh":300,"minecraft:furnace":22,"minecraft:cooked_cod":1,"minecraft:egg":1,"minecraft:potato":1,"projectvibrantjourneys:rocks":1,"minecraft:diorite":22,"minecraft:blackstone":62,"minecraft:wooden_pickaxe":134,"securitycraft:keypad_frame":2,"minecraft:jungle_boat":23,"minecraft:sand":120,"giacomos_exp:expseed":7,"securitycraft:universal_block_remover":10,"bunker_down:steel_block":11,"minecraft:zombie_head":1,"born_in_chaos_v1:monster_flesh":2,"minecraft:lectern":100,"securitycraft:mine":2,"alexsmobs:leafcutter_ant_chamber":1,"twm:copper_pickaxe":231,"minecraft:stone_sword":1415,"born_in_chaos_v1:ethereal_spirit":3,"minecraft:cooked_salmon":3,"minecraft:torch":328,"minecraft:shroomlight":1,"minecraft:jungle_log":3,"twm:wooden_mace":974,"born_in_chaos_v1:intoxicating_dagger":1054,"minecraft:basalt":13,"minecraft:iron_trapdoor":2,"securitycraft:dirt_mine":14,"tombstone:gift":9,"minecraft:cobbled_deepslate":248,"minecraft:golden_axe":24,"sophisticatedbackpacks:gold_backpack":3,"securitycraft:stone_mine":5,"minecraft:water_bucket":23,"minecraft:sandstone_stairs":1,"minecraft:birch_planks":5,"securitycraft:reinforced_iron_trapdoor":1,"minecraft:polished_blackstone_bricks":7,"securitycraft:keypad":3,"securitycraft:cobblestone_mine":2,"minecraft:mossy_cobblestone":34,"minecraft:crafting_table":28,"securitycraft:reinforced_jungle_planks":59,"minecraft:white_bed":2,"alexsmobs:leafcutter_ant_pupa":3,"minecraft:spruce_log":3,"alexsmobs:flying_fish":2,"minecraft:iron_pickaxe":2353,"tombstone:magic_scroll":5,"minecraft:cobblestone":417,"minecraft:cooked_porkchop":17,"minecraft:sandstone_slab":1,"minecraft:moss_carpet":2,"minecraft:bell":1,"tombstone:scroll_of_preservation":1,"minecraft:mutton":4,"minecraft:jungle_planks":356,"minecraft:nether_bricks":3,"minecraft:tuff":61,"minecraft:obsidian":1,"alexsmobs:lobster_tail":1,"alexsmobs:cooked_lobster_tail":78,"minecraft:item_frame":2,"minecraft:golden_sword":63,"minecraft:skeleton_skull":3,"minecraft:stone_pickaxe":1025,"minecraft:oak_planks":52,"minecraft:sandstone":3,"minecraft:sugar_cane":2,"minecraft:white_wool":15,"minecraft:shears":96,"sophisticatedbackpacks:backpack":2,"minecraft:lever":4,"minecraft:daylight_detector":1,"minecraft:string":1,"tombstone:grave_key":1,"minecraft:andesite":2,"minecraft:coarse_dirt":4,"minecraft:bone_meal":37,"minecraft:cobweb":4,"minecraft:jungle_leaves":42,"sophisticatedbackpacks:iron_backpack":3,"minecraft:flint_and_steel":1,"minecraft:tropical_fish":79,"tacz:gun_smith_table":3,"minecraft:spruce_planks":3,"minecraft:wooden_shovel":26,"minecraft:stripped_birch_wood":1,"minecraft:cooked_chicken":3,"minecraft:dirt":240,"ironchest:diamond_chest":3,"minecraft:granite":3,"minecraft:wooden_axe":32,"minecraft:bookshelf":1,"minecraft:smooth_sandstone":5,"securitycraft:sand_mine":1,"projectvibrantjourneys:jungle_hollow_log":1,"twm:copper_sword":249,"minecraft:light_gray_bed":10,"minecraft:cooked_mutton":21,"tombstone:scroll_of_knowledge":1,"minecraft:smoker":6,"tombstone:bag_of_seeds":4,"minecraft:wooden_hoe":15,"minecraft:cracked_polished_blackstone_bricks":10,"spartanshields:copper_tower_shield":60,"minecraft:stone_axe":568,"minecraft:bucket":25,"minecraft:yellow_bed":4,"minecraft:smooth_stone":2},"minecraft:custom":{"minecraft:interact_with_crafting_table":186,"minecraft:bell_ring":15,"minecraft:leave_game":17,"minecraft:time_since_death":39329,"minecraft:damage_blocked_by_shield":3525,"minecraft:play_time":1322572,"minecraft:deaths":66,"minecraft:jump":14701,"minecraft:interact_with_furnace":206,"minecraft:traded_with_villager":2,"minecraft:sleep_in_bed":19,"minecraft:damage_dealt":151929,"tombstone:undead_killed":451,"minecraft:interact_with_smoker":99,"minecraft:damage_dealt_absorbed":425,"minecraft:sneak_time":61555,"minecraft:total_world_time":1322572,"minecraft:time_since_rest":39227,"tombstone:cast_on_ally":2,"minecraft:swim_one_cm":511042,"minecraft:fly_one_cm":1861477,"minecraft:open_chest":501,"minecraft:fall_one_cm":327438,"minecraft:sprint_one_cm":1420321,"minecraft:drop":337,"minecraft:talked_to_villager":117,"minecraft:walk_on_water_one_cm":310135,"minecraft:player_kills":3,"minecraft:crouch_one_cm":97952,"minecraft:mob_kills":1140,"minecraft:damage_dealt_resisted":3219,"minecraft:climb_one_cm":297239,"minecraft:walk_one_cm":1590749,"minecraft:walk_under_water_one_cm":378329,"minecraft:boat_one_cm":724370,"spartanshields:shield_bash_hits":2,"minecraft:damage_taken":37276},"minecraft:dropped":{"born_in_chaos_v1:fried_maggot":5,"minecraft:red_mushroom":1,"minecraft:dirt":1,"minecraft:jungle_sapling":1,"minecraft:gold_nugget":27,"minecraft:sand":19,"securitycraft:reinforced_dirt":1,"minecraft:polished_blackstone_slab":1,"minecraft:white_wool":2,"minecraft:bone":2,"minecraft:stone_axe":1,"minecraft:cobbled_deepslate":28,"minecraft:wheat":6,"minecraft:rotten_flesh":37,"born_in_chaos_v1:smoked_flesh":69,"projectvibrantjourneys:sea_oats":1,"minecraft:heavy_weighted_pressure_plate":1,"minecraft:jungle_log":54,"minecraft:ladder":7,"bunker_down:underroot_stage_1":2,"projectvibrantjourneys:cattail":7,"minecraft:enchanted_book":2,"minecraft:iron_ingot":1,"twm:wooden_mace":1,"born_in_chaos_v1:shattered_skull":1,"minecraft:wheat_seeds":8,"minecraft:cobblestone":11,"minecraft:granite":61,"alexsmobs:raw_catfish":3,"minecraft:golden_apple":1,"bunker_down:airlock_iron_door":1,"projectvibrantjourneys:jungle_hollow_log":2,"alexsmobs:cooked_lobster_tail":1,"skilltree:gem":5,"minecraft:smooth_sandstone":44,"minecraft:stone_sword":1,"minecraft:cocoa_beans":7,"born_in_chaos_v1:rotten_fish":4,"minecraft:chicken":1,"securitycraft:reinforced_cobblestone":32,"minecraft:shears":1,"minecraft:potato":6,"minecraft:flower_pot":1,"minecraft:wooden_shovel":1,"minecraft:spider_eye":11,"tacz:ammo":120,"sophisticatedbackpacks:copper_backpack":2,"minecraft:red_sandstone_stairs":12,"minecraft:birch_planks":3,"minecraft:oak_log":2,"minecraft:ender_pearl":1,"minecraft:sandstone_slab":1,"minecraft:jungle_planks":4,"minecraft:iron_horse_armor":1,"tombstone:bag_of_seeds":1,"minecraft:dark_oak_log":1,"minecraft:cooked_cod":8,"projectvibrantjourneys:bark_mushroom":1,"minecraft:smooth_sandstone_stairs":1,"minecraft:carrot":4,"minecraft:sandstone_wall":3,"projectvibrantjourneys:light_brown_bark_mushroom":4,"minecraft:gunpowder":10,"born_in_chaos_v1:corpse_maggot":44,"minecraft:chainmail_boots":1,"minecraft:arrow":2,"alexsmobs:banana":1,"minecraft:mossy_cobblestone":4,"minecraft:poisonous_potato":3,"born_in_chaos_v1:river_mint":4,"minecraft:diorite":4,"minecraft:melon_slice":66,"tombstone:grave_dust":1,"minecraft:bucket":1,"minecraft:redstone":3,"minecraft:kelp":2,"alexsmobs:maggot":2,"minecraft:coarse_dirt":1,"minecraft:tuff":2,"minecraft:raw_iron":23,"minecraft:light_gray_wool":1,"minecraft:andesite":1,"born_in_chaos_v1:intoxicating_dagger":1,"minecraft:spruce_log":27,"minecraft:stone_pickaxe":1,"minecraft:wooden_pickaxe":1,"minecraft:light_blue_terracotta":1,"minecraft:magenta_terracotta":1},"minecraft:mined":{"alexsmobs:leafcutter_anthill":5,"minecraft:chiseled_red_sandstone":1,"minecraft:jungle_leaves":113,"minecraft:granite":73,"minecraft:chiseled_polished_blackstone":3,"minecraft:jungle_log":175,"minecraft:light_gray_bed":11,"tacz:gun_smith_table":3,"minecraft:spawner":30,"minecraft:polished_blackstone_bricks":19,"minecraft:cobbled_deepslate":23,"minecraft:fire":11,"minecraft:deepslate_lapis_ore":22,"minecraft:dirt_path":4,"minecraft:smooth_sandstone_stairs":3,"minecraft:tripwire":1,"minecraft:sandstone_slab":12,"minecraft:smoker":1,"minecraft:torch":19,"projectvibrantjourneys:twigs":5,"minecraft:melon":6,"projectvibrantjourneys:fallen_leaves":5,"minecraft:sugar_cane":6,"minecraft:smooth_sandstone_slab":1,"minecraft:skeleton_skull":9,"minecraft:chain":2,"minecraft:repeater":4,"minecraft:stone_brick_stairs":1,"minecraft:grass":103,"projectvibrantjourneys:short_grass":42,"minecraft:sandstone_wall":10,"minecraft:smooth_basalt":2,"minecraft:deepslate":777,"minecraft:yellow_terracotta":1,"minecraft:mossy_cobblestone":38,"projectvibrantjourneys:rocks":7,"minecraft:nether_bricks":3,"minecraft:jungle_planks":24,"born_in_chaos_v1:black_argillite":1,"minecraft:redstone_wire":26,"alexsmobs:leafcutter_ant_chamber":24,"minecraft:red_sandstone_stairs":4,"minecraft:redstone_ore":10,"minecraft:red_sandstone":30,"projectvibrantjourneys:orange_bark_mushroom":1,"minecraft:andesite":36,"minecraft:potatoes":3,"minecraft:vine":36,"minecraft:rail":5,"bunker_down:steel_block":12,"projectvibrantjourneys:seashells":3,"minecraft:white_wool":8,"minecraft:soul_sand":9,"minecraft:stone_brick_slab":3,"minecraft:observer":3,"minecraft:dandelion":1,"minecraft:smooth_sandstone":100,"projectvibrantjourneys:mossy_rocks":4,"minecraft:campfire":1,"minecraft:copper_ore":11,"minecraft:deepslate_gold_ore":59,"minecraft:diorite":79,"minecraft:coarse_dirt":6,"minecraft:spruce_log":3,"minecraft:birch_leaves":3,"securitycraft:dirt_mine":4,"projectvibrantjourneys:sandy_sprouts":1,"minecraft:zombie_head":1,"minecraft:gravel":20,"minecraft:polished_blackstone":29,"minecraft:gold_ore":11,"minecraft:fern":22,"securitycraft:mine":1,"sophisticatedbackpacks:gold_backpack":1,"minecraft:grass_block":91,"sophisticatedbackpacks:iron_backpack":2,"minecraft:cracked_polished_blackstone_bricks":13,"minecraft:polished_blackstone_brick_slab":1,"minecraft:gilded_blackstone":5,"minecraft:sandstone_stairs":11,"minecraft:glowstone":13,"minecraft:iron_ore":77,"minecraft:iron_bars":5,"minecraft:black_candle":2,"sophisticatedbackpacks:copper_backpack":2,"bunker_down:airlock_iron_door":1,"projectvibrantjourneys:cattail":5,"minecraft:deepslate_redstone_ore":18,"projectvibrantjourneys:sea_oats":2,"minecraft:polished_blackstone_wall":2,"minecraft:blackstone":69,"minecraft:orange_terracotta":1,"minecraft:chest":40,"minecraft:cobblestone":197,"minecraft:oak_planks":9,"minecraft:wall_torch":17,"minecraft:deepslate_copper_ore":7,"minecraft:light_weighted_pressure_plate":5,"minecraft:red_candle":1,"minecraft:lava_cauldron":3,"projectvibrantjourneys:bones":14,"minecraft:oak_log":12,"minecraft:sand":110,"minecraft:dirt":123,"minecraft:dispenser":3,"minecraft:netherrack":20,"minecraft:oak_leaves":75,"minecraft:nether_gold_ore":8,"minecraft:tuff":74,"minecraft:deepslate_diamond_ore":51,"minecraft:blackstone_wall":6,"born_in_chaos_v1:infected_diamond_ore":2,"minecraft:glow_lichen":1,"minecraft:lever":4,"minecraft:ladder":12,"minecraft:sandstone":39,"minecraft:furnace":18,"minecraft:heavy_weighted_pressure_plate":2,"minecraft:carrots":3,"minecraft:raw_gold_block":9,"minecraft:chiseled_sandstone":3,"minecraft:gold_block":9,"minecraft:bell":1,"minecraft:bookshelf":1,"minecraft:deepslate_iron_ore":41,"minecraft:shroomlight":1,"projectvibrantjourneys:jungle_hollow_log":7,"minecraft:stone":790,"sophisticatedbackpacks:backpack":1,"minecraft:basalt":23,"minecraft:crafting_table":9,"projectvibrantjourneys:small_cactus":1,"minecraft:lectern":97,"minecraft:lapis_ore":9,"minecraft:lily_pad":2,"minecraft:polished_blackstone_brick_stairs":1,"minecraft:birch_planks":10,"minecraft:polished_blackstone_slab":4,"minecraft:polished_blackstone_stairs":13,"minecraft:black_wall_banner":4,"minecraft:yellow_bed":4,"minecraft:coal_ore":270,"minecraft:flower_pot":1,"minecraft:crimson_wall_sign":1},"minecraft:picked_up":{"minecraft:chainmail_boots":2,"minecraft:prismarine_shard":3,"minecraft:flower_pot":1,"minecraft:red_sandstone_stairs":24,"minecraft:lead":4,"minecraft:smithing_table":1,"minecraft:enchanted_book":2,"minecraft:polished_blackstone_brick_stairs":1,"minecraft:string":44,"minecraft:cooked_salmon":5,"minecraft:shroomlight":2,"securitycraft:reinforced_dirt":1,"minecraft:gold_nugget":74,"minecraft:cobbled_deepslate":888,"minecraft:enchanted_golden_apple":1,"minecraft:melon_slice":66,"minecraft:mangrove_log":3,"minecraft:crimson_sign":1,"minecraft:golden_helmet":1,"minecraft:polished_blackstone_brick_slab":1,"minecraft:polished_blackstone_stairs":13,"born_in_chaos_v1:shattered_skull":4,"minecraft:sandstone_wall":18,"minecraft:golden_axe":1,"minecraft:cherry_log":2,"minecraft:golden_chestplate":1,"minecraft:cauldron":2,"born_in_chaos_v1:fried_maggot":1,"minecraft:stone_sword":1,"minecraft:light_gray_bed":10,"minecraft:tropical_fish":79,"minecraft:blackstone_wall":4,"projectvibrantjourneys:cattail":7,"alexsmobs:flying_fish":2,"minecraft:iron_bars":5,"alexsmobs:lobster_tail":84,"minecraft:birch_log":1,"minecraft:dune_armor_trim_smithing_template":2,"minecraft:feather":20,"born_in_chaos_v1:spiritual_dust":3,"minecraft:jungle_log":225,"minecraft:smoker":1,"minecraft:flint":5,"minecraft:magenta_terracotta":2,"born_in_chaos_v1:marigolds":6,"securitycraft:reinforced_stone_button":10,"securitycraft:reinforced_iron_trapdoor":1,"minecraft:glowstone_dust":29,"tacz:gun_smith_table":3,"securitycraft:mine":2,"minecraft:chiseled_polished_blackstone":3,"sophisticatedbackpacks:iron_backpack":4,"minecraft:ink_sac":25,"alexsmobs:animal_dictionary":1,"minecraft:bundle":7,"minecraft:dispenser":3,"alexsmobs:guster_eye":2,"minecraft:lever":6,"minecraft:granite":103,"alexsmobs:tarantula_hawk_wing_fragment":2,"minecraft:golden_horse_armor":1,"alexsmobs:maggot":2,"born_in_chaos_v1:rotten_fish":20,"sophisticatedbackpacks:gold_backpack":3,"minecraft:crafting_table":10,"minecraft:coarse_dirt":6,"minecraft:sandstone_slab":10,"minecraft:clay_ball":44,"born_in_chaos_v1:seedof_chaos":2,"securitycraft:reinforced_jungle_planks":62,"minecraft:heavy_weighted_pressure_plate":1,"born_in_chaos_v1:intoxicating_decoction":2,"minecraft:polished_blackstone_wall":1,"born_in_chaos_v1:gnawed_bones":1,"minecraft:jungle_sapling":8,"alexsmobs:cooked_lobster_tail":5,"minecraft:chest":23,"minecraft:egg":2,"minecraft:sandstone":32,"minecraft:stone":68,"securitycraft:reinforced_cobblestone":32,"minecraft:raw_gold_block":8,"minecraft:oak_door":1,"sophisticatedbackpacks:backpack":1,"minecraft:carrot":13,"born_in_chaos_v1:pieceofdarkmetal":12,"minecraft:redstone":145,"minecraft:cooked_cod":8,"minecraft:shears":1,"minecraft:sandstone_stairs":21,"tombstone:essence_of_undeath":1,"minecraft:gold_ingot":3,"sophisticatedbackpacks:copper_backpack":4,"minecraft:polished_blackstone":26,"minecraft:mutton":27,"minecraft:rail":5,"minecraft:white_wool":30,"born_in_chaos_v1:monster_flesh":18,"minecraft:red_mushroom":1,"minecraft:oak_log":19,"minecraft:lily_pad":17,"projectvibrantjourneys:sea_oats":1,"tombstone:gift":1,"minecraft:kelp":12,"mowziesmobs:foliaath_seed":5,"projectvibrantjourneys:small_cactus":1,"born_in_chaos_v1:smoked_flesh":3,"tombstone:bag_of_seeds":3,"minecraft:smooth_basalt":2,"bunker_down:underroot_stage_1":4,"born_in_chaos_v1:ethereal_spirit":14,"minecraft:torchflower_seeds":3,"minecraft:gravel":37,"born_in_chaos_v1:fangofthe_hound_leader":2,"minecraft:spruce_log":1,"minecraft:leather_helmet":1,"minecraft:stone_axe":1,"securitycraft:keypad":3,"minecraft:melon_seeds":3,"minecraft:ender_pearl":3,"minecraft:gilded_blackstone":6,"tombstone:grave_key":1,"minecraft:raw_copper":66,"minecraft:iron_leggings":1,"minecraft:red_candle":3,"minecraft:zombie_head":1,"projectvibrantjourneys:jungle_hollow_log":11,"alexsmobs:banana":3,"minecraft:smooth_stone":1,"minecraft:bucket":2,"minecraft:redstone_torch":3,"born_in_chaos_v1:stimulating_decoction":2,"alexsmobs:leafcutter_ant_chamber":12,"minecraft:furnace":20,"minecraft:stick":23,"born_in_chaos_v1:phantom_powder":2,"minecraft:torch":50,"minecraft:porkchop":20,"tombstone:grave_dust":76,"minecraft:diorite":60,"minecraft:cactus":64,"minecraft:rotten_flesh":738,"minecraft:stripped_birch_wood":3,"minecraft:cod":11,"minecraft:cobblestone":1082,"minecraft:repeater":2,"minecraft:andesite":31,"minecraft:golden_leggings":2,"minecraft:potato":7,"minecraft:tuff":73,"minecraft:smooth_sandstone_stairs":5,"projectvibrantjourneys:rocks":2,"skilltree:gem":106,"minecraft:lapis_lazuli":198,"minecraft:dirt":232,"minecraft:cut_sandstone_slab":3,"born_in_chaos_v1:monster_skin":17,"minecraft:glass":2,"minecraft:bone":122,"minecraft:bow":2,"minecraft:wheat_seeds":32,"minecraft:raw_gold":82,"minecraft:bell":1,"minecraft:bamboo":12,"minecraft:oak_planks":8,"minecraft:cooked_porkchop":1,"securitycraft:dirt_mine":4,"minecraft:poisonous_potato":4,"minecraft:polished_blackstone_slab":5,"minecraft:jungle_planks":27,"minecraft:sand":218,"minecraft:dead_bush":14,"securitycraft:reinforced_stone":8,"minecraft:mossy_cobblestone":38,"minecraft:jungle_leaves":42,"minecraft:light_blue_terracotta":1,"born_in_chaos_v1:fire_dust":2,"minecraft:diamond":47,"minecraft:spruce_boat":1,"minecraft:cracked_polished_blackstone_bricks":12,"minecraft:bone_meal":61,"minecraft:golden_apple":3,"minecraft:emerald":20,"minecraft:oak_sapling":3,"minecraft:netherrack":17,"minecraft:oak_leaves":14,"minecraft:cocoa_beans":16,"minecraft:ladder":12,"minecraft:chicken":6,"born_in_chaos_v1:river_mint":4,"alexsmobs:roadrunner_feather":2,"minecraft:gold_block":8,"minecraft:chain":2,"minecraft:moss_carpet":2,"minecraft:item_frame":1,"minecraft:blackstone":62,"minecraft:observer":3,"minecraft:light_gray_wool":1,"minecraft:lectern":98,"minecraft:sugar_cane":51,"minecraft:raw_iron":118,"projectvibrantjourneys:bark_mushroom":2,"minecraft:copper_ingot":59,"minecraft:polished_blackstone_bricks":18,"alexsmobs:leafcutter_ant_pupa":6,"minecraft:iron_horse_armor":2,"minecraft:smooth_sandstone_slab":1,"minecraft:arrow":30,"minecraft:nether_bricks":3,"minecraft:saddle":3,"minecraft:black_banner":4,"minecraft:skeleton_skull":7,"born_in_chaos_v1:fused_bone":2,"born_in_chaos_v1:corpse_maggot":115,"minecraft:jungle_boat":21,"minecraft:basalt":20,"minecraft:glow_ink_sac":4,"minecraft:salmon":8,"minecraft:leather":13,"minecraft:birch_planks":11,"bunker_down:airlock_iron_door":1,"minecraft:yellow_bed":4,"minecraft:gunpowder":38,"bunker_down:steel_block":15,"minecraft:orange_terracotta":1,"minecraft:smooth_sandstone":78,"born_in_chaos_v1:intoxicating_dagger":2,"minecraft:red_sandstone":13,"minecraft:iron_ingot":71,"minecraft:soul_sand":7,"minecraft:book":35,"projectvibrantjourneys:light_brown_bark_mushroom":6,"minecraft:black_candle":6,"born_in_chaos_v1:lifestealer_bone":4,"minecraft:stone_brick_slab":2,"minecraft:dandelion":1,"minecraft:spider_eye":23,"alexsmobs:raw_catfish":3,"minecraft:iron_helmet":2,"tombstone:magic_scroll":17,"minecraft:coal":569},"minecraft:killed_by":{"minecraft:zombie":1,"born_in_chaos_v1:scarlet_persecutor":1,"minecraft:husk":1,"minecraft:skeleton":3},"minecraft:broken":{"minecraft:iron_chestplate":1,"minecraft:iron_leggings":2,"twm:wooden_mace":5,"minecraft:chainmail_boots":1,"minecraft:golden_sword":2,"twm:copper_sword":1,"minecraft:stone_sword":11,"minecraft:wooden_pickaxe":1,"minecraft:iron_pickaxe":9,"minecraft:iron_helmet":1,"minecraft:golden_helmet":1,"minecraft:stone_pickaxe":6,"twm:copper_pickaxe":1,"minecraft:stone_axe":5,"minecraft:wooden_axe":1,"minecraft:golden_chestplate":1,"minecraft:golden_axe":1}},"DataVersion":3465}