{"stats":{"minecraft:killed_by":{"minecraft:zombie":1,"born_in_chaos_v1:scarlet_persecutor":1,"minecraft:husk":1,"minecraft:skeleton":2},"minecraft:used":{"minecraft:moss_carpet":2,"sophisticatedbackpacks:copper_backpack":2,"minecraft:ladder":5,"minecraft:chest":6,"minecraft:stone":41,"minecraft:rotten_flesh":5,"tombstone:scroll_of_preservation":1,"minecraft:mutton":4,"securitycraft:keypad_item":1,"minecraft:jungle_planks":155,"minecraft:tuff":61,"minecraft:jungle_sapling":2,"born_in_chaos_v1:smoked_flesh":45,"alexsmobs:lobster_tail":1,"alexsmobs:cooked_lobster_tail":78,"minecraft:item_frame":1,"minecraft:furnace":17,"minecraft:cooked_cod":1,"minecraft:potato":1,"minecraft:diorite":13,"minecraft:stone_pickaxe":639,"minecraft:wooden_pickaxe":134,"minecraft:sandstone":3,"securitycraft:keypad_frame":1,"minecraft:jungle_boat":2,"minecraft:white_wool":12,"minecraft:sand":89,"giacomos_exp:expseed":3,"securitycraft:universal_block_remover":1,"minecraft:shears":6,"minecraft:lever":4,"sophisticatedbackpacks:backpack":1,"bunker_down:steel_block":9,"minecraft:daylight_detector":1,"born_in_chaos_v1:monster_flesh":1,"securitycraft:mine":2,"minecraft:andesite":2,"twm:copper_pickaxe":231,"minecraft:bone_meal":5,"minecraft:cobweb":4,"minecraft:stone_sword":1205,"minecraft:tropical_fish":29,"born_in_chaos_v1:ethereal_spirit":3,"minecraft:wooden_shovel":26,"minecraft:stripped_birch_wood":1,"minecraft:cooked_salmon":3,"minecraft:cooked_chicken":3,"minecraft:torch":209,"minecraft:dirt":56,"minecraft:granite":3,"minecraft:wooden_axe":32,"minecraft:smooth_sandstone":5,"twm:wooden_mace":586,"born_in_chaos_v1:intoxicating_dagger":1054,"securitycraft:sand_mine":1,"projectvibrantjourneys:jungle_hollow_log":1,"twm:copper_sword":249,"minecraft:iron_trapdoor":1,"securitycraft:dirt_mine":14,"tombstone:gift":6,"minecraft:cobbled_deepslate":202,"minecraft:light_gray_bed":3,"securitycraft:stone_mine":5,"minecraft:cooked_mutton":21,"minecraft:water_bucket":3,"tombstone:scroll_of_knowledge":1,"minecraft:sandstone_stairs":1,"securitycraft:cobblestone_mine":2,"minecraft:mossy_cobblestone":34,"minecraft:crafting_table":18,"minecraft:white_bed":1,"securitycraft:reinforced_jungle_planks":15,"minecraft:smoker":2,"alexsmobs:flying_fish":2,"tombstone:bag_of_seeds":2,"minecraft:wooden_hoe":4,"minecraft:iron_pickaxe":1450,"tombstone:magic_scroll":1,"spartanshields:copper_tower_shield":20,"minecraft:stone_axe":248,"minecraft:cobblestone":365,"minecraft:cooked_porkchop":10,"minecraft:bucket":4,"minecraft:sandstone_slab":1,"minecraft:smooth_stone":2},"minecraft:killed":{"born_in_chaos_v1:zombie_clown":1,"alexsmobs:lobster":184,"minecraft:witch":1,"born_in_chaos_v1:restless_spirit":5,"born_in_chaos_v1:zombie_lumberjack":7,"minecraft:spider":24,"minecraft:cod":14,"born_in_chaos_v1:siamese_skeletonsright":3,"born_in_chaos_v1:scarlet_persecutor":2,"minecraft:skeleton":11,"minecraft:chicken":5,"minecraft:turtle":3,"minecraft:tropical_fish":93,"minecraft:parrot":2,"minecraft:pig":4,"minecraft:zombie_villager":6,"minecraft:salmon":6,"alexsmobs:seal":13,"minecraft:sheep":16,"born_in_chaos_v1:zombie_fisherman":4,"minecraft:trader_llama":2,"minecraft:pillager":1,"minecraft:zombie":319,"born_in_chaos_v1:dread_hound":12,"born_in_chaos_v1:corpse_fly":15,"alexsmobs:roadrunner":2,"born_in_chaos_v1:siamese_skeletonsleft":3,"alexsmobs:tasmanian_devil":1,"alexsmobs:seagull":5,"alexsmobs:rattlesnake":2,"born_in_chaos_v1:zombie_bruiser":3,"born_in_chaos_v1:maggot":114,"minecraft:horse":4,"born_in_chaos_v1:dire_hound_leader":1,"born_in_chaos_v1:corpse_fish":19,"minecraft:drowned":2,"alexsmobs:flying_fish":2,"born_in_chaos_v1:barrel_zombie":1,"born_in_chaos_v1:fallen_chaos_knight":2,"minecraft:husk":3,"born_in_chaos_v1:baby_skeleton":2,"alexsmobs:skunk":2,"born_in_chaos_v1:spirit_guide_assistant":1,"minecraft:squid":12,"born_in_chaos_v1:decrepit_skeleton":9,"alexsmobs:catfish":1,"alexsmobs:elephant":1,"minecraft:enderman":1},"minecraft:crafted":{"securitycraft:mine":18,"minecraft:smooth_stone":1,"minecraft:oak_planks":8,"minecraft:cooked_chicken":5,"minecraft:stone":53,"minecraft:heavy_weighted_pressure_plate":1,"minecraft:cooked_mutton":21,"minecraft:glass":18,"minecraft:chest":2,"securitycraft:sand_mine":1,"minecraft:cooked_porkchop":10,"minecraft:crafting_table":3,"minecraft:jungle_boat":1,"minecraft:smithing_table":1,"minecraft:copper_ingot":25,"minecraft:birch_planks":8,"minecraft:wooden_hoe":1,"minecraft:stick":40,"born_in_chaos_v1:smoked_flesh":118,"minecraft:iron_ingot":62,"minecraft:iron_pickaxe":1,"minecraft:stone_sword":4,"minecraft:gold_ingot":29,"minecraft:shears":1,"minecraft:furnace":9,"minecraft:glass_pane":16,"securitycraft:universal_block_remover":1,"born_in_chaos_v1:fried_maggot":5,"minecraft:stone_pickaxe":4,"twm:wooden_mace":1,"giacomos_exp:expseed":2,"minecraft:cooked_cod":1,"alexsmobs:cooked_lobster_tail":77,"minecraft:cooked_salmon":7,"minecraft:mangrove_planks":8,"minecraft:bucket":2,"minecraft:stone_axe":3,"minecraft:jungle_planks":316,"minecraft:air":0,"securitycraft:dirt_mine":4,"minecraft:white_bed":1,"securitycraft:stone_mine":4,"twm:copper_pickaxe":1,"minecraft:torch":116},"minecraft:picked_up":{"minecraft:chainmail_boots":1,"minecraft:prismarine_shard":2,"minecraft:flower_pot":1,"minecraft:lead":1,"tombstone:grave_key":1,"minecraft:string":27,"minecraft:raw_copper":34,"alexsmobs:banana":3,"minecraft:cobbled_deepslate":489,"projectvibrantjourneys:jungle_hollow_log":9,"minecraft:gold_nugget":27,"minecraft:smooth_stone":1,"minecraft:bucket":1,"minecraft:enchanted_golden_apple":1,"born_in_chaos_v1:stimulating_decoction":1,"minecraft:melon_slice":28,"minecraft:furnace":13,"minecraft:mangrove_log":3,"minecraft:stick":9,"born_in_chaos_v1:shattered_skull":1,"minecraft:torch":31,"minecraft:porkchop":10,"minecraft:sandstone_wall":3,"minecraft:cherry_log":2,"tombstone:grave_dust":68,"minecraft:diorite":41,"minecraft:stone_sword":1,"minecraft:light_gray_bed":3,"minecraft:rotten_flesh":402,"minecraft:tropical_fish":76,"projectvibrantjourneys:cattail":1,"minecraft:stripped_birch_wood":1,"minecraft:cod":11,"alexsmobs:lobster_tail":81,"alexsmobs:flying_fish":2,"minecraft:cobblestone":754,"minecraft:birch_log":1,"minecraft:feather":10,"minecraft:andesite":13,"minecraft:jungle_log":143,"minecraft:golden_leggings":2,"minecraft:potato":7,"minecraft:flint":1,"minecraft:tuff":71,"minecraft:smooth_sandstone_stairs":1,"skilltree:gem":65,"minecraft:lapis_lazuli":108,"minecraft:dirt":52,"born_in_chaos_v1:monster_skin":10,"securitycraft:reinforced_stone_button":9,"minecraft:bone":59,"minecraft:bow":1,"minecraft:wheat_seeds":18,"minecraft:raw_gold":72,"minecraft:bamboo":6,"securitycraft:mine":2,"securitycraft:dirt_mine":4,"minecraft:poisonous_potato":3,"minecraft:sand":147,"minecraft:jungle_planks":7,"sophisticatedbackpacks:iron_backpack":2,"minecraft:ink_sac":11,"minecraft:mossy_cobblestone":38,"minecraft:bundle":5,"minecraft:light_blue_terracotta":1,"minecraft:diamond":37,"minecraft:lever":4,"minecraft:granite":72,"alexsmobs:tarantula_hawk_wing_fragment":1,"minecraft:bone_meal":27,"minecraft:golden_apple":2,"minecraft:golden_horse_armor":1,"minecraft:emerald":20,"alexsmobs:maggot":2,"born_in_chaos_v1:rotten_fish":14,"sophisticatedbackpacks:gold_backpack":1,"minecraft:cocoa_beans":6,"minecraft:crafting_table":6,"minecraft:sandstone_slab":3,"minecraft:chicken":5,"minecraft:ladder":12,"minecraft:clay_ball":3,"born_in_chaos_v1:seedof_chaos":1,"alexsmobs:roadrunner_feather":1,"minecraft:chain":1,"securitycraft:reinforced_jungle_planks":17,"minecraft:heavy_weighted_pressure_plate":1,"minecraft:moss_carpet":2,"born_in_chaos_v1:gnawed_bones":1,"minecraft:jungle_sapling":3,"minecraft:light_gray_wool":1,"minecraft:chest":5,"alexsmobs:cooked_lobster_tail":5,"minecraft:sugar_cane":10,"minecraft:egg":2,"minecraft:sandstone":3,"minecraft:raw_iron":79,"minecraft:stone":12,"minecraft:oak_door":1,"projectvibrantjourneys:bark_mushroom":1,"born_in_chaos_v1:pieceofdarkmetal":8,"minecraft:carrot":13,"minecraft:redstone":117,"minecraft:iron_horse_armor":2,"minecraft:arrow":15,"minecraft:cooked_cod":8,"minecraft:sandstone_stairs":1,"minecraft:saddle":1,"tombstone:essence_of_undeath":1,"sophisticatedbackpacks:copper_backpack":2,"minecraft:mutton":26,"minecraft:rail":5,"minecraft:skeleton_skull":2,"minecraft:white_wool":18,"born_in_chaos_v1:corpse_maggot":78,"minecraft:jungle_boat":1,"born_in_chaos_v1:monster_flesh":16,"minecraft:glow_ink_sac":4,"minecraft:salmon":8,"minecraft:leather":10,"minecraft:red_mushroom":1,"minecraft:oak_log":6,"minecraft:lily_pad":1,"bunker_down:airlock_iron_door":1,"minecraft:gunpowder":23,"projectvibrantjourneys:sea_oats":1,"bunker_down:steel_block":9,"minecraft:smooth_sandstone":28,"born_in_chaos_v1:intoxicating_dagger":1,"minecraft:kelp":12,"mowziesmobs:foliaath_seed":5,"minecraft:iron_ingot":18,"tombstone:bag_of_seeds":1,"projectvibrantjourneys:light_brown_bark_mushroom":2,"bunker_down:underroot_stage_1":2,"born_in_chaos_v1:ethereal_spirit":7,"minecraft:gravel":11,"born_in_chaos_v1:fangofthe_hound_leader":2,"minecraft:spider_eye":12,"minecraft:leather_helmet":1,"minecraft:iron_helmet":2,"tombstone:magic_scroll":12,"minecraft:melon_seeds":3,"minecraft:coal":405,"minecraft:ender_pearl":1},"minecraft:dropped":{"minecraft:oak_log":2,"born_in_chaos_v1:fried_maggot":5,"minecraft:sandstone_slab":1,"minecraft:iron_horse_armor":1,"minecraft:jungle_planks":4,"minecraft:red_mushroom":1,"minecraft:dirt":1,"tombstone:bag_of_seeds":1,"minecraft:dark_oak_log":1,"minecraft:cooked_cod":8,"minecraft:jungle_sapling":1,"minecraft:gold_nugget":27,"minecraft:sand":19,"minecraft:white_wool":2,"projectvibrantjourneys:bark_mushroom":1,"minecraft:bone":2,"minecraft:smooth_sandstone_stairs":1,"minecraft:rotten_flesh":22,"minecraft:carrot":4,"projectvibrantjourneys:sea_oats":1,"minecraft:sandstone_wall":3,"projectvibrantjourneys:light_brown_bark_mushroom":1,"minecraft:gunpowder":10,"minecraft:heavy_weighted_pressure_plate":1,"minecraft:jungle_log":54,"born_in_chaos_v1:corpse_maggot":12,"minecraft:ladder":7,"bunker_down:underroot_stage_1":2,"minecraft:arrow":2,"projectvibrantjourneys:cattail":1,"alexsmobs:banana":1,"minecraft:iron_ingot":1,"minecraft:wheat_seeds":5,"minecraft:mossy_cobblestone":1,"minecraft:poisonous_potato":3,"minecraft:granite":53,"minecraft:golden_apple":1,"bunker_down:airlock_iron_door":1,"projectvibrantjourneys:jungle_hollow_log":2,"alexsmobs:cooked_lobster_tail":1,"minecraft:melon_slice":28,"minecraft:smooth_sandstone":12,"minecraft:redstone":2,"minecraft:kelp":2,"alexsmobs:maggot":2,"minecraft:stone_sword":1,"minecraft:cocoa_beans":6,"minecraft:tuff":1,"born_in_chaos_v1:rotten_fish":4,"minecraft:light_gray_wool":1,"minecraft:potato":6,"minecraft:flower_pot":1,"minecraft:andesite":1,"minecraft:wooden_shovel":1,"minecraft:spider_eye":6,"sophisticatedbackpacks:copper_backpack":1,"minecraft:wooden_pickaxe":1,"minecraft:light_blue_terracotta":1},"minecraft:custom":{"minecraft:interact_with_crafting_table":112,"minecraft:leave_game":11,"minecraft:time_since_death":21894,"minecraft:sprint_one_cm":923891,"minecraft:damage_blocked_by_shield":1380,"minecraft:drop":110,"minecraft:play_time":686495,"minecraft:deaths":51,"minecraft:jump":8880,"minecraft:walk_on_water_one_cm":236445,"minecraft:interact_with_furnace":143,"minecraft:sleep_in_bed":7,"minecraft:damage_dealt":121523,"minecraft:player_kills":1,"minecraft:crouch_one_cm":57080,"tombstone:undead_killed":377,"minecraft:interact_with_smoker":28,"minecraft:mob_kills":950,"minecraft:damage_dealt_resisted":1300,"minecraft:climb_one_cm":195713,"minecraft:walk_one_cm":922190,"minecraft:damage_dealt_absorbed":360,"minecraft:sneak_time":36871,"minecraft:walk_under_water_one_cm":302799,"minecraft:boat_one_cm":6419,"minecraft:total_world_time":686495,"spartanshields:shield_bash_hits":1,"minecraft:time_since_rest":21482,"minecraft:damage_taken":21313,"tombstone:cast_on_ally":0,"minecraft:swim_one_cm":404956,"minecraft:fly_one_cm":1085470,"minecraft:open_chest":206,"minecraft:fall_one_cm":179378},"minecraft:mined":{"securitycraft:mine":1,"minecraft:chiseled_red_sandstone":1,"minecraft:jungle_leaves":30,"minecraft:granite":61,"minecraft:grass_block":16,"minecraft:jungle_log":90,"minecraft:light_gray_bed":3,"minecraft:sandstone_stairs":7,"minecraft:spawner":10,"minecraft:iron_ore":55,"minecraft:cobbled_deepslate":23,"minecraft:fire":7,"minecraft:deepslate_lapis_ore":10,"minecraft:smooth_sandstone_stairs":2,"sophisticatedbackpacks:copper_backpack":1,"projectvibrantjourneys:cattail":2,"bunker_down:airlock_iron_door":1,"minecraft:sandstone_slab":8,"minecraft:deepslate_redstone_ore":16,"projectvibrantjourneys:sea_oats":1,"minecraft:torch":10,"projectvibrantjourneys:twigs":4,"minecraft:melon":6,"minecraft:chest":10,"minecraft:cobblestone":173,"projectvibrantjourneys:fallen_leaves":3,"minecraft:wall_torch":11,"minecraft:skeleton_skull":2,"minecraft:chain":1,"projectvibrantjourneys:bones":10,"minecraft:grass":72,"minecraft:oak_log":1,"projectvibrantjourneys:short_grass":25,"minecraft:sand":79,"minecraft:dirt":49,"minecraft:sandstone_wall":10,"minecraft:oak_leaves":15,"minecraft:deepslate":479,"minecraft:yellow_terracotta":1,"minecraft:tuff":70,"minecraft:mossy_cobblestone":38,"minecraft:deepslate_diamond_ore":41,"projectvibrantjourneys:rocks":3,"minecraft:lever":4,"minecraft:ladder":12,"minecraft:jungle_planks":4,"minecraft:redstone_wire":16,"minecraft:red_sandstone_stairs":2,"minecraft:sandstone":6,"minecraft:redstone_ore":8,"minecraft:furnace":13,"minecraft:carrots":3,"minecraft:red_sandstone":14,"minecraft:chiseled_sandstone":2,"projectvibrantjourneys:orange_bark_mushroom":1,"minecraft:andesite":33,"minecraft:potatoes":3,"minecraft:deepslate_iron_ore":25,"projectvibrantjourneys:jungle_hollow_log":7,"minecraft:vine":24,"minecraft:rail":5,"bunker_down:steel_block":8,"projectvibrantjourneys:seashells":3,"minecraft:stone":641,"minecraft:white_wool":5,"minecraft:stone_brick_slab":1,"minecraft:smooth_sandstone":59,"minecraft:crafting_table":4,"projectvibrantjourneys:mossy_rocks":2,"minecraft:campfire":1,"minecraft:copper_ore":10,"minecraft:lapis_ore":6,"minecraft:deepslate_gold_ore":52,"minecraft:lily_pad":2,"minecraft:diorite":69,"securitycraft:dirt_mine":4,"minecraft:coal_ore":254,"minecraft:flower_pot":1,"minecraft:gravel":12,"minecraft:gold_ore":8,"minecraft:fern":22},"minecraft:broken":{"twm:wooden_mace":3,"minecraft:chainmail_boots":1,"minecraft:stone_pickaxe":5,"twm:copper_pickaxe":1,"minecraft:stone_axe":3,"minecraft:wooden_axe":1,"twm:copper_sword":1,"minecraft:stone_sword":9,"minecraft:wooden_pickaxe":1,"minecraft:iron_pickaxe":5,"minecraft:iron_helmet":1}},"DataVersion":3465}