{"stats":{"minecraft:killed_by":{"minecraft:zombie":1,"born_in_chaos_v1:scarlet_persecutor":1,"minecraft:husk":1,"minecraft:skeleton":3},"minecraft:used":{"minecraft:moss_carpet":2,"sophisticatedbackpacks:copper_backpack":3,"minecraft:ladder":5,"minecraft:chest":6,"minecraft:stone":41,"minecraft:rotten_flesh":6,"tombstone:scroll_of_preservation":1,"minecraft:mutton":4,"securitycraft:keypad_item":2,"minecraft:jungle_planks":315,"minecraft:tuff":61,"minecraft:spruce_boat":1,"minecraft:jungle_sapling":5,"born_in_chaos_v1:smoked_flesh":234,"alexsmobs:lobster_tail":1,"alexsmobs:cooked_lobster_tail":78,"minecraft:item_frame":2,"minecraft:furnace":21,"minecraft:cooked_cod":1,"minecraft:potato":1,"projectvibrantjourneys:rocks":1,"minecraft:diorite":14,"minecraft:oak_planks":22,"minecraft:stone_pickaxe":918,"minecraft:wooden_pickaxe":134,"securitycraft:keypad_frame":2,"minecraft:sandstone":3,"minecraft:white_wool":12,"minecraft:jungle_boat":2,"minecraft:sand":120,"giacomos_exp:expseed":7,"securitycraft:universal_block_remover":10,"minecraft:shears":90,"minecraft:lever":4,"sophisticatedbackpacks:backpack":2,"bunker_down:steel_block":11,"minecraft:daylight_detector":1,"born_in_chaos_v1:monster_flesh":2,"minecraft:string":1,"securitycraft:mine":2,"minecraft:andesite":2,"twm:copper_pickaxe":231,"minecraft:bone_meal":18,"minecraft:cobweb":4,"minecraft:jungle_leaves":42,"sophisticatedbackpacks:iron_backpack":3,"minecraft:stone_sword":1309,"minecraft:tropical_fish":79,"born_in_chaos_v1:ethereal_spirit":3,"tacz:gun_smith_table":3,"minecraft:wooden_shovel":26,"minecraft:stripped_birch_wood":1,"minecraft:cooked_salmon":3,"minecraft:cooked_chicken":3,"minecraft:torch":318,"minecraft:dirt":62,"ironchest:diamond_chest":2,"minecraft:granite":3,"minecraft:wooden_axe":32,"minecraft:smooth_sandstone":5,"twm:wooden_mace":862,"born_in_chaos_v1:intoxicating_dagger":1054,"projectvibrantjourneys:jungle_hollow_log":1,"securitycraft:sand_mine":1,"twm:copper_sword":249,"minecraft:iron_trapdoor":2,"securitycraft:dirt_mine":14,"tombstone:gift":7,"minecraft:cobbled_deepslate":248,"minecraft:light_gray_bed":8,"sophisticatedbackpacks:gold_backpack":3,"securitycraft:stone_mine":5,"minecraft:cooked_mutton":21,"minecraft:water_bucket":23,"tombstone:scroll_of_knowledge":1,"minecraft:sandstone_stairs":1,"minecraft:birch_planks":5,"securitycraft:reinforced_iron_trapdoor":1,"securitycraft:cobblestone_mine":2,"securitycraft:keypad":3,"minecraft:mossy_cobblestone":34,"minecraft:crafting_table":26,"minecraft:white_bed":2,"securitycraft:reinforced_jungle_planks":59,"minecraft:spruce_log":3,"alexsmobs:leafcutter_ant_pupa":3,"minecraft:smoker":6,"alexsmobs:flying_fish":2,"tombstone:bag_of_seeds":2,"minecraft:wooden_hoe":15,"minecraft:iron_pickaxe":1977,"tombstone:magic_scroll":1,"spartanshields:copper_tower_shield":45,"minecraft:stone_axe":387,"minecraft:cobblestone":370,"minecraft:cooked_porkchop":10,"minecraft:bucket":25,"minecraft:sandstone_slab":1,"minecraft:smooth_stone":2},"minecraft:killed":{"born_in_chaos_v1:lifestealer_true_form":1,"born_in_chaos_v1:zombie_clown":1,"alexsmobs:lobster":184,"minecraft:witch":2,"born_in_chaos_v1:restless_spirit":6,"born_in_chaos_v1:zombie_lumberjack":7,"born_in_chaos_v1:skeleton_demoman":1,"minecraft:spider":31,"minecraft:cod":14,"born_in_chaos_v1:siamese_skeletonsright":3,"born_in_chaos_v1:scarlet_persecutor":2,"minecraft:skeleton":24,"alexsmobs:leafcutter_ant":8,"minecraft:chicken":5,"minecraft:turtle":3,"minecraft:tropical_fish":97,"minecraft:parrot":2,"minecraft:pig":4,"born_in_chaos_v1:diamond_termite":1,"minecraft:zombie_villager":6,"minecraft:salmon":6,"alexsmobs:seal":13,"minecraft:creeper":1,"minecraft:sheep":16,"born_in_chaos_v1:zombie_fisherman":4,"minecraft:trader_llama":2,"minecraft:pillager":1,"minecraft:zombie":341,"born_in_chaos_v1:dread_hound":12,"born_in_chaos_v1:corpse_fly":18,"alexsmobs:roadrunner":3,"alexsmobs:fly":1,"born_in_chaos_v1:siamese_skeletonsleft":3,"alexsmobs:jerboa":1,"alexsmobs:tarantula_hawk":1,"alexsmobs:tasmanian_devil":1,"alexsmobs:seagull":5,"alexsmobs:rattlesnake":3,"born_in_chaos_v1:zombie_bruiser":3,"born_in_chaos_v1:maggot":126,"minecraft:horse":4,"born_in_chaos_v1:dire_hound_leader":1,"minecraft:drowned":2,"born_in_chaos_v1:corpse_fish":19,"alexsmobs:flying_fish":2,"born_in_chaos_v1:barrel_zombie":1,"born_in_chaos_v1:fallen_chaos_knight":2,"born_in_chaos_v1:spirit_guide":1,"minecraft:husk":15,"alexsmobs:guster":6,"born_in_chaos_v1:baby_skeleton":5,"alexsmobs:skunk":2,"born_in_chaos_v1:spirit_guide_assistant":3,"minecraft:squid":13,"born_in_chaos_v1:decrepit_skeleton":10,"alexsmobs:catfish":1,"alexsmobs:elephant":1,"minecraft:enderman":3},"minecraft:crafted":{"minecraft:smooth_stone":1,"securitycraft:mine":18,"minecraft:oak_planks":28,"minecraft:cooked_chicken":5,"minecraft:stone":181,"securitycraft:keypad_item":1,"minecraft:heavy_weighted_pressure_plate":1,"minecraft:cooked_mutton":21,"minecraft:glass":24,"minecraft:chest":2,"minecraft:smoker":1,"securitycraft:sand_mine":1,"minecraft:cooked_porkchop":10,"minecraft:crafting_table":3,"minecraft:jungle_boat":1,"minecraft:smithing_table":1,"minecraft:copper_ingot":25,"minecraft:birch_planks":8,"ironchest:diamond_chest":2,"minecraft:wooden_hoe":1,"minecraft:stick":76,"born_in_chaos_v1:smoked_flesh":413,"minecraft:iron_ingot":89,"minecraft:iron_pickaxe":2,"minecraft:stone_sword":4,"minecraft:gold_ingot":65,"minecraft:shears":3,"minecraft:furnace":9,"minecraft:glass_pane":16,"securitycraft:universal_block_remover":1,"born_in_chaos_v1:fried_maggot":5,"minecraft:stone_pickaxe":6,"minecraft:spruce_boat":1,"twm:wooden_mace":1,"giacomos_exp:expseed":6,"minecraft:cooked_cod":1,"ironchest:gold_chest":2,"alexsmobs:cooked_lobster_tail":77,"minecraft:cooked_salmon":7,"minecraft:mangrove_planks":8,"minecraft:bucket":2,"minecraft:stone_axe":4,"minecraft:air":0,"minecraft:jungle_planks":504,"securitycraft:dirt_mine":4,"minecraft:white_wool":11,"minecraft:white_bed":2,"securitycraft:stone_mine":4,"twm:copper_pickaxe":1,"minecraft:torch":140,"ironchest:iron_chest":1},"minecraft:picked_up":{"minecraft:red_sandstone_stairs":24,"minecraft:chainmail_boots":2,"minecraft:flower_pot":1,"minecraft:prismarine_shard":3,"minecraft:smithing_table":1,"minecraft:lead":2,"minecraft:enchanted_book":2,"tombstone:grave_key":1,"minecraft:string":37,"minecraft:raw_copper":66,"minecraft:cooked_salmon":5,"minecraft:zombie_head":1,"minecraft:shroomlight":1,"securitycraft:reinforced_dirt":1,"minecraft:smooth_stone":1,"minecraft:cobbled_deepslate":888,"projectvibrantjourneys:jungle_hollow_log":11,"minecraft:gold_nugget":32,"alexsmobs:banana":3,"minecraft:bucket":2,"minecraft:redstone_torch":3,"minecraft:enchanted_golden_apple":1,"born_in_chaos_v1:stimulating_decoction":2,"minecraft:melon_slice":66,"alexsmobs:leafcutter_ant_chamber":11,"minecraft:mangrove_log":3,"minecraft:furnace":20,"minecraft:stick":17,"born_in_chaos_v1:shattered_skull":3,"minecraft:torch":50,"minecraft:porkchop":10,"minecraft:sandstone_wall":18,"minecraft:cherry_log":2,"tombstone:grave_dust":75,"minecraft:diorite":52,"born_in_chaos_v1:fried_maggot":1,"minecraft:stone_sword":1,"minecraft:cactus":64,"minecraft:light_gray_bed":9,"minecraft:rotten_flesh":713,"minecraft:tropical_fish":79,"projectvibrantjourneys:cattail":1,"minecraft:stripped_birch_wood":3,"minecraft:cod":11,"alexsmobs:lobster_tail":81,"alexsmobs:flying_fish":2,"minecraft:cobblestone":1010,"minecraft:birch_log":1,"minecraft:dune_armor_trim_smithing_template":2,"minecraft:feather":20,"minecraft:repeater":2,"minecraft:andesite":31,"minecraft:jungle_log":198,"minecraft:golden_leggings":2,"minecraft:smoker":1,"minecraft:potato":7,"minecraft:flint":5,"minecraft:tuff":73,"minecraft:smooth_sandstone_stairs":5,"projectvibrantjourneys:rocks":2,"minecraft:magenta_terracotta":2,"minecraft:cut_sandstone_slab":3,"skilltree:gem":106,"minecraft:lapis_lazuli":198,"minecraft:dirt":54,"born_in_chaos_v1:monster_skin":17,"born_in_chaos_v1:marigolds":6,"securitycraft:reinforced_stone_button":10,"minecraft:bone":106,"minecraft:bow":2,"minecraft:wheat_seeds":26,"minecraft:raw_gold":82,"securitycraft:reinforced_iron_trapdoor":1,"minecraft:glowstone_dust":2,"minecraft:bamboo":12,"tacz:gun_smith_table":3,"minecraft:oak_planks":2,"securitycraft:mine":2,"securitycraft:dirt_mine":4,"minecraft:poisonous_potato":4,"minecraft:sand":199,"minecraft:jungle_planks":19,"minecraft:dead_bush":14,"sophisticatedbackpacks:iron_backpack":4,"minecraft:ink_sac":22,"securitycraft:reinforced_stone":8,"alexsmobs:animal_dictionary":1,"minecraft:mossy_cobblestone":38,"minecraft:jungle_leaves":42,"minecraft:bundle":7,"minecraft:dispenser":3,"alexsmobs:guster_eye":2,"minecraft:light_blue_terracotta":1,"minecraft:diamond":47,"minecraft:spruce_boat":1,"minecraft:lever":6,"minecraft:granite":103,"alexsmobs:tarantula_hawk_wing_fragment":2,"minecraft:bone_meal":61,"minecraft:golden_apple":2,"minecraft:golden_horse_armor":1,"minecraft:emerald":20,"alexsmobs:maggot":2,"minecraft:oak_sapling":1,"born_in_chaos_v1:rotten_fish":20,"minecraft:oak_leaves":14,"sophisticatedbackpacks:gold_backpack":3,"minecraft:cocoa_beans":9,"minecraft:coarse_dirt":2,"minecraft:crafting_table":9,"minecraft:sandstone_slab":10,"minecraft:chicken":6,"minecraft:ladder":12,"minecraft:clay_ball":44,"born_in_chaos_v1:seedof_chaos":2,"alexsmobs:roadrunner_feather":2,"minecraft:chain":1,"securitycraft:reinforced_jungle_planks":62,"minecraft:heavy_weighted_pressure_plate":1,"minecraft:moss_carpet":2,"minecraft:item_frame":1,"born_in_chaos_v1:gnawed_bones":1,"minecraft:observer":3,"minecraft:jungle_sapling":4,"minecraft:light_gray_wool":1,"minecraft:chest":17,"minecraft:sugar_cane":40,"alexsmobs:cooked_lobster_tail":5,"minecraft:egg":2,"minecraft:raw_iron":112,"minecraft:sandstone":32,"minecraft:stone":68,"minecraft:raw_gold_block":4,"minecraft:oak_door":1,"minecraft:copper_ingot":59,"projectvibrantjourneys:bark_mushroom":1,"sophisticatedbackpacks:backpack":1,"born_in_chaos_v1:pieceofdarkmetal":9,"minecraft:carrot":13,"minecraft:redstone":145,"alexsmobs:leafcutter_ant_pupa":3,"minecraft:iron_horse_armor":2,"minecraft:smooth_sandstone_slab":1,"minecraft:arrow":30,"minecraft:cooked_cod":8,"minecraft:shears":1,"minecraft:sandstone_stairs":21,"minecraft:gold_ingot":3,"minecraft:saddle":3,"tombstone:essence_of_undeath":1,"sophisticatedbackpacks:copper_backpack":4,"minecraft:mutton":26,"minecraft:rail":5,"minecraft:skeleton_skull":4,"minecraft:white_wool":26,"born_in_chaos_v1:fused_bone":2,"born_in_chaos_v1:corpse_maggot":109,"minecraft:jungle_boat":1,"born_in_chaos_v1:monster_flesh":17,"minecraft:glow_ink_sac":4,"minecraft:salmon":8,"minecraft:leather":10,"minecraft:red_mushroom":1,"minecraft:birch_planks":11,"minecraft:oak_log":11,"minecraft:lily_pad":1,"bunker_down:airlock_iron_door":1,"minecraft:gunpowder":36,"projectvibrantjourneys:sea_oats":1,"tombstone:gift":1,"bunker_down:steel_block":15,"minecraft:orange_terracotta":1,"minecraft:smooth_sandstone":78,"born_in_chaos_v1:intoxicating_dagger":2,"minecraft:kelp":12,"minecraft:red_sandstone":13,"mowziesmobs:foliaath_seed":5,"projectvibrantjourneys:small_cactus":1,"born_in_chaos_v1:smoked_flesh":3,"minecraft:iron_ingot":31,"tombstone:bag_of_seeds":2,"projectvibrantjourneys:light_brown_bark_mushroom":2,"born_in_chaos_v1:lifestealer_bone":4,"minecraft:stone_brick_slab":2,"bunker_down:underroot_stage_1":4,"born_in_chaos_v1:ethereal_spirit":12,"minecraft:torchflower_seeds":3,"minecraft:gravel":37,"born_in_chaos_v1:fangofthe_hound_leader":2,"minecraft:spruce_log":1,"minecraft:spider_eye":21,"minecraft:leather_helmet":1,"alexsmobs:raw_catfish":3,"minecraft:stone_axe":1,"minecraft:iron_helmet":2,"securitycraft:keypad":3,"tombstone:magic_scroll":16,"minecraft:melon_seeds":3,"minecraft:coal":567,"minecraft:ender_pearl":3},"minecraft:dropped":{"minecraft:birch_planks":3,"minecraft:oak_log":2,"born_in_chaos_v1:fried_maggot":5,"minecraft:ender_pearl":1,"minecraft:sandstone_slab":1,"minecraft:jungle_planks":4,"minecraft:iron_horse_armor":1,"minecraft:red_mushroom":1,"minecraft:dirt":1,"tombstone:bag_of_seeds":1,"minecraft:dark_oak_log":1,"minecraft:cooked_cod":8,"minecraft:jungle_sapling":1,"minecraft:gold_nugget":27,"minecraft:sand":19,"securitycraft:reinforced_dirt":1,"minecraft:white_wool":2,"projectvibrantjourneys:bark_mushroom":1,"minecraft:bone":2,"minecraft:stone_axe":1,"minecraft:cobbled_deepslate":28,"minecraft:wheat":6,"minecraft:smooth_sandstone_stairs":1,"minecraft:rotten_flesh":35,"born_in_chaos_v1:smoked_flesh":69,"minecraft:carrot":4,"projectvibrantjourneys:sea_oats":1,"minecraft:sandstone_wall":3,"projectvibrantjourneys:light_brown_bark_mushroom":1,"minecraft:gunpowder":10,"minecraft:heavy_weighted_pressure_plate":1,"minecraft:jungle_log":54,"born_in_chaos_v1:corpse_maggot":44,"minecraft:chainmail_boots":1,"minecraft:ladder":7,"bunker_down:underroot_stage_1":2,"minecraft:arrow":2,"projectvibrantjourneys:cattail":1,"alexsmobs:banana":1,"minecraft:enchanted_book":2,"minecraft:iron_ingot":1,"twm:wooden_mace":1,"born_in_chaos_v1:shattered_skull":1,"minecraft:wheat_seeds":6,"minecraft:mossy_cobblestone":4,"minecraft:poisonous_potato":3,"minecraft:cobblestone":7,"minecraft:granite":61,"minecraft:golden_apple":1,"alexsmobs:raw_catfish":3,"bunker_down:airlock_iron_door":1,"projectvibrantjourneys:jungle_hollow_log":2,"minecraft:diorite":4,"alexsmobs:cooked_lobster_tail":1,"minecraft:melon_slice":66,"skilltree:gem":5,"tombstone:grave_dust":1,"minecraft:smooth_sandstone":44,"minecraft:bucket":1,"minecraft:redstone":3,"minecraft:kelp":2,"alexsmobs:maggot":2,"minecraft:coarse_dirt":1,"minecraft:stone_sword":1,"minecraft:cocoa_beans":6,"minecraft:tuff":2,"minecraft:raw_iron":23,"born_in_chaos_v1:rotten_fish":4,"minecraft:chicken":1,"minecraft:light_gray_wool":1,"minecraft:shears":1,"minecraft:potato":6,"minecraft:flower_pot":1,"minecraft:andesite":1,"born_in_chaos_v1:intoxicating_dagger":1,"minecraft:wooden_shovel":1,"minecraft:spider_eye":11,"minecraft:spruce_log":27,"sophisticatedbackpacks:copper_backpack":2,"minecraft:stone_pickaxe":1,"minecraft:wooden_pickaxe":1,"minecraft:light_blue_terracotta":1,"minecraft:red_sandstone_stairs":12,"minecraft:magenta_terracotta":1},"minecraft:custom":{"minecraft:interact_with_crafting_table":162,"minecraft:leave_game":14,"minecraft:time_since_death":15804,"minecraft:sprint_one_cm":1254570,"minecraft:damage_blocked_by_shield":2760,"minecraft:drop":317,"minecraft:play_time":984269,"minecraft:deaths":63,"minecraft:jump":12722,"minecraft:walk_on_water_one_cm":292182,"minecraft:interact_with_furnace":189,"minecraft:sleep_in_bed":12,"minecraft:damage_dealt":138387,"minecraft:player_kills":3,"minecraft:crouch_one_cm":84266,"tombstone:undead_killed":433,"minecraft:interact_with_smoker":85,"minecraft:mob_kills":1060,"minecraft:damage_dealt_resisted":1423,"minecraft:climb_one_cm":266446,"minecraft:walk_one_cm":1318642,"minecraft:damage_dealt_absorbed":425,"minecraft:sneak_time":52450,"minecraft:walk_under_water_one_cm":326087,"minecraft:boat_one_cm":95142,"minecraft:total_world_time":984269,"spartanshields:shield_bash_hits":2,"minecraft:time_since_rest":15165,"minecraft:damage_taken":33127,"tombstone:cast_on_ally":2,"minecraft:swim_one_cm":423431,"minecraft:fly_one_cm":1703769,"minecraft:open_chest":335,"minecraft:fall_one_cm":284673},"minecraft:mined":{"securitycraft:mine":1,"minecraft:chiseled_red_sandstone":1,"sophisticatedbackpacks:gold_backpack":1,"alexsmobs:leafcutter_anthill":4,"minecraft:jungle_leaves":102,"minecraft:granite":73,"minecraft:grass_block":16,"sophisticatedbackpacks:iron_backpack":2,"minecraft:light_gray_bed":10,"minecraft:jungle_log":146,"tacz:gun_smith_table":3,"minecraft:spawner":30,"minecraft:sandstone_stairs":11,"minecraft:iron_ore":71,"minecraft:fire":9,"minecraft:cobbled_deepslate":23,"minecraft:deepslate_lapis_ore":22,"minecraft:smooth_sandstone_stairs":3,"sophisticatedbackpacks:copper_backpack":2,"minecraft:tripwire":1,"bunker_down:airlock_iron_door":1,"projectvibrantjourneys:cattail":2,"minecraft:sandstone_slab":12,"minecraft:deepslate_redstone_ore":18,"projectvibrantjourneys:sea_oats":1,"minecraft:smoker":1,"minecraft:orange_terracotta":1,"minecraft:torch":18,"projectvibrantjourneys:twigs":4,"minecraft:melon":6,"minecraft:chest":30,"minecraft:cobblestone":181,"minecraft:oak_planks":2,"minecraft:sugar_cane":1,"projectvibrantjourneys:fallen_leaves":3,"minecraft:smooth_sandstone_slab":1,"minecraft:wall_torch":17,"minecraft:deepslate_copper_ore":7,"minecraft:skeleton_skull":6,"minecraft:repeater":4,"minecraft:light_weighted_pressure_plate":5,"minecraft:chain":1,"projectvibrantjourneys:bones":14,"minecraft:stone_brick_stairs":1,"minecraft:grass":73,"minecraft:oak_log":6,"projectvibrantjourneys:short_grass":29,"minecraft:dirt":53,"minecraft:sand":91,"minecraft:sandstone_wall":10,"minecraft:dispenser":3,"minecraft:oak_leaves":57,"minecraft:deepslate":777,"minecraft:yellow_terracotta":1,"minecraft:tuff":74,"minecraft:mossy_cobblestone":38,"minecraft:deepslate_diamond_ore":51,"projectvibrantjourneys:rocks":7,"born_in_chaos_v1:infected_diamond_ore":2,"minecraft:glow_lichen":1,"minecraft:lever":4,"minecraft:ladder":12,"minecraft:jungle_planks":16,"born_in_chaos_v1:black_argillite":1,"minecraft:redstone_wire":26,"alexsmobs:leafcutter_ant_chamber":19,"minecraft:red_sandstone_stairs":4,"minecraft:sandstone":39,"minecraft:redstone_ore":10,"minecraft:heavy_weighted_pressure_plate":2,"minecraft:carrots":3,"minecraft:furnace":18,"minecraft:raw_gold_block":5,"minecraft:red_sandstone":30,"minecraft:chiseled_sandstone":3,"projectvibrantjourneys:orange_bark_mushroom":1,"minecraft:andesite":36,"minecraft:gold_block":1,"minecraft:shroomlight":1,"minecraft:potatoes":3,"minecraft:vine":33,"projectvibrantjourneys:jungle_hollow_log":7,"minecraft:deepslate_iron_ore":41,"minecraft:rail":5,"bunker_down:steel_block":12,"projectvibrantjourneys:seashells":3,"minecraft:stone":753,"sophisticatedbackpacks:backpack":1,"minecraft:white_wool":5,"minecraft:observer":3,"minecraft:stone_brick_slab":3,"minecraft:smooth_sandstone":100,"minecraft:crafting_table":8,"projectvibrantjourneys:small_cactus":1,"minecraft:campfire":1,"projectvibrantjourneys:mossy_rocks":3,"minecraft:copper_ore":11,"minecraft:deepslate_gold_ore":59,"minecraft:lapis_ore":9,"minecraft:lily_pad":2,"minecraft:diorite":75,"minecraft:birch_planks":10,"minecraft:coarse_dirt":1,"minecraft:spruce_log":3,"securitycraft:dirt_mine":4,"minecraft:coal_ore":270,"minecraft:zombie_head":1,"minecraft:gravel":20,"minecraft:flower_pot":1,"minecraft:gold_ore":11,"minecraft:fern":22},"minecraft:broken":{"minecraft:iron_chestplate":1,"minecraft:iron_leggings":1,"twm:wooden_mace":4,"minecraft:chainmail_boots":1,"minecraft:stone_pickaxe":6,"twm:copper_pickaxe":1,"minecraft:stone_axe":4,"minecraft:wooden_axe":1,"twm:copper_sword":1,"minecraft:stone_sword":9,"minecraft:wooden_pickaxe":1,"minecraft:iron_pickaxe":8,"minecraft:iron_helmet":1}},"DataVersion":3465}