{"stats":{"minecraft:picked_up":{"minecraft:birch_log":18,"minecraft:cocoa_beans":3,"born_in_chaos_v1:corpse_maggot":10,"minecraft:crafting_table":6,"minecraft:wheat":1,"minecraft:sandstone_slab":2,"minecraft:chicken":1,"born_in_chaos_v1:monster_flesh":1,"minecraft:golden_carrot":1,"minecraft:andesite":10,"minecraft:leather":1,"minecraft:wooden_pickaxe":1,"minecraft:oak_log":65,"projectvibrantjourneys:sea_oats":43,"skilltree:gem":1,"minecraft:string":6,"minecraft:dirt":6,"minecraft:wooden_sword":1,"born_in_chaos_v1:monster_skin":1,"minecraft:smooth_sandstone":6,"minecraft:bone":8,"alexsmobs:cockroach_wing_fragment":1,"minecraft:bow":1,"minecraft:red_sandstone":2,"minecraft:wheat_seeds":12,"projectvibrantjourneys:sandstone_rocks":1,"minecraft:beef":4,"born_in_chaos_v1:chipped_black_argillite_brick":1,"minecraft:oak_boat":1,"minecraft:spruce_trapdoor":2,"minecraft:chest":1,"minecraft:birch_sapling":2,"minecraft:oak_planks":36,"minecraft:furnace":1,"projectvibrantjourneys:light_brown_bark_mushroom":4,"minecraft:stick":3,"minecraft:sandstone":5,"minecraft:torch":10,"tombstone:grave_dust":4,"projectvibrantjourneys:beach_grass":1,"minecraft:diorite":3,"minecraft:white_bed":1,"minecraft:spider_eye":10,"minecraft:rotten_flesh":75,"minecraft:arrow":6,"projectvibrantjourneys:seashells":5,"minecraft:light_gray_bed":2,"born_in_chaos_v1:sea_terror_eye":2,"projectvibrantjourneys:cattail":1,"minecraft:oak_sapling":1,"born_in_chaos_v1:rotten_fish":8,"born_in_chaos_v1:sea_terror_stomach":3,"minecraft:coal":9,"minecraft:cobblestone":92},"minecraft:dropped":{"minecraft:wheat_seeds":12,"minecraft:cocoa_beans":3,"born_in_chaos_v1:rotten_fish":6,"minecraft:wheat":1,"minecraft:birch_sapling":2,"born_in_chaos_v1:sea_terror_stomach":4,"minecraft:cobblestone":4,"minecraft:rotten_flesh":168,"projectvibrantjourneys:sandstone_rocks":1,"projectvibrantjourneys:sea_oats":43,"projectvibrantjourneys:light_brown_bark_mushroom":4,"born_in_chaos_v1:corpse_maggot":2,"minecraft:wooden_axe":1,"minecraft:oak_sapling":1,"minecraft:spider_eye":32,"projectvibrantjourneys:seashells":2,"minecraft:wooden_sword":2,"minecraft:wooden_pickaxe":2},"minecraft:used":{"minecraft:diorite":3,"minecraft:stone_sword":260,"minecraft:stone_pickaxe":89,"minecraft:oak_planks":56,"minecraft:chest":1,"minecraft:wooden_pickaxe":50,"minecraft:sandstone":5,"minecraft:sandstone_wall":1,"minecraft:cooked_chicken":1,"minecraft:torch":10,"minecraft:dirt":6,"minecraft:crafting_table":7,"minecraft:white_bed":1,"projectvibrantjourneys:seashells":3,"projectvibrantjourneys:beach_grass":1,"minecraft:oak_log":14,"born_in_chaos_v1:corpse_maggot":7,"born_in_chaos_v1:sea_terror_eye":2,"minecraft:wooden_axe":110,"born_in_chaos_v1:chipped_black_argillite_brick":1,"minecraft:red_sandstone":3,"born_in_chaos_v1:monster_flesh":1,"minecraft:smooth_sandstone":4,"minecraft:spruce_trapdoor":2,"minecraft:stone_axe":70,"minecraft:wooden_sword":32,"minecraft:bow":35,"minecraft:golden_carrot":1,"born_in_chaos_v1:rotten_fish":2,"minecraft:furnace":2,"projectvibrantjourneys:cattail":1,"minecraft:sandstone_slab":2,"minecraft:andesite":10,"tombstone:gift":4,"minecraft:oak_boat":3,"alexsmobs:animal_dictionary":2,"minecraft:cooked_beef":4,"minecraft:light_gray_bed":2},"minecraft:killed":{"minecraft:husk":31,"born_in_chaos_v1:glutton_fish":1,"minecraft:spider":20,"born_in_chaos_v1:maggot":9,"minecraft:skeleton":20,"alexsmobs:cockroach":1,"born_in_chaos_v1:dread_hound":1,"minecraft:chicken":1,"born_in_chaos_v1:corpse_fly":2,"minecraft:cow":3},"minecraft:broken":{"minecraft:stone_sword":2,"minecraft:wooden_axe":1},"minecraft:custom":{"minecraft:interact_with_furnace":7,"minecraft:mob_kills":99,"minecraft:interact_with_crafting_table":15,"minecraft:leave_game":3,"minecraft:time_since_death":2173,"minecraft:climb_one_cm":5181,"minecraft:sleep_in_bed":1,"minecraft:time_since_rest":1959,"minecraft:sprint_one_cm":109042,"minecraft:damage_taken":4780,"minecraft:walk_one_cm":264844,"minecraft:drop":40,"minecraft:damage_dealt":12974,"minecraft:talked_to_villager":1,"minecraft:swim_one_cm":22969,"minecraft:fly_one_cm":163366,"tombstone:undead_killed":51,"minecraft:open_chest":4,"minecraft:crouch_one_cm":2012,"minecraft:play_time":95257,"minecraft:deaths":12,"minecraft:sneak_time":2403,"minecraft:walk_under_water_one_cm":1043,"minecraft:boat_one_cm":60930,"minecraft:jump":952,"minecraft:walk_on_water_one_cm":11268,"minecraft:total_world_time":95257,"minecraft:fall_one_cm":13405},"minecraft:mined":{"projectvibrantjourneys:cattail":2,"minecraft:sandstone_slab":2,"minecraft:white_bed":1,"projectvibrantjourneys:sea_oats":45,"minecraft:spruce_trapdoor":2,"minecraft:smooth_sandstone":6,"minecraft:crafting_table":6,"minecraft:torch":2,"projectvibrantjourneys:twigs":1,"minecraft:grass_block":3,"minecraft:chest":1,"minecraft:light_gray_bed":2,"projectvibrantjourneys:natural_cobweb":3,"minecraft:oak_planks":41,"minecraft:sandstone":5,"minecraft:diorite":3,"minecraft:wall_torch":7,"minecraft:spawner":4,"minecraft:furnace":1,"minecraft:red_sandstone":3,"minecraft:birch_log":18,"minecraft:wheat":2,"minecraft:andesite":10,"minecraft:birch_leaves":2,"minecraft:grass":1,"projectvibrantjourneys:beach_grass":1,"minecraft:oak_log":65,"minecraft:coal_ore":9,"projectvibrantjourneys:short_grass":3,"minecraft:dirt":3,"minecraft:sandstone_wall":1,"projectvibrantjourneys:seashells":1,"minecraft:stone":92,"minecraft:oak_leaves":11},"minecraft:crafted":{"minecraft:cooked_beef":2,"minecraft:oak_planks":188,"minecraft:cooked_chicken":0,"minecraft:air":0}},"DataVersion":3465}