{"stats":{"minecraft:killed_by":{"minecraft:player":1,"alexsmobs:capuchin_monkey":1,"minecraft:skeleton":1},"minecraft:used":{"minecraft:stone_sword":111,"born_in_chaos_v1:black_argillite":2,"minecraft:cooked_chicken":10,"minecraft:torch":39,"minecraft:dirt":4,"minecraft:mutton":1,"minecraft:carrot":4,"minecraft:granite":14,"born_in_chaos_v1:corpse_maggot":5,"tombstone:tablet_of_cupidity":1,"alexsmobs:cooked_lobster_tail":1,"minecraft:smooth_sandstone":1,"minecraft:smooth_basalt":1,"minecraft:furnace":3,"projectvibrantjourneys:cattail":1,"tombstone:gift":5,"minecraft:cobbled_deepslate":27,"minecraft:light_gray_bed":11,"minecraft:cooked_mutton":3,"minecraft:diorite":2,"minecraft:sandstone_stairs":1,"minecraft:stone_pickaxe":122,"minecraft:wooden_pickaxe":13,"minecraft:golden_apple":1,"projectvibrantjourneys:sea_oats":1,"minecraft:sand":43,"minecraft:crafting_table":5,"minecraft:spider_eye":1,"minecraft:white_bed":2,"alexsmobs:flying_fish":2,"born_in_chaos_v1:monster_flesh":1,"minecraft:bread":1,"minecraft:melon_slice":21,"minecraft:stone_axe":109,"minecraft:cobblestone":82,"born_in_chaos_v1:rotten_fish":1,"minecraft:porkchop":2,"minecraft:cooked_porkchop":5,"projectvibrantjourneys:small_cactus":1,"minecraft:andesite":17},"minecraft:killed":{"alexsmobs:lobster":3,"minecraft:cave_spider":1,"born_in_chaos_v1:zombie_lumberjack":1,"born_in_chaos_v1:restless_spirit":1,"born_in_chaos_v1:maggot":3,"minecraft:skeleton":6,"minecraft:chicken":12,"alexsmobs:capuchin_monkey":2,"born_in_chaos_v1:skeleton_thrasher":1,"born_in_chaos_v1:corpse_fish":4,"minecraft:drowned":6,"alexsmobs:flying_fish":2,"minecraft:husk":1,"minecraft:pig":4,"born_in_chaos_v1:baby_skeleton":1,"minecraft:sheep":4,"born_in_chaos_v1:phantom_creeper_copy":1,"minecraft:zombie":5,"born_in_chaos_v1:corpse_fly":5,"alexsmobs:roadrunner":1,"minecraft:enderman":1},"minecraft:crafted":{"minecraft:oak_planks":4,"minecraft:cooked_chicken":12,"minecraft:cooked_mutton":5,"minecraft:cooked_porkchop":5,"alexsmobs:cooked_lobster_tail":0,"minecraft:crafting_table":1,"minecraft:mangrove_planks":4,"minecraft:air":0,"minecraft:jungle_planks":20,"minecraft:stick":31,"minecraft:iron_ingot":4,"minecraft:stone_sword":1,"minecraft:white_bed":1,"minecraft:torch":100},"minecraft:picked_up":{"minecraft:cocoa_beans":6,"minecraft:crafting_table":4,"minecraft:sandstone_slab":2,"minecraft:chicken":12,"minecraft:wooden_pickaxe":3,"minecraft:shield":1,"born_in_chaos_v1:black_argillite":2,"minecraft:cobbled_deepslate":27,"minecraft:light_gray_wool":1,"minecraft:melon_slice":17,"minecraft:sugar_cane":18,"minecraft:chest":1,"minecraft:furnace":2,"minecraft:egg":2,"minecraft:mangrove_log":1,"minecraft:stick":7,"minecraft:raw_iron":4,"minecraft:sandstone":1,"born_in_chaos_v1:shattered_skull":1,"minecraft:copper_ingot":2,"projectvibrantjourneys:bark_mushroom":1,"born_in_chaos_v1:phantom_powder":2,"minecraft:torch":14,"minecraft:porkchop":7,"tombstone:grave_dust":2,"minecraft:diorite":2,"minecraft:dark_oak_planks":3,"minecraft:rotten_flesh":13,"minecraft:arrow":6,"born_in_chaos_v1:fried_maggot":4,"minecraft:cactus":1,"minecraft:light_gray_bed":11,"minecraft:sandstone_stairs":2,"projectvibrantjourneys:cattail":1,"sophisticatedbackpacks:copper_backpack":1,"minecraft:mutton":6,"minecraft:iron_bars":1,"alexsmobs:lobster_tail":1,"alexsmobs:flying_fish":2,"minecraft:white_wool":3,"minecraft:cobblestone":105,"born_in_chaos_v1:corpse_maggot":46,"minecraft:feather":17,"born_in_chaos_v1:monster_flesh":1,"minecraft:andesite":17,"minecraft:jungle_log":6,"minecraft:oak_log":1,"minecraft:lily_pad":1,"minecraft:gunpowder":1,"minecraft:lapis_lazuli":35,"skilltree:gem":13,"projectvibrantjourneys:sea_oats":1,"minecraft:dirt":5,"tombstone:gift":1,"minecraft:cooked_mutton":3,"minecraft:smooth_sandstone":1,"minecraft:bone":17,"minecraft:bow":1,"minecraft:wheat_seeds":6,"projectvibrantjourneys:small_cactus":1,"minecraft:iron_ingot":1,"minecraft:bamboo":6,"minecraft:smooth_basalt":1,"minecraft:sand":62,"minecraft:white_bed":1,"minecraft:spider_eye":1,"minecraft:slime_ball":1,"minecraft:granite":14,"minecraft:bone_meal":3,"born_in_chaos_v1:rotten_fish":1,"minecraft:coal":125},"minecraft:dropped":{"minecraft:wheat_seeds":6,"born_in_chaos_v1:fried_maggot":4,"minecraft:sandstone_stairs":2,"minecraft:sandstone_slab":2,"minecraft:cobblestone":1,"minecraft:jungle_planks":1,"minecraft:copper_ingot":1,"minecraft:stick":5,"minecraft:dirt":1,"skilltree:gem":1,"minecraft:sand":19,"minecraft:cactus":1,"minecraft:lily_pad":1,"projectvibrantjourneys:bark_mushroom":1,"minecraft:bone":1,"minecraft:cooked_chicken":2,"minecraft:cocoa_beans":6,"tombstone:gift":1,"minecraft:rotten_flesh":13,"minecraft:light_gray_wool":1,"minecraft:cooked_mutton":5,"minecraft:shield":1,"born_in_chaos_v1:corpse_maggot":70,"minecraft:slime_ball":1,"minecraft:sandstone":1,"minecraft:wooden_pickaxe":3,"minecraft:egg":2},"minecraft:custom":{"minecraft:mob_kills":65,"minecraft:interact_with_crafting_table":17,"minecraft:damage_dealt_resisted":20,"minecraft:leave_game":5,"minecraft:time_since_death":8776,"minecraft:climb_one_cm":44603,"minecraft:sprint_one_cm":311984,"minecraft:walk_one_cm":274959,"minecraft:drop":50,"minecraft:play_time":179412,"minecraft:deaths":14,"minecraft:sneak_time":3475,"minecraft:walk_under_water_one_cm":30778,"minecraft:jump":1762,"minecraft:walk_on_water_one_cm":58057,"minecraft:total_world_time":179412,"minecraft:interact_with_furnace":17,"minecraft:sleep_in_bed":15,"minecraft:time_since_rest":6377,"minecraft:damage_taken":5652,"minecraft:damage_absorbed":40,"minecraft:damage_dealt":9386,"minecraft:swim_one_cm":79889,"minecraft:fly_one_cm":254890,"minecraft:open_chest":13,"minecraft:crouch_one_cm":8634,"tombstone:undead_killed":21,"minecraft:fall_one_cm":25882},"minecraft:mined":{"minecraft:dark_oak_planks":3,"minecraft:white_bed":1,"minecraft:jungle_leaves":2,"projectvibrantjourneys:rocks":2,"minecraft:granite":14,"minecraft:grass_block":3,"born_in_chaos_v1:black_argillite":2,"minecraft:jungle_log":6,"minecraft:light_gray_bed":10,"projectvibrantjourneys:sandstone_rocks":1,"minecraft:sandstone_stairs":3,"minecraft:spawner":1,"minecraft:furnace":2,"minecraft:iron_ore":4,"minecraft:andesite":17,"minecraft:vine":10,"minecraft:iron_bars":1,"minecraft:stone":104,"projectvibrantjourneys:cattail":1,"minecraft:sandstone_slab":2,"projectvibrantjourneys:sea_oats":1,"minecraft:smooth_sandstone":2,"minecraft:crafting_table":4,"minecraft:torch":12,"projectvibrantjourneys:small_cactus":1,"projectvibrantjourneys:twigs":1,"minecraft:melon":3,"minecraft:chest":1,"minecraft:dead_bush":2,"projectvibrantjourneys:mossy_rocks":1,"minecraft:cobblestone":1,"minecraft:lapis_ore":6,"minecraft:lily_pad":2,"projectvibrantjourneys:fallen_leaves":1,"minecraft:diorite":2,"minecraft:wall_torch":2,"projectvibrantjourneys:bones":3,"minecraft:grass":7,"minecraft:coal_ore":70,"projectvibrantjourneys:short_grass":2,"minecraft:sand":16,"minecraft:dirt":1,"minecraft:smooth_basalt":1,"minecraft:oak_leaves":5,"minecraft:deepslate":27,"minecraft:fern":2},"minecraft:broken":{"minecraft:stone_pickaxe":1,"minecraft:stone_axe":1}},"DataVersion":3465}