{"stats":{"minecraft:killed_by":{"minecraft:player":1,"alexsmobs:capuchin_monkey":1},"minecraft:used":{"minecraft:cooked_mutton":3,"minecraft:diorite":2,"minecraft:stone_sword":95,"minecraft:stone_pickaxe":93,"minecraft:wooden_pickaxe":13,"minecraft:cooked_chicken":6,"projectvibrantjourneys:sea_oats":1,"minecraft:sand":6,"minecraft:dirt":4,"minecraft:mutton":1,"minecraft:crafting_table":3,"alexsmobs:flying_fish":2,"minecraft:melon_slice":17,"alexsmobs:cooked_lobster_tail":1,"minecraft:stone_axe":74,"minecraft:cobblestone":26,"minecraft:furnace":2,"projectvibrantjourneys:cattail":1,"minecraft:porkchop":2,"minecraft:cooked_porkchop":5,"projectvibrantjourneys:small_cactus":1,"minecraft:andesite":4,"tombstone:gift":5,"minecraft:light_gray_bed":9},"minecraft:killed":{"minecraft:husk":1,"alexsmobs:lobster":3,"minecraft:pig":4,"born_in_chaos_v1:restless_spirit":1,"born_in_chaos_v1:zombie_lumberjack":1,"born_in_chaos_v1:baby_skeleton":1,"born_in_chaos_v1:maggot":3,"minecraft:skeleton":3,"minecraft:sheep":4,"minecraft:zombie":5,"born_in_chaos_v1:corpse_fly":2,"minecraft:chicken":12,"alexsmobs:capuchin_monkey":2,"born_in_chaos_v1:skeleton_thrasher":1,"alexsmobs:roadrunner":1,"minecraft:drowned":6,"alexsmobs:flying_fish":2,"minecraft:enderman":1},"minecraft:crafted":{"minecraft:oak_planks":4,"minecraft:cooked_porkchop":5,"alexsmobs:cooked_lobster_tail":0,"minecraft:crafting_table":1,"minecraft:cooked_chicken":12,"minecraft:mangrove_planks":4,"minecraft:jungle_planks":20,"minecraft:cooked_mutton":5,"minecraft:air":0,"minecraft:stick":31,"minecraft:iron_ingot":4,"minecraft:stone_sword":1},"minecraft:picked_up":{"born_in_chaos_v1:corpse_maggot":9,"minecraft:cocoa_beans":6,"minecraft:crafting_table":3,"minecraft:sandstone_slab":2,"minecraft:feather":17,"minecraft:chicken":12,"minecraft:andesite":4,"minecraft:jungle_log":6,"minecraft:wooden_pickaxe":3,"minecraft:oak_log":1,"minecraft:shield":1,"minecraft:gunpowder":1,"projectvibrantjourneys:sea_oats":1,"skilltree:gem":13,"minecraft:dirt":5,"tombstone:gift":1,"minecraft:cooked_mutton":3,"minecraft:bone":13,"minecraft:wheat_seeds":6,"projectvibrantjourneys:small_cactus":1,"minecraft:iron_ingot":1,"minecraft:light_gray_wool":1,"minecraft:bamboo":6,"minecraft:melon_slice":17,"minecraft:sugar_cane":18,"minecraft:mangrove_log":1,"minecraft:furnace":2,"minecraft:egg":2,"minecraft:stick":6,"minecraft:raw_iron":4,"born_in_chaos_v1:shattered_skull":1,"minecraft:copper_ingot":2,"projectvibrantjourneys:bark_mushroom":1,"minecraft:porkchop":7,"minecraft:sand":6,"tombstone:grave_dust":2,"minecraft:diorite":2,"born_in_chaos_v1:fried_maggot":4,"minecraft:arrow":3,"minecraft:light_gray_bed":9,"minecraft:rotten_flesh":12,"minecraft:slime_ball":1,"minecraft:sandstone_stairs":1,"projectvibrantjourneys:cattail":1,"minecraft:mutton":6,"minecraft:coal":125,"alexsmobs:lobster_tail":1,"alexsmobs:flying_fish":2,"minecraft:white_wool":3,"minecraft:cobblestone":46},"minecraft:dropped":{"minecraft:wheat_seeds":6,"minecraft:cooked_chicken":2,"born_in_chaos_v1:fried_maggot":4,"minecraft:cocoa_beans":6,"minecraft:sandstone_stairs":2,"minecraft:sandstone_slab":2,"tombstone:gift":1,"minecraft:cobblestone":1,"minecraft:rotten_flesh":12,"minecraft:light_gray_wool":1,"minecraft:jungle_planks":1,"minecraft:cooked_mutton":5,"minecraft:stick":5,"minecraft:dirt":1,"minecraft:shield":1,"born_in_chaos_v1:corpse_maggot":1,"skilltree:gem":1,"minecraft:wooden_pickaxe":3,"projectvibrantjourneys:bark_mushroom":1,"minecraft:egg":2},"minecraft:custom":{"minecraft:interact_with_furnace":16,"minecraft:mob_kills":53,"minecraft:interact_with_crafting_table":14,"minecraft:leave_game":2,"minecraft:time_since_death":2442,"minecraft:climb_one_cm":31092,"minecraft:sleep_in_bed":13,"minecraft:time_since_rest":2023,"minecraft:sprint_one_cm":187335,"minecraft:damage_taken":4000,"minecraft:walk_one_cm":169771,"minecraft:drop":38,"minecraft:damage_dealt":7382,"minecraft:swim_one_cm":26671,"minecraft:fly_one_cm":157555,"minecraft:open_chest":2,"minecraft:play_time":129139,"minecraft:crouch_one_cm":5225,"minecraft:sneak_time":2385,"tombstone:undead_killed":18,"minecraft:deaths":10,"minecraft:walk_under_water_one_cm":28647,"minecraft:jump":1106,"minecraft:walk_on_water_one_cm":48960,"minecraft:total_world_time":129139,"minecraft:fall_one_cm":14992},"minecraft:mined":{"projectvibrantjourneys:cattail":1,"minecraft:sandstone_slab":2,"projectvibrantjourneys:sea_oats":1,"minecraft:jungle_leaves":1,"projectvibrantjourneys:rocks":2,"minecraft:smooth_sandstone":1,"minecraft:crafting_table":3,"projectvibrantjourneys:small_cactus":1,"projectvibrantjourneys:twigs":1,"minecraft:grass_block":3,"minecraft:melon":3,"minecraft:jungle_log":6,"minecraft:dead_bush":1,"minecraft:light_gray_bed":8,"projectvibrantjourneys:mossy_rocks":1,"minecraft:lily_pad":1,"projectvibrantjourneys:fallen_leaves":1,"minecraft:diorite":2,"minecraft:spawner":1,"minecraft:sandstone_stairs":2,"minecraft:furnace":2,"minecraft:iron_ore":4,"projectvibrantjourneys:bones":3,"minecraft:andesite":4,"minecraft:grass":7,"minecraft:vine":9,"minecraft:coal_ore":70,"projectvibrantjourneys:short_grass":2,"minecraft:sand":6,"minecraft:dirt":1,"minecraft:stone":46,"minecraft:oak_leaves":5,"minecraft:fern":2},"minecraft:broken":{"minecraft:stone_axe":1}},"DataVersion":3465}