{"stats":{"minecraft:broken":{"minecraft:wooden_pickaxe":1},"minecraft:dropped":{"minecraft:dirt":1,"minecraft:jungle_log":1},"minecraft:custom":{"minecraft:mob_kills":5,"minecraft:interact_with_crafting_table":8,"minecraft:leave_game":1,"minecraft:time_since_death":19117,"minecraft:sleep_in_bed":2,"minecraft:climb_one_cm":19207,"minecraft:time_since_rest":2389,"minecraft:sprint_one_cm":75261,"minecraft:damage_taken":1033,"minecraft:walk_one_cm":59442,"minecraft:drop":2,"minecraft:damage_dealt":822,"minecraft:swim_one_cm":40482,"minecraft:fly_one_cm":66657,"minecraft:play_time":52176,"tombstone:undead_killed":2,"minecraft:deaths":2,"minecraft:walk_under_water_one_cm":10136,"minecraft:jump":589,"minecraft:walk_on_water_one_cm":9999,"minecraft:total_world_time":52176,"minecraft:fall_one_cm":16689},"minecraft:picked_up":{"minecraft:cocoa_beans":6,"minecraft:crafting_table":5,"born_in_chaos_v1:monster_flesh":1,"minecraft:prismarine_shard":1,"minecraft:jungle_log":6,"minecraft:andesite":26,"minecraft:flint":3,"minecraft:oak_log":41,"projectvibrantjourneys:sea_oats":3,"skilltree:gem":5,"minecraft:dirt":13,"born_in_chaos_v1:monster_skin":1,"minecraft:bone":3,"minecraft:apple":1,"minecraft:melon_slice":67,"projectvibrantjourneys:light_brown_bark_mushroom":1,"minecraft:stick":2,"minecraft:raw_iron":18,"minecraft:sandstone":32,"minecraft:oak_door":6,"projectvibrantjourneys:bones":1,"minecraft:gravel":13,"minecraft:porkchop":2,"minecraft:sand":61,"minecraft:diorite":11,"minecraft:light_gray_bed":3,"minecraft:rotten_flesh":4,"minecraft:granite":8,"minecraft:oak_sapling":1,"minecraft:coal":8,"minecraft:cobblestone":256},"minecraft:used":{"minecraft:stone_pickaxe":45,"minecraft:oak_planks":1,"minecraft:wooden_pickaxe":65,"minecraft:sandstone":30,"minecraft:oak_door":7,"minecraft:torch":1,"minecraft:dirt":4,"minecraft:sand":33,"minecraft:crafting_table":7,"minecraft:granite":4,"minecraft:wooden_axe":61,"minecraft:melon_slice":31,"minecraft:gravel":13,"minecraft:stone_axe":26,"minecraft:cobblestone":41,"tombstone:gift":2,"alexsmobs:animal_dictionary":3,"minecraft:light_gray_bed":2},"minecraft:crafted":{"minecraft:oak_door":6,"minecraft:oak_planks":124,"minecraft:crafting_table":3,"minecraft:wooden_pickaxe":2,"minecraft:jungle_planks":20,"minecraft:stick":16,"minecraft:stone_pickaxe":1,"minecraft:wooden_axe":2},"minecraft:killed":{"minecraft:pig":1,"alexsmobs:cockroach":1,"minecraft:zombie":2,"born_in_chaos_v1:dread_hound":1},"minecraft:mined":{"projectvibrantjourneys:sea_oats":3,"minecraft:oak_door":4,"projectvibrantjourneys:rocks":2,"minecraft:crafting_table":5,"minecraft:granite":8,"projectvibrantjourneys:twigs":1,"minecraft:grass_block":5,"minecraft:melon":14,"minecraft:jungle_log":6,"minecraft:light_gray_bed":3,"projectvibrantjourneys:mossy_rocks":1,"minecraft:diorite":12,"minecraft:sandstone":32,"minecraft:iron_ore":18,"projectvibrantjourneys:bones":3,"minecraft:andesite":26,"minecraft:grass":4,"minecraft:vine":9,"minecraft:oak_log":43,"minecraft:coal_ore":8,"projectvibrantjourneys:short_grass":5,"minecraft:cocoa":2,"minecraft:gravel":16,"minecraft:sand":59,"minecraft:dirt":8,"projectvibrantjourneys:seashells":8,"minecraft:stone":262,"minecraft:oak_leaves":25}},"DataVersion":3465}