{"stats":{"minecraft:killed_by":{"born_in_chaos_v1:decaying_zombie":1},"minecraft:used":{"minecraft:red_sand":1,"born_in_chaos_v1:black_argillite":2,"minecraft:torch":4,"minecraft:granite":8,"minecraft:wooden_axe":92,"born_in_chaos_v1:smoked_flesh":35,"minecraft:furnace":3,"tombstone:gift":2,"minecraft:cobbled_deepslate":98,"minecraft:light_gray_bed":1,"minecraft:water_bucket":32,"minecraft:baked_potato":13,"minecraft:stone_pickaxe":602,"minecraft:oak_planks":133,"minecraft:wooden_pickaxe":10,"minecraft:sand":1,"minecraft:crafting_table":9,"minecraft:melon_slice":51,"spartanshields:copper_tower_shield":10,"minecraft:gravel":17,"minecraft:stone_axe":103,"minecraft:cobblestone":10,"minecraft:bucket":32,"alexsmobs:animal_dictionary":1},"minecraft:killed":{"minecraft:spider":2,"alexsmobs:seagull":1,"minecraft:skeleton":3,"minecraft:chicken":1,"minecraft:parrot":1,"born_in_chaos_v1:spirit_guide_assistant":1,"minecraft:creeper":1,"born_in_chaos_v1:decrepit_skeleton":1,"alexsmobs:catfish":3,"minecraft:zombie":1,"born_in_chaos_v1:dread_hound":1},"minecraft:crafted":{"minecraft:oak_planks":212,"minecraft:furnace":2,"spartanshields:copper_tower_shield":1,"minecraft:stone_pickaxe":4,"minecraft:crafting_table":1,"minecraft:wooden_pickaxe":1,"minecraft:copper_ingot":52,"minecraft:bucket":1,"minecraft:stone_axe":2,"minecraft:air":0,"minecraft:jungle_planks":4,"minecraft:stick":20,"minecraft:iron_ingot":13,"minecraft:wooden_axe":1,"minecraft:gold_ingot":0},"minecraft:picked_up":{"minecraft:wooden_axe":1,"minecraft:cocoa_beans":3,"minecraft:coarse_dirt":2,"minecraft:crafting_table":8,"minecraft:sandstone_slab":3,"minecraft:chainmail_boots":4,"minecraft:chicken":1,"minecraft:wooden_pickaxe":1,"tombstone:grave_key":2,"born_in_chaos_v1:black_argillite":2,"minecraft:string":3,"minecraft:raw_copper":171,"minecraft:iron_leggings":1,"minecraft:red_sand":2,"minecraft:cobbled_deepslate":139,"minecraft:melon_slice":70,"minecraft:sugar_cane":18,"minecraft:furnace":3,"minecraft:stick":9,"minecraft:raw_iron":54,"minecraft:torch":7,"sophisticatedbackpacks:backpack":1,"minecraft:diorite":8,"alexsmobs:leafcutter_ant_pupa":1,"minecraft:arrow":6,"minecraft:light_gray_bed":2,"minecraft:rotten_flesh":2,"minecraft:cobblestone":320,"born_in_chaos_v1:corpse_maggot":20,"minecraft:feather":2,"minecraft:glow_ink_sac":2,"minecraft:jungle_log":2,"minecraft:andesite":8,"minecraft:flint":3,"minecraft:tuff":17,"minecraft:oak_log":95,"minecraft:gunpowder":2,"skilltree:gem":37,"minecraft:lapis_lazuli":64,"minecraft:dirt":16,"minecraft:bone":17,"projectvibrantjourneys:small_cactus":1,"born_in_chaos_v1:smoked_flesh":35,"minecraft:stone_pickaxe":2,"minecraft:oak_planks":102,"projectvibrantjourneys:light_brown_bark_mushroom":3,"minecraft:pumpkin":3,"minecraft:gravel":65,"minecraft:jungle_planks":11,"minecraft:sand":64,"minecraft:spider_eye":1,"alexsmobs:animal_dictionary":1,"minecraft:mossy_cobblestone":6,"alexsmobs:raw_catfish":3,"minecraft:diamond":1,"minecraft:granite":40,"minecraft:baked_potato":16,"projectvibrantjourneys:orange_bark_mushroom":3,"minecraft:coal":131},"minecraft:dropped":{"minecraft:mossy_cobblestone":3,"minecraft:diamond":1,"minecraft:cobblestone":116,"minecraft:granite":17,"minecraft:jungle_planks":11,"projectvibrantjourneys:orange_bark_mushroom":3,"minecraft:stick":1,"minecraft:dirt":243,"minecraft:diorite":4,"tombstone:grave_key":3,"minecraft:wooden_axe":2,"skilltree:gem":20,"tombstone:grave_dust":1,"minecraft:bone_meal":33,"minecraft:pumpkin":3,"minecraft:sand":21,"minecraft:gravel":48,"minecraft:stone_axe":1,"minecraft:coarse_dirt":1,"alexsmobs:animal_dictionary":1,"minecraft:cobbled_deepslate":33,"minecraft:tuff":17,"minecraft:raw_iron":15,"minecraft:rotten_flesh":66,"minecraft:oak_planks":32,"alexsmobs:leafcutter_ant_pupa":1,"projectvibrantjourneys:light_brown_bark_mushroom":3,"minecraft:andesite":4,"born_in_chaos_v1:corpse_maggot":2,"minecraft:chainmail_boots":1,"minecraft:spider_eye":1,"minecraft:arrow":6,"minecraft:red_sand":1,"minecraft:stone_pickaxe":2,"minecraft:wooden_pickaxe":2},"minecraft:custom":{"minecraft:mob_kills":17,"minecraft:interact_with_crafting_table":22,"minecraft:leave_game":1,"minecraft:time_since_death":58235,"minecraft:climb_one_cm":20890,"minecraft:sprint_one_cm":391009,"minecraft:walk_one_cm":266217,"minecraft:damage_blocked_by_shield":645,"minecraft:drop":103,"minecraft:play_time":136903,"minecraft:deaths":7,"minecraft:sneak_time":2693,"minecraft:walk_under_water_one_cm":22868,"minecraft:jump":2737,"minecraft:walk_on_water_one_cm":58231,"minecraft:total_world_time":136903,"minecraft:interact_with_furnace":29,"spartanshields:shield_bash_hits":1,"minecraft:sleep_in_bed":1,"minecraft:time_since_rest":55836,"minecraft:damage_taken":14334,"minecraft:damage_dealt":3798,"minecraft:fly_one_cm":541891,"minecraft:swim_one_cm":50228,"minecraft:crouch_one_cm":6662,"tombstone:undead_killed":6,"minecraft:fall_one_cm":78469},"minecraft:mined":{"minecraft:tuff":8,"minecraft:jungle_leaves":4,"projectvibrantjourneys:rocks":2,"minecraft:glow_lichen":1,"minecraft:granite":16,"minecraft:red_sand":1,"minecraft:grass_block":7,"born_in_chaos_v1:black_argillite":2,"minecraft:jungle_log":1,"minecraft:light_gray_bed":2,"projectvibrantjourneys:sandstone_rocks":3,"projectvibrantjourneys:reeds":1,"minecraft:furnace":3,"minecraft:red_sandstone":7,"minecraft:iron_ore":35,"projectvibrantjourneys:orange_bark_mushroom":1,"minecraft:andesite":3,"minecraft:pumpkin":4,"minecraft:deepslate_lapis_ore":7,"minecraft:vine":7,"minecraft:smooth_sandstone_stairs":2,"projectvibrantjourneys:seashells":1,"minecraft:stone":232,"projectvibrantjourneys:cattail":2,"minecraft:sandstone_slab":3,"projectvibrantjourneys:sea_oats":8,"minecraft:crafting_table":9,"minecraft:torch":3,"projectvibrantjourneys:small_cactus":1,"projectvibrantjourneys:twigs":2,"minecraft:melon":13,"minecraft:dead_bush":6,"projectvibrantjourneys:mossy_rocks":1,"minecraft:copper_ore":48,"minecraft:lapis_ore":1,"minecraft:oak_planks":7,"minecraft:diorite":7,"minecraft:wall_torch":2,"minecraft:deepslate_copper_ore":3,"projectvibrantjourneys:bones":8,"minecraft:grass":8,"minecraft:coal_ore":129,"minecraft:red_sandstone_wall":6,"minecraft:oak_log":79,"projectvibrantjourneys:short_grass":8,"minecraft:cocoa":1,"minecraft:dirt":8,"minecraft:gravel":33,"minecraft:sand":22,"minecraft:sandstone_wall":1,"minecraft:oak_leaves":15,"minecraft:deepslate":59,"minecraft:fern":2},"minecraft:broken":{"minecraft:stone_pickaxe":4,"minecraft:wooden_axe":1}},"DataVersion":3465}