{"stats":{"minecraft:killed_by":{"minecraft:player":2,"born_in_chaos_v1:decaying_zombie":1,"minecraft:skeleton":1},"minecraft:used":{"minecraft:red_sand":1,"minecraft:iron_shovel":135,"minecraft:chest":2,"minecraft:spruce_planks":8,"born_in_chaos_v1:black_argillite":2,"minecraft:stripped_birch_wood":3,"born_in_chaos_v1:fried_maggot":22,"minecraft:rotten_flesh":5,"minecraft:torch":7,"minecraft:carrot":1,"minecraft:granite":10,"minecraft:shroomlight":1,"born_in_chaos_v1:corpse_maggot":6,"minecraft:wooden_axe":92,"born_in_chaos_v1:smoked_flesh":99,"minecraft:smooth_sandstone":65,"twm:wooden_mace":90,"minecraft:furnace":16,"tombstone:gift":6,"minecraft:cobbled_deepslate":178,"minecraft:orange_terracotta":82,"minecraft:light_gray_bed":9,"minecraft:water_bucket":70,"minecraft:baked_potato":16,"minecraft:stone_pickaxe":780,"minecraft:oak_planks":133,"minecraft:wooden_pickaxe":10,"minecraft:sand":16,"minecraft:yellow_terracotta":1,"minecraft:crafting_table":16,"minecraft:bread":2,"minecraft:melon_slice":70,"minecraft:iron_pickaxe":953,"spartanshields:copper_tower_shield":65,"tombstone:grave_key":1,"minecraft:gravel":17,"minecraft:stone_axe":209,"minecraft:cobblestone":70,"projectvibrantjourneys:small_cactus":2,"minecraft:bucket":71,"alexsmobs:animal_dictionary":1},"minecraft:killed":{"minecraft:spider":7,"alexsmobs:seagull":1,"born_in_chaos_v1:maggot":8,"minecraft:skeleton":12,"minecraft:chicken":1,"minecraft:husk":13,"minecraft:parrot":1,"born_in_chaos_v1:diamond_termite":1,"born_in_chaos_v1:baby_skeleton":1,"born_in_chaos_v1:spirit_guide_assistant":2,"minecraft:creeper":1,"born_in_chaos_v1:decrepit_skeleton":3,"alexsmobs:catfish":3,"minecraft:zombie":2,"born_in_chaos_v1:dread_hound":3,"born_in_chaos_v1:corpse_fly":4,"alexsmobs:rain_frog":1,"alexsmobs:fly":1,"minecraft:glow_squid":1,"born_in_chaos_v1:door_knight":1,"minecraft:enderman":1},"minecraft:crafted":{"minecraft:oak_planks":212,"minecraft:furnace":5,"minecraft:glass":2,"minecraft:iron_axe":1,"born_in_chaos_v1:fried_maggot":20,"spartanshields:copper_tower_shield":1,"minecraft:stone_pickaxe":6,"minecraft:chest":2,"sophisticatedbackpacks:iron_backpack":1,"minecraft:crafting_table":4,"minecraft:wooden_pickaxe":1,"minecraft:copper_ingot":52,"minecraft:bucket":1,"minecraft:stone_axe":4,"minecraft:bread":2,"minecraft:air":0,"minecraft:jungle_planks":4,"minecraft:iron_shovel":1,"born_in_chaos_v1:smoked_flesh":99,"minecraft:stick":28,"minecraft:iron_pickaxe":3,"minecraft:iron_ingot":71,"minecraft:wooden_axe":1,"minecraft:gold_ingot":0},"minecraft:picked_up":{"minecraft:wooden_axe":1,"minecraft:charcoal":2,"born_in_chaos_v1:diamond_termite_shard":1,"minecraft:cocoa_beans":3,"minecraft:coarse_dirt":2,"minecraft:crafting_table":13,"minecraft:wheat":6,"minecraft:sandstone_slab":11,"minecraft:chainmail_boots":6,"minecraft:chicken":1,"minecraft:wooden_pickaxe":1,"minecraft:gold_block":23,"tombstone:grave_key":3,"born_in_chaos_v1:black_argillite":2,"minecraft:string":4,"minecraft:raw_copper":171,"minecraft:iron_axe":1,"minecraft:iron_leggings":1,"minecraft:shroomlight":1,"minecraft:red_sand":2,"minecraft:cobbled_deepslate":187,"minecraft:spruce_planks":5,"born_in_chaos_v1:gnawed_bones":3,"minecraft:iron_pickaxe":2,"minecraft:melon_slice":89,"minecraft:sugar_cane":27,"minecraft:furnace":13,"minecraft:sandstone":11,"minecraft:stick":16,"minecraft:raw_iron":91,"minecraft:raw_gold_block":4,"minecraft:torch":25,"minecraft:sandstone_wall":11,"sophisticatedbackpacks:backpack":1,"ironchest:diamond_chest":1,"tombstone:grave_dust":3,"minecraft:carrot":1,"minecraft:diorite":66,"alexsmobs:leafcutter_ant_pupa":1,"minecraft:pink_terracotta":7,"minecraft:cactus":3,"minecraft:arrow":22,"minecraft:light_gray_bed":10,"minecraft:rotten_flesh":34,"minecraft:sandstone_stairs":29,"minecraft:yellow_terracotta":11,"sophisticatedbackpacks:copper_backpack":1,"minecraft:white_terracotta":1,"minecraft:stripped_birch_wood":5,"minecraft:skeleton_skull":2,"minecraft:cobblestone":853,"born_in_chaos_v1:fused_bone":2,"born_in_chaos_v1:corpse_maggot":30,"minecraft:feather":2,"minecraft:glow_ink_sac":7,"minecraft:jungle_log":2,"minecraft:andesite":12,"minecraft:smoker":1,"minecraft:flint":14,"minecraft:tuff":18,"minecraft:lily_pad":16,"minecraft:oak_log":95,"minecraft:gunpowder":4,"skilltree:gem":52,"minecraft:lapis_lazuli":117,"minecraft:magenta_terracotta":2,"minecraft:dirt":47,"tombstone:gift":1,"minecraft:orange_terracotta":90,"minecraft:smooth_sandstone":94,"minecraft:bone":45,"minecraft:red_sandstone":4,"minecraft:raw_gold":1,"projectvibrantjourneys:small_cactus":4,"born_in_chaos_v1:smoked_flesh":46,"minecraft:stone_pickaxe":2,"twm:wooden_mace":1,"minecraft:oak_planks":104,"projectvibrantjourneys:light_brown_bark_mushroom":3,"minecraft:red_sandstone_wall":3,"minecraft:pumpkin":3,"born_in_chaos_v1:ethereal_spirit":2,"minecraft:gravel":172,"minecraft:jungle_planks":11,"minecraft:sand":98,"minecraft:spruce_log":29,"minecraft:chiseled_sandstone":5,"minecraft:spider_eye":1,"alexsmobs:animal_dictionary":1,"minecraft:mossy_cobblestone":9,"born_in_chaos_v1:pile_of_skulls":1,"alexsmobs:raw_catfish":3,"minecraft:light_blue_terracotta":2,"minecraft:diamond":1,"minecraft:granite":131,"minecraft:spruce_sign":1,"tombstone:magic_scroll":2,"minecraft:chiseled_red_sandstone":1,"minecraft:baked_potato":16,"projectvibrantjourneys:orange_bark_mushroom":3,"minecraft:coal":230,"minecraft:ender_pearl":2},"minecraft:dropped":{"minecraft:spruce_sign":1,"minecraft:mossy_cobblestone":6,"minecraft:diamond":1,"minecraft:red_sandstone":4,"minecraft:sandstone_stairs":29,"minecraft:stripped_birch_wood":2,"minecraft:sandstone_slab":3,"minecraft:cobblestone":129,"minecraft:granite":21,"minecraft:jungle_planks":11,"minecraft:red_sandstone_wall":2,"projectvibrantjourneys:orange_bark_mushroom":3,"minecraft:stick":5,"projectvibrantjourneys:small_cactus":2,"minecraft:dirt":267,"minecraft:diorite":10,"minecraft:torch":1,"tombstone:grave_key":4,"minecraft:wooden_axe":2,"skilltree:gem":28,"tombstone:grave_dust":4,"minecraft:bone_meal":33,"minecraft:pumpkin":3,"minecraft:iron_axe":1,"minecraft:sand":53,"minecraft:iron_pickaxe":3,"minecraft:cactus":3,"minecraft:smooth_sandstone":1,"minecraft:gravel":50,"minecraft:pink_terracotta":4,"minecraft:stone_axe":1,"minecraft:coarse_dirt":2,"alexsmobs:animal_dictionary":1,"minecraft:cobbled_deepslate":33,"minecraft:chiseled_red_sandstone":1,"minecraft:tuff":17,"minecraft:raw_iron":15,"minecraft:rotten_flesh":66,"minecraft:oak_planks":34,"minecraft:white_terracotta":1,"alexsmobs:leafcutter_ant_pupa":1,"minecraft:sandstone_wall":11,"projectvibrantjourneys:light_brown_bark_mushroom":3,"minecraft:orange_terracotta":8,"minecraft:glass":2,"minecraft:andesite":12,"born_in_chaos_v1:corpse_maggot":2,"minecraft:chainmail_boots":1,"minecraft:spider_eye":1,"minecraft:sandstone":11,"minecraft:arrow":6,"minecraft:red_sand":1,"minecraft:stone_pickaxe":2,"minecraft:wooden_pickaxe":2,"minecraft:magenta_terracotta":2,"minecraft:iron_ingot":40},"minecraft:custom":{"minecraft:mob_kills":72,"minecraft:interact_with_crafting_table":59,"minecraft:damage_dealt_resisted":289,"minecraft:leave_game":1,"minecraft:time_since_death":30401,"minecraft:climb_one_cm":24549,"minecraft:sprint_one_cm":729446,"minecraft:walk_one_cm":638759,"minecraft:damage_blocked_by_shield":3300,"minecraft:drop":224,"minecraft:play_time":298903,"minecraft:deaths":22,"minecraft:sneak_time":4196,"minecraft:walk_under_water_one_cm":38791,"minecraft:boat_one_cm":70486,"minecraft:jump":4899,"minecraft:walk_on_water_one_cm":73747,"minecraft:total_world_time":298903,"minecraft:interact_with_furnace":119,"spartanshields:shield_bash_hits":4,"minecraft:sleep_in_bed":8,"minecraft:time_since_rest":26397,"minecraft:damage_taken":22083,"minecraft:damage_dealt":13819,"minecraft:fly_one_cm":974903,"minecraft:swim_one_cm":75181,"minecraft:open_chest":25,"minecraft:crouch_one_cm":8201,"tombstone:undead_killed":34,"minecraft:interact_with_smoker":20,"minecraft:fall_one_cm":135791},"minecraft:mined":{"minecraft:yellow_terracotta":11,"minecraft:tuff":9,"minecraft:spruce_planks":5,"minecraft:chiseled_red_sandstone":1,"minecraft:jungle_leaves":4,"projectvibrantjourneys:rocks":8,"minecraft:glow_lichen":1,"minecraft:granite":105,"minecraft:red_sand":1,"minecraft:grass_block":10,"born_in_chaos_v1:black_argillite":2,"minecraft:jungle_log":1,"minecraft:light_gray_bed":9,"projectvibrantjourneys:sandstone_rocks":4,"born_in_chaos_v1:gnawed_bones":3,"minecraft:sandstone":2,"born_in_chaos_v1:pile_of_skulls":1,"minecraft:spawner":22,"minecraft:sandstone_stairs":19,"projectvibrantjourneys:reeds":1,"minecraft:furnace":13,"minecraft:raw_gold_block":4,"minecraft:red_sandstone":13,"minecraft:iron_ore":48,"minecraft:cobbled_deepslate":9,"minecraft:chiseled_sandstone":5,"projectvibrantjourneys:orange_bark_mushroom":1,"minecraft:andesite":3,"minecraft:pumpkin":4,"minecraft:deepslate_lapis_ore":9,"minecraft:gold_block":26,"minecraft:shroomlight":1,"minecraft:deepslate_iron_ore":4,"minecraft:vine":9,"minecraft:smooth_sandstone_stairs":4,"projectvibrantjourneys:seashells":1,"minecraft:stone":753,"minecraft:pink_terracotta":4,"projectvibrantjourneys:cattail":2,"minecraft:sandstone_slab":13,"projectvibrantjourneys:sea_oats":8,"minecraft:smoker":1,"minecraft:orange_terracotta":90,"minecraft:smooth_sandstone":67,"minecraft:crafting_table":13,"minecraft:torch":3,"projectvibrantjourneys:small_cactus":3,"projectvibrantjourneys:twigs":4,"minecraft:melon":13,"minecraft:dead_bush":8,"minecraft:campfire":1,"projectvibrantjourneys:mossy_rocks":1,"minecraft:spruce_wall_sign":1,"minecraft:cobblestone":6,"minecraft:copper_ore":48,"minecraft:lapis_ore":6,"projectvibrantjourneys:fallen_leaves":1,"minecraft:oak_planks":7,"minecraft:diorite":93,"minecraft:wall_torch":5,"minecraft:deepslate_copper_ore":3,"minecraft:skeleton_skull":2,"minecraft:white_terracotta":1,"minecraft:light_blue_terracotta":2,"minecraft:magenta_terracotta":2,"ironchest:diamond_chest":1,"projectvibrantjourneys:bones":18,"minecraft:grass":8,"minecraft:coal_ore":185,"minecraft:red_sandstone_wall":7,"minecraft:oak_log":79,"projectvibrantjourneys:short_grass":8,"minecraft:cocoa":1,"minecraft:dirt":22,"minecraft:gravel":151,"minecraft:sand":46,"minecraft:sandstone_wall":6,"minecraft:oak_leaves":15,"minecraft:deepslate":70,"minecraft:fern":2},"minecraft:broken":{"minecraft:stone_pickaxe":5,"minecraft:stone_axe":1,"minecraft:iron_pickaxe":2,"minecraft:wooden_axe":1}},"DataVersion":3465}