{"stats":{"minecraft:used":{"projectvibrantjourneys:light_brown_bark_mushroom":1,"minecraft:stone_pickaxe":7,"minecraft:oak_planks":1,"minecraft:wooden_pickaxe":48,"minecraft:dirt":5,"minecraft:crafting_table":5,"projectvibrantjourneys:bark_mushroom":1,"minecraft:wooden_axe":537,"bunker_down:steel_block":1,"minecraft:melon_slice":12,"tombstone:gift":2,"minecraft:skeleton_skull":1},"minecraft:killed":{"born_in_chaos_v1:zombie_lumberjack":1,"born_in_chaos_v1:scarlet_persecutor":1,"minecraft:drowned":1},"minecraft:picked_up":{"bunker_down:ceiling_lamp":1,"minecraft:birch_log":30,"minecraft:cocoa_beans":36,"minecraft:coarse_dirt":1,"minecraft:crafting_table":6,"minecraft:ladder":12,"minecraft:jungle_log":256,"minecraft:brown_mushroom":2,"minecraft:oak_log":182,"minecraft:lily_pad":5,"minecraft:chain":3,"projectvibrantjourneys:oak_hollow_log":2,"minecraft:dirt":6,"minecraft:moss_carpet":2,"minecraft:iron_axe":1,"bunker_down:steel_block":1,"minecraft:bone":1,"minecraft:apple":2,"minecraft:wheat_seeds":3,"alexsmobs:banana":1,"minecraft:jungle_sapling":4,"minecraft:melon_slice":56,"minecraft:birch_sapling":1,"minecraft:oak_planks":1,"projectvibrantjourneys:light_brown_bark_mushroom":9,"minecraft:stick":14,"projectvibrantjourneys:bark_mushroom":7,"minecraft:torch":1,"born_in_chaos_v1:ethereal_spirit":1,"minecraft:bundle":1,"minecraft:rotten_flesh":2,"minecraft:light_gray_bed":1,"projectvibrantjourneys:orange_bark_mushroom":5,"minecraft:oak_sapling":3,"minecraft:iron_bars":1,"minecraft:skeleton_skull":2,"minecraft:cobblestone":21},"minecraft:dropped":{"minecraft:cocoa_beans":36,"minecraft:rotten_flesh":2},"minecraft:custom":{"minecraft:mob_kills":3,"minecraft:interact_with_crafting_table":6,"minecraft:open_barrel":8,"minecraft:time_since_death":4520,"minecraft:sleep_in_bed":1,"minecraft:climb_one_cm":35589,"minecraft:time_since_rest":4262,"minecraft:sprint_one_cm":46002,"minecraft:damage_taken":1575,"minecraft:walk_one_cm":197028,"minecraft:drop":3,"minecraft:damage_dealt":959,"minecraft:swim_one_cm":13106,"minecraft:fly_one_cm":41647,"minecraft:open_chest":5,"minecraft:crouch_one_cm":271,"minecraft:play_time":53736,"tombstone:undead_killed":2,"minecraft:deaths":4,"minecraft:sneak_time":696,"minecraft:walk_under_water_one_cm":36389,"minecraft:aviate_one_cm":178306,"minecraft:jump":502,"minecraft:walk_on_water_one_cm":26107,"minecraft:total_world_time":53736,"minecraft:fall_one_cm":15384},"minecraft:mined":{"minecraft:farmland":2,"minecraft:jungle_leaves":10,"minecraft:crafting_table":6,"minecraft:ladder":12,"minecraft:torch":1,"minecraft:grass_block":1,"minecraft:melon":11,"minecraft:jungle_log":270,"minecraft:light_gray_bed":1,"minecraft:lily_pad":5,"projectvibrantjourneys:fallen_leaves":1,"minecraft:oak_planks":1,"minecraft:skeleton_skull":2,"minecraft:seagrass":1,"minecraft:chain":3,"projectvibrantjourneys:light_brown_bark_mushroom":1,"minecraft:tall_seagrass":1,"minecraft:coarse_dirt":1,"minecraft:birch_log":30,"projectvibrantjourneys:bones":1,"projectvibrantjourneys:bark_mushroom":1,"minecraft:grass":4,"minecraft:oak_log":201,"projectvibrantjourneys:short_grass":3,"minecraft:vine":7,"minecraft:iron_bars":1,"minecraft:dirt":3,"bunker_down:steel_block":1,"projectvibrantjourneys:seashells":2,"minecraft:stone":21,"bunker_down:ceiling_lamp":1,"minecraft:oak_leaves":8,"projectvibrantjourneys:oak_hollow_log":2,"minecraft:fern":1},"minecraft:broken":{"minecraft:wooden_axe":9,"minecraft:wooden_pickaxe":1}},"DataVersion":3465}