{"stats":{"minecraft:used":{"minecraft:ladder":10,"minecraft:chest":12,"minecraft:torch":9,"minecraft:dirt":6,"projectvibrantjourneys:bark_mushroom":1,"minecraft:wooden_axe":576,"minecraft:lantern":6,"minecraft:rooted_dirt":3,"minecraft:barrel":2,"minecraft:birch_trapdoor":1,"tombstone:gift":2,"minecraft:skeleton_skull":1,"minecraft:light_gray_bed":1,"minecraft:orange_terracotta":3,"projectvibrantjourneys:light_brown_bark_mushroom":1,"minecraft:diorite":2,"minecraft:birch_planks":13,"minecraft:stone_pickaxe":227,"minecraft:oak_planks":6,"minecraft:wooden_pickaxe":48,"minecraft:sand":4,"minecraft:yellow_terracotta":5,"minecraft:crafting_table":7,"minecraft:light_gray_terracotta":5,"minecraft:oak_log":1,"bunker_down:steel_block":1,"minecraft:melon_slice":49,"minecraft:stone_axe":22,"minecraft:stripped_oak_wood":6},"minecraft:killed":{"born_in_chaos_v1:zombie_lumberjack":1,"born_in_chaos_v1:scarlet_persecutor":1,"minecraft:drowned":1,"born_in_chaos_v1:decrepit_skeleton":1,"born_in_chaos_v1:door_knight":1},"minecraft:crafted":{"minecraft:birch_planks":180,"minecraft:iron_ingot":3},"minecraft:picked_up":{"minecraft:birch_door":1,"minecraft:cocoa_beans":36,"minecraft:charcoal":4,"minecraft:crafting_table":9,"minecraft:coarse_dirt":1,"minecraft:ladder":17,"minecraft:brown_mushroom":2,"minecraft:chain":3,"minecraft:dark_oak_trapdoor":2,"minecraft:moss_carpet":2,"minecraft:raw_copper":4,"minecraft:iron_axe":2,"minecraft:gold_nugget":7,"alexsmobs:banana":1,"minecraft:redstone_torch":2,"minecraft:jungle_sapling":4,"minecraft:iron_nugget":28,"minecraft:melon_slice":56,"minecraft:birch_sapling":1,"minecraft:chest":9,"minecraft:stick":17,"minecraft:birch_trapdoor":2,"projectvibrantjourneys:bark_mushroom":7,"minecraft:torch":9,"minecraft:diorite":9,"minecraft:carrot":2,"minecraft:dark_oak_planks":2,"minecraft:rotten_flesh":8,"minecraft:light_gray_bed":2,"minecraft:yellow_terracotta":7,"minecraft:white_terracotta":3,"minecraft:iron_bars":1,"minecraft:skeleton_skull":2,"minecraft:cobblestone":163,"bunker_down:ceiling_lamp":1,"minecraft:birch_log":30,"minecraft:smooth_red_sandstone":2,"minecraft:jungle_log":512,"bunker_down:steel_vent":1,"minecraft:birch_planks":131,"minecraft:oak_log":355,"minecraft:lily_pad":5,"projectvibrantjourneys:oak_hollow_log":2,"minecraft:dirt":7,"skilltree:gem":4,"minecraft:cut_sandstone_slab":2,"minecraft:lantern":57,"bunker_down:steel_block":11,"minecraft:orange_terracotta":7,"minecraft:bone":1,"minecraft:apple":2,"minecraft:wheat_seeds":3,"minecraft:stone_pickaxe":2,"minecraft:stripped_oak_wood":7,"minecraft:oak_planks":6,"minecraft:dark_oak_stairs":2,"projectvibrantjourneys:light_brown_bark_mushroom":9,"born_in_chaos_v1:ethereal_spirit":1,"minecraft:dandelion":1,"minecraft:sand":8,"minecraft:birch_stairs":1,"minecraft:red_terracotta":1,"minecraft:barrel":2,"minecraft:bundle":1,"minecraft:light_gray_terracotta":6,"minecraft:spruce_sign":4,"minecraft:emerald":11,"minecraft:rooted_dirt":6,"minecraft:terracotta":9,"projectvibrantjourneys:orange_bark_mushroom":5,"minecraft:oak_sapling":5,"minecraft:coal":21},"minecraft:dropped":{"bunker_down:steel_vent":1,"minecraft:rooted_dirt":3,"minecraft:stripped_oak_wood":1,"minecraft:dandelion":2,"minecraft:bone":1,"alexsmobs:animal_dictionary":2,"minecraft:cocoa_beans":36,"minecraft:rotten_flesh":8,"minecraft:carrot":1,"minecraft:ladder":5,"minecraft:oak_sapling":4,"bunker_down:steel_block":10,"minecraft:redstone_torch":4,"minecraft:stone_pickaxe":2},"minecraft:custom":{"minecraft:mob_kills":5,"minecraft:interact_with_crafting_table":14,"minecraft:open_barrel":41,"minecraft:damage_dealt_resisted":120,"minecraft:leave_game":2,"minecraft:time_since_death":99351,"minecraft:climb_one_cm":48705,"minecraft:sprint_one_cm":127030,"minecraft:walk_one_cm":633183,"minecraft:drop":26,"minecraft:play_time":168780,"minecraft:deaths":5,"minecraft:sneak_time":1203,"minecraft:walk_under_water_one_cm":61951,"minecraft:jump":1595,"minecraft:walk_on_water_one_cm":50742,"minecraft:total_world_time":168780,"minecraft:interact_with_furnace":5,"minecraft:sleep_in_bed":8,"minecraft:time_since_rest":29018,"minecraft:damage_taken":2330,"minecraft:damage_dealt":1664,"minecraft:swim_one_cm":121334,"minecraft:fly_one_cm":163266,"minecraft:open_chest":73,"minecraft:crouch_one_cm":1542,"tombstone:undead_killed":4,"minecraft:aviate_one_cm":346486,"minecraft:fall_one_cm":29447},"minecraft:mined":{"minecraft:dark_oak_planks":2,"minecraft:yellow_terracotta":7,"minecraft:cut_sandstone_slab":2,"minecraft:spruce_planks":2,"minecraft:farmland":2,"minecraft:jungle_leaves":10,"minecraft:ladder":12,"minecraft:grass_block":1,"minecraft:jungle_log":270,"minecraft:light_gray_bed":4,"minecraft:rooted_dirt":3,"minecraft:tall_seagrass":1,"minecraft:dark_oak_trapdoor":2,"minecraft:barrel":2,"projectvibrantjourneys:bark_mushroom":1,"bunker_down:steel_vent":1,"minecraft:dark_oak_stairs":3,"minecraft:smooth_red_sandstone":2,"minecraft:vine":7,"minecraft:dirt_path":1,"minecraft:iron_bars":1,"minecraft:lantern":58,"bunker_down:steel_block":6,"projectvibrantjourneys:seashells":3,"minecraft:stone":102,"bunker_down:ceiling_lamp":1,"minecraft:birch_stairs":1,"minecraft:orange_terracotta":7,"minecraft:crafting_table":9,"minecraft:torch":4,"minecraft:light_gray_terracotta":6,"minecraft:melon":11,"minecraft:chest":9,"minecraft:white_stained_glass_pane":1,"minecraft:campfire":2,"minecraft:copper_ore":1,"minecraft:lily_pad":5,"projectvibrantjourneys:fallen_leaves":1,"minecraft:oak_planks":6,"minecraft:diorite":9,"minecraft:wall_torch":5,"minecraft:seagrass":1,"minecraft:skeleton_skull":2,"minecraft:spruce_stairs":7,"minecraft:white_terracotta":3,"minecraft:chain":3,"projectvibrantjourneys:light_brown_bark_mushroom":1,"minecraft:birch_planks":3,"minecraft:red_terracotta":1,"minecraft:coarse_dirt":1,"minecraft:birch_log":30,"minecraft:birch_trapdoor":2,"projectvibrantjourneys:bones":1,"minecraft:birch_door":1,"minecraft:stripped_oak_wood":6,"minecraft:grass":4,"minecraft:oak_log":201,"minecraft:coal_ore":21,"projectvibrantjourneys:short_grass":3,"minecraft:sand":8,"minecraft:dirt":3,"minecraft:terracotta":9,"minecraft:oak_leaves":8,"projectvibrantjourneys:oak_hollow_log":2,"minecraft:fern":1},"minecraft:broken":{"minecraft:wooden_pickaxe":1,"minecraft:stone_pickaxe":2,"minecraft:wooden_axe":10}},"DataVersion":3465}