{"stats":{"minecraft:killed":{"born_in_chaos_v1:restless_spirit":2,"minecraft:spider":1,"alexsmobs:rattlesnake":5,"born_in_chaos_v1:baby_skeleton_minion":1,"minecraft:skeleton":1,"minecraft:chicken":1,"minecraft:tropical_fish":15,"born_in_chaos_v1:baby_skeleton":2,"born_in_chaos_v1:decrepit_skeleton":4,"minecraft:zombie":1,"alexsmobs:roadrunner":1},"minecraft:crafted":{"minecraft:oak_planks":168,"minecraft:baked_potato":59,"minecraft:copper_ingot":28,"minecraft:birch_planks":16,"minecraft:air":0,"minecraft:jungle_planks":156,"minecraft:stick":64,"minecraft:iron_ingot":23,"minecraft:iron_pickaxe":1,"minecraft:torch":36},"minecraft:used":{"minecraft:iron_bars":1,"born_in_chaos_v1:ethereal_spirit":3,"minecraft:tropical_fish":10,"minecraft:chest":1,"minecraft:torch":37,"minecraft:dirt":1,"minecraft:jungle_planks":10,"minecraft:carrot":20,"minecraft:wooden_axe":65,"minecraft:furnace":3,"projectvibrantjourneys:cattail":1,"alexsmobs:banana":1,"tombstone:gift":2,"minecraft:cobbled_deepslate":2,"minecraft:light_gray_bed":3,"minecraft:stone_pickaxe":231,"minecraft:oak_planks":10,"minecraft:wooden_pickaxe":97,"minecraft:sandstone":50,"minecraft:sand":25,"minecraft:crafting_table":6,"bunker_down:steel_block":4,"minecraft:apple":2,"minecraft:bread":9,"minecraft:melon_slice":21,"spartanshields:copper_tower_shield":12,"minecraft:stone_axe":122,"minecraft:cobblestone":61,"minecraft:andesite":17,"alexsmobs:animal_dictionary":4,"tombstone:scroll_of_unstable_intangibility":1},"minecraft:custom":{"minecraft:mob_kills":34,"minecraft:interact_with_crafting_table":25,"minecraft:open_barrel":6,"minecraft:damage_dealt_resisted":200,"minecraft:leave_game":3,"minecraft:time_since_death":260,"minecraft:climb_one_cm":21459,"minecraft:sprint_one_cm":270505,"minecraft:walk_one_cm":337690,"minecraft:damage_blocked_by_shield":1050,"minecraft:drop":14,"minecraft:play_time":157933,"minecraft:deaths":9,"minecraft:sneak_time":2832,"minecraft:walk_under_water_one_cm":10897,"minecraft:jump":2244,"minecraft:walk_on_water_one_cm":24560,"minecraft:total_world_time":157933,"minecraft:interact_with_furnace":40,"spartanshields:shield_bash_hits":2,"minecraft:sleep_in_bed":6,"minecraft:time_since_rest":140,"minecraft:damage_taken":3630,"minecraft:damage_dealt":4544,"minecraft:swim_one_cm":26504,"minecraft:fly_one_cm":331940,"minecraft:open_chest":40,"minecraft:crouch_one_cm":4832,"tombstone:undead_killed":9,"minecraft:fall_one_cm":43891},"minecraft:dropped":{"bunker_down:steel_vent":2,"minecraft:bread":1,"projectvibrantjourneys:orange_bark_mushroom":1,"born_in_chaos_v1:black_argillite":1,"skilltree:gem":1,"projectvibrantjourneys:bark_mushroom":1,"minecraft:stone_axe":1,"projectvibrantjourneys:light_brown_bark_mushroom":2,"minecraft:stone_pickaxe":1,"projectvibrantjourneys:cattail":3},"minecraft:mined":{"projectvibrantjourneys:dead_fallen_leaves":1,"minecraft:jungle_leaves":11,"projectvibrantjourneys:rocks":3,"minecraft:cave_vines_plant":5,"minecraft:stone_brick_wall":1,"minecraft:grass_block":2,"minecraft:jungle_planks":1,"born_in_chaos_v1:black_argillite":1,"minecraft:jungle_log":38,"minecraft:light_gray_bed":4,"alexsmobs:leafcutter_ant_chamber":1,"projectvibrantjourneys:sandstone_rocks":1,"born_in_chaos_v1:gnawed_bones":3,"minecraft:sandstone":71,"born_in_chaos_v1:pile_of_skulls":1,"minecraft:spawner":1,"minecraft:carrots":7,"minecraft:iron_ore":25,"projectvibrantjourneys:orange_bark_mushroom":2,"minecraft:andesite":17,"projectvibrantjourneys:bark_mushroom":1,"minecraft:moss_carpet":1,"minecraft:deepslate_lapis_ore":2,"bunker_down:steel_vent":1,"minecraft:cave_vines":3,"minecraft:vine":8,"minecraft:iron_bars":1,"bunker_down:steel_block":1,"minecraft:stone":93,"projectvibrantjourneys:cattail":4,"minecraft:medium_amethyst_bud":1,"minecraft:crafting_table":2,"projectvibrantjourneys:small_cactus":1,"projectvibrantjourneys:twigs":8,"minecraft:melon":6,"minecraft:chest":1,"minecraft:dead_bush":2,"projectvibrantjourneys:mossy_rocks":2,"minecraft:copper_ore":10,"minecraft:cobblestone":14,"minecraft:lapis_ore":4,"projectvibrantjourneys:fallen_leaves":2,"minecraft:oak_planks":1,"minecraft:deepslate_copper_ore":1,"minecraft:skeleton_skull":2,"minecraft:birch_log":2,"projectvibrantjourneys:bones":8,"minecraft:grass":5,"projectvibrantjourneys:birch_hollow_log":6,"minecraft:coal_ore":18,"minecraft:oak_log":43,"projectvibrantjourneys:short_grass":6,"minecraft:dirt":3,"minecraft:gravel":9,"minecraft:sand":44,"minecraft:oak_leaves":24,"minecraft:deepslate":5},"minecraft:picked_up":{"minecraft:cocoa_beans":24,"minecraft:crafting_table":2,"minecraft:chicken":1,"minecraft:clay_ball":13,"minecraft:brown_mushroom":1,"alexsmobs:roadrunner_feather":1,"minecraft:chain":1,"tombstone:grave_key":1,"born_in_chaos_v1:black_argillite":2,"minecraft:moss_carpet":4,"minecraft:raw_copper":46,"alexsmobs:banana":1,"minecraft:cobbled_deepslate":9,"born_in_chaos_v1:gnawed_bones":3,"minecraft:jungle_sapling":1,"minecraft:iron_pickaxe":1,"minecraft:melon_slice":36,"alexsmobs:leafcutter_ant_chamber":1,"minecraft:sandstone":50,"minecraft:raw_iron":25,"minecraft:stick":11,"bunker_down:airlock_iron_trapdoor":1,"born_in_chaos_v1:shattered_skull":1,"projectvibrantjourneys:bark_mushroom":1,"minecraft:copper_ingot":22,"minecraft:torch":1,"tombstone:grave_dust":6,"minecraft:carrot":14,"minecraft:light_gray_bed":4,"minecraft:rotten_flesh":8,"minecraft:tropical_fish":11,"projectvibrantjourneys:cattail":4,"minecraft:glow_berries":4,"minecraft:iron_bars":1,"minecraft:skeleton_skull":2,"minecraft:cobblestone":103,"minecraft:birch_log":2,"minecraft:feather":2,"minecraft:jungle_log":39,"minecraft:andesite":17,"bunker_down:steel_vent":2,"projectvibrantjourneys:birch_hollow_log":6,"minecraft:oak_log":42,"skilltree:gem":17,"minecraft:lapis_lazuli":74,"minecraft:dirt":6,"bunker_down:steel_block":6,"minecraft:bone":19,"minecraft:wheat_seeds":1,"projectvibrantjourneys:small_cactus":1,"minecraft:stone_pickaxe":1,"minecraft:iron_ingot":13,"minecraft:iron_sword":1,"minecraft:oak_planks":3,"projectvibrantjourneys:light_brown_bark_mushroom":2,"born_in_chaos_v1:ethereal_spirit":1,"minecraft:gravel":14,"minecraft:jungle_planks":1,"minecraft:sand":44,"born_in_chaos_v1:pile_of_skulls":1,"minecraft:stone_axe":1,"alexsmobs:rattlesnake_rattle":2,"minecraft:bone_meal":1,"minecraft:bread":1,"projectvibrantjourneys:orange_bark_mushroom":2,"minecraft:oak_sapling":1,"minecraft:coal":19},"minecraft:killed_by":{"minecraft:skeleton":1},"minecraft:broken":{"minecraft:wooden_pickaxe":1,"minecraft:stone_pickaxe":1,"minecraft:wooden_axe":1}},"DataVersion":3465}