{"stats":{"minecraft:killed":{"alexsmobs:rattlesnake":3,"alexsmobs:roadrunner":1,"minecraft:tropical_fish":14},"minecraft:crafted":{"minecraft:oak_planks":168,"minecraft:copper_ingot":28,"minecraft:birch_planks":16,"minecraft:air":0,"minecraft:jungle_planks":156,"minecraft:stick":40,"minecraft:iron_ingot":3,"minecraft:torch":36},"minecraft:used":{"minecraft:tropical_fish":10,"minecraft:stone_pickaxe":122,"minecraft:oak_planks":8,"minecraft:wooden_pickaxe":97,"minecraft:sandstone":16,"minecraft:torch":4,"minecraft:sand":25,"minecraft:dirt":1,"minecraft:crafting_table":6,"minecraft:jungle_planks":9,"minecraft:carrot":20,"minecraft:wooden_axe":46,"bunker_down:steel_block":4,"minecraft:apple":2,"spartanshields:copper_tower_shield":4,"minecraft:stone_axe":57,"minecraft:cobblestone":2,"minecraft:furnace":3,"projectvibrantjourneys:cattail":1,"minecraft:andesite":16,"alexsmobs:banana":1,"tombstone:gift":2,"alexsmobs:animal_dictionary":2,"minecraft:light_gray_bed":2},"minecraft:dropped":{"minecraft:stone_axe":1,"projectvibrantjourneys:orange_bark_mushroom":1,"projectvibrantjourneys:light_brown_bark_mushroom":2,"skilltree:gem":1,"projectvibrantjourneys:cattail":3,"projectvibrantjourneys:bark_mushroom":1},"minecraft:custom":{"minecraft:interact_with_furnace":15,"spartanshields:shield_bash_hits":1,"minecraft:mob_kills":18,"minecraft:interact_with_crafting_table":13,"minecraft:leave_game":1,"minecraft:time_since_death":4915,"minecraft:sleep_in_bed":4,"minecraft:climb_one_cm":13463,"minecraft:time_since_rest":2516,"minecraft:sprint_one_cm":150587,"minecraft:damage_taken":1410,"minecraft:walk_one_cm":142873,"minecraft:damage_blocked_by_shield":180,"minecraft:drop":9,"minecraft:damage_dealt":936,"minecraft:swim_one_cm":21523,"minecraft:fly_one_cm":193778,"minecraft:open_chest":1,"minecraft:crouch_one_cm":1322,"minecraft:play_time":82064,"minecraft:deaths":4,"minecraft:sneak_time":1507,"minecraft:walk_under_water_one_cm":8106,"minecraft:jump":1147,"minecraft:walk_on_water_one_cm":10855,"minecraft:total_world_time":82064,"minecraft:fall_one_cm":22677},"minecraft:mined":{"projectvibrantjourneys:cattail":4,"minecraft:jungle_leaves":10,"projectvibrantjourneys:rocks":2,"minecraft:crafting_table":2,"projectvibrantjourneys:small_cactus":1,"projectvibrantjourneys:twigs":8,"minecraft:grass_block":2,"minecraft:melon":6,"minecraft:jungle_planks":1,"minecraft:jungle_log":38,"minecraft:dead_bush":1,"minecraft:light_gray_bed":2,"projectvibrantjourneys:mossy_rocks":2,"alexsmobs:leafcutter_ant_chamber":1,"minecraft:copper_ore":10,"projectvibrantjourneys:sandstone_rocks":1,"projectvibrantjourneys:fallen_leaves":2,"born_in_chaos_v1:gnawed_bones":3,"minecraft:sandstone":48,"born_in_chaos_v1:pile_of_skulls":1,"minecraft:spawner":1,"minecraft:skeleton_skull":2,"minecraft:carrots":7,"minecraft:birch_log":2,"minecraft:iron_ore":13,"projectvibrantjourneys:bones":6,"projectvibrantjourneys:orange_bark_mushroom":1,"minecraft:andesite":16,"projectvibrantjourneys:bark_mushroom":1,"minecraft:moss_carpet":1,"minecraft:grass":4,"projectvibrantjourneys:birch_hollow_log":6,"minecraft:coal_ore":18,"minecraft:oak_log":43,"projectvibrantjourneys:short_grass":5,"minecraft:vine":8,"minecraft:sand":27,"minecraft:dirt":3,"minecraft:stone":79,"minecraft:oak_leaves":24},"minecraft:picked_up":{"minecraft:birch_log":2,"minecraft:cocoa_beans":18,"minecraft:crafting_table":2,"minecraft:andesite":16,"minecraft:jungle_log":39,"minecraft:brown_mushroom":1,"alexsmobs:roadrunner_feather":1,"projectvibrantjourneys:birch_hollow_log":6,"minecraft:oak_log":42,"skilltree:gem":5,"minecraft:dirt":6,"minecraft:moss_carpet":4,"minecraft:raw_copper":35,"bunker_down:steel_block":5,"minecraft:bone":6,"minecraft:wheat_seeds":1,"alexsmobs:banana":1,"projectvibrantjourneys:small_cactus":1,"born_in_chaos_v1:gnawed_bones":3,"minecraft:jungle_sapling":1,"minecraft:melon_slice":36,"alexsmobs:leafcutter_ant_chamber":1,"projectvibrantjourneys:light_brown_bark_mushroom":2,"minecraft:raw_iron":13,"minecraft:stick":11,"minecraft:sandstone":48,"bunker_down:airlock_iron_trapdoor":1,"projectvibrantjourneys:bark_mushroom":1,"minecraft:jungle_planks":1,"minecraft:sand":27,"minecraft:carrot":14,"minecraft:light_gray_bed":2,"minecraft:tropical_fish":10,"born_in_chaos_v1:pile_of_skulls":1,"minecraft:stone_axe":1,"alexsmobs:rattlesnake_rattle":2,"projectvibrantjourneys:cattail":4,"projectvibrantjourneys:orange_bark_mushroom":1,"minecraft:oak_sapling":1,"minecraft:coal":19,"minecraft:skeleton_skull":2,"minecraft:cobblestone":76},"minecraft:broken":{"minecraft:wooden_axe":1,"minecraft:wooden_pickaxe":1}},"DataVersion":3465}