{"stats":{"minecraft:dropped":{"minecraft:stone_sword":1,"minecraft:sandstone_slab":2,"minecraft:cobblestone":2,"minecraft:rotten_flesh":4,"minecraft:stick":5,"minecraft:dirt":6,"minecraft:torch":2,"minecraft:mutton":1,"twm:copper_pickaxe":1,"minecraft:andesite":1,"born_in_chaos_v1:corpse_maggot":2,"skilltree:gem":2,"minecraft:golden_leggings":1,"minecraft:sand":3,"minecraft:stone_pickaxe":1},"minecraft:broken":{"minecraft:stone_pickaxe":1,"bunker_down:brittle_pickaxe":1},"minecraft:custom":{"minecraft:interact_with_furnace":22,"minecraft:mob_kills":30,"minecraft:interact_with_crafting_table":13,"minecraft:interact_with_campfire":11,"minecraft:leave_game":9,"minecraft:time_since_death":40773,"minecraft:sleep_in_bed":7,"minecraft:climb_one_cm":45998,"minecraft:time_since_rest":2166,"minecraft:sprint_one_cm":97223,"minecraft:damage_taken":2221,"minecraft:walk_one_cm":460107,"minecraft:damage_blocked_by_shield":525,"minecraft:drop":24,"minecraft:damage_dealt":3888,"minecraft:swim_one_cm":14539,"minecraft:talked_to_villager":2,"minecraft:fly_one_cm":115866,"minecraft:open_chest":9,"minecraft:sneak_time":1674,"minecraft:crouch_one_cm":3199,"minecraft:play_time":120010,"tombstone:undead_killed":12,"minecraft:deaths":2,"minecraft:walk_under_water_one_cm":2207,"minecraft:jump":1053,"minecraft:walk_on_water_one_cm":6724,"minecraft:total_world_time":120010,"minecraft:fall_one_cm":13751},"minecraft:picked_up":{"born_in_chaos_v1:corpse_maggot":2,"minecraft:cocoa_beans":12,"minecraft:crafting_table":2,"minecraft:sandstone_slab":2,"minecraft:feather":7,"twm:copper_pickaxe":1,"minecraft:chicken":5,"minecraft:ladder":6,"minecraft:andesite":1,"minecraft:jungle_log":16,"minecraft:golden_leggings":1,"minecraft:potato":6,"minecraft:enchanted_book":1,"minecraft:oak_log":31,"projectvibrantjourneys:sea_oats":3,"skilltree:gem":9,"minecraft:dirt":6,"minecraft:raw_copper":82,"minecraft:cooked_mutton":1,"minecraft:bone":16,"minecraft:bow":1,"minecraft:stone_pickaxe":1,"minecraft:cooked_chicken":2,"minecraft:melon_slice":116,"minecraft:stick":9,"minecraft:cooked_porkchop":8,"minecraft:pumpkin":4,"minecraft:torch":3,"minecraft:porkchop":11,"minecraft:sand":8,"minecraft:carrot":9,"minecraft:arrow":9,"minecraft:light_gray_bed":2,"minecraft:rotten_flesh":4,"minecraft:hay_block":37,"minecraft:oak_sapling":1,"minecraft:mutton":2,"minecraft:coal":79,"minecraft:white_wool":4,"minecraft:cobblestone":75},"minecraft:crafted":{"minecraft:oak_planks":28,"minecraft:crafting_table":2,"minecraft:furnace":1,"minecraft:copper_ingot":17,"minecraft:stone":53,"minecraft:stone_axe":1,"minecraft:air":0,"minecraft:stick":4,"twm:copper_pickaxe":1,"minecraft:torch":4},"minecraft:used":{"minecraft:cooked_mutton":1,"minecraft:stone_sword":39,"minecraft:stone_pickaxe":173,"minecraft:ladder":6,"minecraft:cooked_chicken":2,"minecraft:torch":5,"projectvibrantjourneys:sea_oats":3,"minecraft:sand":5,"minecraft:crafting_table":4,"bunker_down:brittle_pickaxe":20,"minecraft:carrot":2,"spartanshields:wooden_tower_shield":8,"minecraft:apple":1,"minecraft:bread":2,"minecraft:melon_slice":42,"twm:wooden_mace":21,"minecraft:stone_axe":65,"minecraft:cobblestone":1,"minecraft:furnace":1,"minecraft:cooked_porkchop":8,"tombstone:gift":5,"alexsmobs:animal_dictionary":1,"minecraft:potato":3,"twm:copper_pickaxe":3,"minecraft:light_gray_bed":1},"minecraft:killed":{"minecraft:husk":1,"minecraft:pig":4,"minecraft:zombie_villager":1,"born_in_chaos_v1:zombie_lumberjack":1,"born_in_chaos_v1:maggot":2,"minecraft:sheep":4,"minecraft:skeleton":6,"minecraft:zombie":2,"minecraft:chicken":5,"minecraft:drowned":1},"minecraft:mined":{"minecraft:sandstone_slab":2,"projectvibrantjourneys:sea_oats":4,"minecraft:jungle_leaves":1,"minecraft:crafting_table":2,"projectvibrantjourneys:twigs":5,"minecraft:grass_block":7,"minecraft:melon":23,"minecraft:jungle_log":14,"minecraft:light_gray_bed":2,"minecraft:copper_ore":22,"minecraft:cobblestone":4,"projectvibrantjourneys:fallen_leaves":2,"minecraft:spawner":1,"minecraft:hay_block":37,"projectvibrantjourneys:reeds":1,"minecraft:carrots":2,"projectvibrantjourneys:bones":5,"minecraft:andesite":1,"minecraft:pumpkin":4,"minecraft:grass":9,"minecraft:oak_log":30,"minecraft:potatoes":2,"minecraft:coal_ore":79,"projectvibrantjourneys:short_grass":6,"minecraft:cocoa":3,"minecraft:sand":8,"minecraft:dirt":1,"projectvibrantjourneys:seashells":1,"minecraft:stone":80,"minecraft:oak_leaves":14}},"DataVersion":3465}