{"stats":{"minecraft:killed_by":{"minecraft:vex":1,"minecraft:husk":1},"minecraft:used":{"minecraft:iron_shovel":436,"sophisticatedbackpacks:copper_backpack":1,"minecraft:ladder":9,"born_in_chaos_v1:intoxicating_decoction":1,"minecraft:chest":1,"minecraft:carrot":139,"born_in_chaos_v1:smoked_flesh":1,"spartanshields:wooden_tower_shield":16,"minecraft:lava_bucket":2,"bunker_down:airlock_iron_door":1,"minecraft:furnace":4,"minecraft:potato":159,"projectvibrantjourneys:rocks":1,"minecraft:stone_pickaxe":1131,"minecraft:oak_planks":3,"minecraft:sugar_cane":34,"minecraft:jungle_boat":4,"minecraft:white_wool":5,"minecraft:glow_berries":3,"minecraft:sand":13,"giacomos_exp:expseed":54,"born_in_chaos_v1:holiday_candy":9,"minecraft:shears":1203,"minecraft:lever":1,"bunker_down:steel_block":9,"minecraft:red_sandstone":1,"minecraft:chiseled_sandstone":1,"born_in_chaos_v1:monster_flesh":1,"minecraft:zombie_head":1,"minecraft:melon_slice":51,"minecraft:bread":122,"minecraft:gravel":19,"minecraft:andesite":3,"minecraft:oak_boat":8,"twm:copper_pickaxe":250,"minecraft:bone_meal":45,"minecraft:cobweb":1,"minecraft:oak_fence":47,"minecraft:iron_bars":1,"minecraft:acacia_log":1,"minecraft:stone_sword":53,"minecraft:enchanting_table":2,"tacz:gun_smith_table":5,"minecraft:cooked_chicken":5,"minecraft:sandstone_wall":2,"minecraft:stone_hoe":121,"securitycraft:reinforced_bookshelf":21,"minecraft:torch":255,"minecraft:dirt":103,"minecraft:anvil":1,"bunker_down:brittle_pickaxe":20,"minecraft:granite":6,"minecraft:shroomlight":1,"minecraft:bookshelf":6,"minecraft:smooth_sandstone":12,"twm:wooden_mace":214,"more_bows_and_arrows:copper_bow":46,"minecraft:golden_carrot":4,"projectvibrantjourneys:cattail":3,"tombstone:gift":9,"minecraft:light_gray_bed":2,"minecraft:cooked_beef":22,"minecraft:cobbled_deepslate":57,"minecraft:wheat_seeds":1,"minecraft:cooked_mutton":1,"minecraft:water_bucket":2,"minecraft:acacia_boat":1,"tombstone:scroll_of_knowledge":3,"minecraft:cobblestone_stairs":3,"minecraft:sandstone_stairs":8,"minecraft:baked_potato":95,"projectvibrantjourneys:sea_oats":3,"minecraft:crafting_table":23,"minecraft:white_bed":3,"minecraft:spruce_log":1,"mowziesmobs:wrought_axe":1069,"bunker_down:steel_block_slab":1,"minecraft:diamond_pickaxe":192,"minecraft:apple":1,"spartanshields:copper_tower_shield":35,"minecraft:iron_pickaxe":1506,"minecraft:map":5,"tombstone:magic_scroll":1,"minecraft:spruce_sapling":43,"minecraft:stone_axe":86,"minecraft:cobblestone":104,"minecraft:cooked_porkchop":8,"minecraft:bucket":5,"alexsmobs:animal_dictionary":1},"minecraft:killed":{"born_in_chaos_v1:lifestealer_true_form":1,"born_in_chaos_v1:zombie_clown":2,"minecraft:cave_spider":9,"born_in_chaos_v1:restless_spirit":4,"born_in_chaos_v1:zombie_lumberjack":5,"born_in_chaos_v1:skeleton_demoman":1,"minecraft:spider":15,"alexsmobs:murmur":1,"born_in_chaos_v1:siamese_skeletonsright":1,"born_in_chaos_v1:baby_skeleton_minion":7,"minecraft:skeleton":27,"minecraft:chicken":5,"born_in_chaos_v1:skeleton_thrasher":1,"born_in_chaos_v1:supreme_bonescaller_stage_2":1,"minecraft:pig":4,"born_in_chaos_v1:diamond_termite":11,"minecraft:zombie_villager":2,"minecraft:iron_golem":2,"born_in_chaos_v1:dread_hound_not_despawn":1,"minecraft:creeper":16,"minecraft:sheep":5,"minecraft:pillager":3,"minecraft:zombie":68,"born_in_chaos_v1:dread_hound":9,"born_in_chaos_v1:corpse_fly":8,"minecraft:stray":3,"alexsmobs:fly":4,"born_in_chaos_v1:door_knight":1,"mowziesmobs:umvuthana_raptor":1,"born_in_chaos_v1:siamese_skeletonsleft":1,"minecraft:cow":7,"minecraft:vex":2,"alexsmobs:tarantula_hawk":4,"alexsmobs:raccoon":1,"born_in_chaos_v1:zombie_clown_not_despawn":1,"born_in_chaos_v1:skeleton_thrasher_not_despawn":1,"alexsmobs:rattlesnake":3,"born_in_chaos_v1:zombie_bruiser":2,"born_in_chaos_v1:maggot":29,"mowziesmobs:ferrous_wroughtnaut":1,"alexsmobs:bison":1,"minecraft:drowned":9,"born_in_chaos_v1:corpse_fish":5,"born_in_chaos_v1:spiritof_chaos":1,"minecraft:husk":3,"born_in_chaos_v1:bone_imp_minion":10,"born_in_chaos_v1:baby_skeleton":6,"born_in_chaos_v1:swarmer":1,"born_in_chaos_v1:spirit_guide_assistant":3,"minecraft:bat":1,"mowziesmobs:umvuthana_follower_raptor":4,"alexsmobs:rhinoceros":2,"born_in_chaos_v1:decrepit_skeleton":13,"alexsmobs:gazelle":5,"born_in_chaos_v1:bonescaller_not_despawn":2,"born_in_chaos_v1:dark_vortex":5,"minecraft:enderman":5},"minecraft:crafted":{"minecraft:oak_planks":224,"minecraft:cooked_chicken":3,"minecraft:stone":53,"more_bows_and_arrows:copper_bow":1,"minecraft:bookshelf":29,"minecraft:glass":21,"minecraft:bow":1,"minecraft:iron_boots":3,"minecraft:melon_seeds":10,"minecraft:copper_block":17,"minecraft:oak_fence":75,"minecraft:oak_slab":6,"minecraft:emerald":6,"minecraft:crafting_table":7,"minecraft:jungle_boat":1,"skilltree:iron_ring":2,"minecraft:baked_potato":176,"minecraft:raw_gold_block":15,"minecraft:copper_ingot":419,"minecraft:gold_block":24,"minecraft:hay_block":19,"minecraft:iron_chestplate":1,"minecraft:diamond_pickaxe":1,"minecraft:stick":188,"minecraft:iron_ingot":237,"minecraft:iron_pickaxe":2,"minecraft:iron_block":8,"minecraft:stone_sword":1,"minecraft:gold_ingot":664,"minecraft:shears":6,"minecraft:redstone":9,"minecraft:iron_nugget":9,"minecraft:furnace":4,"minecraft:bone_meal":27,"minecraft:glass_pane":16,"more_bows_and_arrows:copper_arrow":7,"born_in_chaos_v1:pieceofdarkmetal":9,"minecraft:leather":2,"minecraft:ladder":3,"twm:titanite_scrap":17,"minecraft:stone_pickaxe":6,"minecraft:redstone_block":17,"giacomos_exp:expseed":49,"sophisticatedbackpacks:iron_backpack":1,"minecraft:wheat":513,"minecraft:cooked_beef":25,"tacz:gun_smith_table":1,"minecraft:bucket":3,"minecraft:bone":24,"minecraft:stone_axe":1,"minecraft:jungle_planks":8,"minecraft:bread":113,"minecraft:acacia_boat":1,"minecraft:air":0,"minecraft:oak_boat":1,"sophisticatedbackpacks:pump_upgrade":1,"minecraft:white_wool":3,"minecraft:gold_nugget":9,"minecraft:raw_gold":317,"minecraft:iron_shovel":2,"minecraft:iron_leggings":3,"minecraft:anvil":1,"minecraft:white_bed":1,"minecraft:acacia_planks":152,"twm:copper_pickaxe":1,"minecraft:torch":132,"minecraft:lapis_block":33},"minecraft:picked_up":{"minecraft:wheat":29,"twm:copper_pickaxe":1,"minecraft:enchanted_book":7,"born_in_chaos_v1:black_argillite":8,"alexsmobs:gazelle_horn":1,"minecraft:string":32,"minecraft:raw_copper":365,"minecraft:sticky_piston":6,"minecraft:zombie_head":1,"minecraft:shroomlight":1,"minecraft:cobbled_deepslate":380,"minecraft:iron_pickaxe":3,"born_in_chaos_v1:stimulating_decoction":2,"minecraft:melon_slice":116,"minecraft:mangrove_log":3,"minecraft:stick":26,"born_in_chaos_v1:shattered_skull":1,"minecraft:oak_fence":8,"minecraft:torch":120,"minecraft:acacia_log":55,"minecraft:sandstone_wall":9,"minecraft:porkchop":11,"tombstone:grave_dust":16,"minecraft:diorite":31,"minecraft:golden_chestplate":2,"minecraft:pink_terracotta":2,"minecraft:light_gray_bed":4,"minecraft:rotten_flesh":112,"minecraft:iron_block":2,"minecraft:mangrove_roots":1,"projectvibrantjourneys:cattail":11,"minecraft:stripped_birch_wood":5,"minecraft:iron_bars":1,"minecraft:cobblestone":1512,"bunker_down:ceiling_lamp":1,"minecraft:birch_log":1,"minecraft:enchanting_table":1,"minecraft:feather":12,"born_in_chaos_v1:spiritual_dust":10,"minecraft:andesite":162,"minecraft:jungle_log":18,"minecraft:golden_leggings":1,"minecraft:potato":334,"alexsmobs:bison_fur":1,"minecraft:flint":10,"minecraft:tuff":33,"minecraft:smooth_sandstone_stairs":3,"projectvibrantjourneys:rocks":1,"minecraft:map":2,"skilltree:gem":79,"minecraft:lapis_lazuli":298,"minecraft:dirt":501,"minecraft:cut_sandstone_slab":3,"born_in_chaos_v1:monster_skin":4,"minecraft:bone":77,"twm:ancient_debris":17,"minecraft:bow":3,"minecraft:wheat_seeds":83,"minecraft:raw_gold":131,"twm:wooden_mace":1,"tacz:gun_smith_table":5,"minecraft:oak_planks":3,"minecraft:cooked_porkchop":8,"minecraft:poisonous_potato":2,"minecraft:sand":42,"minecraft:grass_block":1,"minecraft:chiseled_sandstone":1,"minecraft:bundle":1,"minecraft:diamond":21,"minecraft:lever":1,"waystones:waystone":1,"minecraft:crossbow":2,"minecraft:granite":85,"alexsmobs:tarantula_hawk_wing_fragment":1,"minecraft:bone_meal":4,"minecraft:bread":1,"alexsmobs:maggot":1,"minecraft:oak_sapling":2,"born_in_chaos_v1:rotten_fish":3,"minecraft:crafting_table":16,"minecraft:mud":3,"minecraft:cocoa_beans":12,"born_in_chaos_v1:diamond_termite_shard":11,"minecraft:sandstone_slab":10,"minecraft:chicken":5,"minecraft:ladder":6,"born_in_chaos_v1:seedof_chaos":10,"minecraft:brown_mushroom":1,"minecraft:gold_block":39,"minecraft:chain":6,"minecraft:shield":2,"securitycraft:reinforced_bookshelf":23,"born_in_chaos_v1:intoxicating_decoction":5,"tacz:ammo":585,"minecraft:beef":26,"minecraft:oak_boat":8,"born_in_chaos_v1:gnawed_bones":5,"minecraft:observer":1,"minecraft:poppy":4,"minecraft:sugar_cane":103,"minecraft:raw_iron":219,"minecraft:sandstone":13,"more_bows_and_arrows:copper_arrow":1,"minecraft:raw_gold_block":111,"projectvibrantjourneys:bark_mushroom":6,"minecraft:copper_ingot":1,"born_in_chaos_v1:pieceofdarkmetal":9,"minecraft:carrot":153,"minecraft:redstone":220,"minecraft:arrow":45,"spartanshields:copper_tower_shield":1,"minecraft:hay_block":63,"minecraft:sandstone_stairs":8,"mowziesmobs:umvuthana_mask_bliss":1,"minecraft:gold_ingot":1,"sophisticatedbackpacks:copper_backpack":1,"minecraft:mutton":10,"minecraft:rail":2,"minecraft:skeleton_skull":3,"minecraft:white_wool":5,"born_in_chaos_v1:corpse_maggot":21,"minecraft:jungle_boat":4,"born_in_chaos_v1:monster_flesh":4,"minecraft:leather":8,"minecraft:red_mushroom":2,"alexsmobs:cachalot_whale_tooth":1,"minecraft:oak_log":84,"minecraft:lily_pad":2,"bunker_down:airlock_iron_door":2,"minecraft:gunpowder":39,"minecraft:cobblestone_stairs":3,"mowziesmobs:wrought_axe":5,"projectvibrantjourneys:sea_oats":3,"minecraft:white_banner":1,"bunker_down:steel_block":12,"minecraft:orange_terracotta":10,"alexsmobs:unsettling_kimono":1,"minecraft:cooked_mutton":1,"minecraft:smooth_sandstone":12,"mowziesmobs:umvuthana_mask_rage":1,"minecraft:kelp":2,"minecraft:red_sandstone":1,"projectvibrantjourneys:small_cactus":2,"minecraft:iron_ingot":16,"minecraft:stone_pickaxe":2,"minecraft:cooked_chicken":2,"minecraft:cobweb":1,"minecraft:iron_sword":1,"minecraft:book":456,"projectvibrantjourneys:light_brown_bark_mushroom":3,"projectvibrantjourneys:acacia_hollow_log":6,"minecraft:pumpkin":4,"born_in_chaos_v1:lifestealer_bone":3,"born_in_chaos_v1:orbofthe_summoner":2,"born_in_chaos_v1:ethereal_spirit":11,"minecraft:gravel":113,"born_in_chaos_v1:dark_rod":9,"minecraft:amethyst_shard":28,"mowziesmobs:wrought_helmet":1,"minecraft:spruce_sapling":38,"minecraft:white_bed":2,"minecraft:spruce_log":207,"minecraft:spider_eye":6,"bunker_down:steel_block_slab":3,"born_in_chaos_v1:pile_of_skulls":1,"tombstone:scroll_of_knowledge":1,"tacz:modern_kinetic_gun":2,"minecraft:iron_helmet":5,"mowziesmobs:umvuthana_mask_fear":1,"projectvibrantjourneys:orange_bark_mushroom":3,"tombstone:magic_scroll":2,"minecraft:coal":254,"minecraft:ender_pearl":1},"minecraft:dropped":{"minecraft:iron_sword":1,"minecraft:brown_mushroom":1,"minecraft:porkchop":3,"minecraft:lapis_lazuli":5,"minecraft:oak_log":1,"minecraft:glass_bottle":1,"minecraft:sandstone_slab":3,"minecraft:crossbow":2,"projectvibrantjourneys:orange_bark_mushroom":2,"minecraft:rail":2,"minecraft:cut_sandstone_slab":2,"minecraft:raw_gold_block":49,"minecraft:red_mushroom":2,"minecraft:dirt":31,"mowziesmobs:umvuthana_mask_bliss":1,"minecraft:mutton":9,"minecraft:chain":6,"minecraft:sand":12,"minecraft:iron_pickaxe":3,"minecraft:fishing_rod":1,"bunker_down:ceiling_lamp":1,"minecraft:gold_ingot":1,"minecraft:gravel":1,"minecraft:stone_axe":1,"minecraft:pink_terracotta":2,"minecraft:mangrove_roots":1,"alexsmobs:gazelle_horn":1,"minecraft:cobbled_deepslate":310,"minecraft:smooth_sandstone_stairs":3,"minecraft:rotten_flesh":68,"born_in_chaos_v1:smoked_flesh":2,"minecraft:oak_planks":2,"minecraft:poppy":4,"projectvibrantjourneys:light_brown_bark_mushroom":2,"minecraft:mangrove_log":1,"minecraft:gunpowder":10,"minecraft:jungle_log":2,"born_in_chaos_v1:corpse_maggot":8,"tombstone:scroll_of_knowledge":1,"projectvibrantjourneys:cattail":8,"minecraft:beef":1,"minecraft:iron_ingot":9,"minecraft:enchanted_book":3,"minecraft:bread":1,"twm:wooden_mace":1,"minecraft:oak_slab":6,"minecraft:wheat_seeds":9,"minecraft:poisonous_potato":1,"minecraft:iron_helmet":1,"minecraft:cobblestone":309,"mowziesmobs:umvuthana_mask_fear":1,"minecraft:observer":1,"minecraft:granite":58,"minecraft:copper_ingot":1,"mowziesmobs:wrought_axe":4,"minecraft:stick":20,"projectvibrantjourneys:small_cactus":2,"minecraft:diorite":13,"minecraft:torch":31,"skilltree:gem":16,"minecraft:map":1,"born_in_chaos_v1:stimulating_decoction":2,"tacz:modern_kinetic_gun":1,"minecraft:mud":3,"minecraft:string":1,"minecraft:lily_pad":2,"minecraft:acacia_planks":1,"minecraft:redstone":1,"minecraft:kelp":2,"alexsmobs:maggot":1,"minecraft:stone_sword":2,"minecraft:tuff":32,"born_in_chaos_v1:rotten_fish":3,"minecraft:shears":1,"minecraft:filled_map":5,"minecraft:shield":2,"minecraft:bundle":1,"twm:copper_pickaxe":1,"minecraft:andesite":115,"minecraft:golden_leggings":1,"spartanshields:copper_tower_shield":1,"bunker_down:steel_block":2,"minecraft:spider_eye":3,"minecraft:sandstone":23,"minecraft:bow":2,"minecraft:stone_pickaxe":3,"minecraft:raw_gold":63,"minecraft:light_blue_terracotta":1},"minecraft:custom":{"minecraft:animals_bred":6,"minecraft:interact_with_crafting_table":140,"minecraft:open_barrel":51,"minecraft:leave_game":17,"minecraft:time_since_death":159803,"minecraft:sprint_one_cm":1163936,"minecraft:damage_blocked_by_shield":4590,"minecraft:drop":215,"minecraft:talked_to_villager":9,"minecraft:play_time":884495,"minecraft:deaths":16,"minecraft:jump":10238,"minecraft:walk_on_water_one_cm":86020,"minecraft:interact_with_furnace":219,"minecraft:traded_with_villager":6,"minecraft:sleep_in_bed":18,"minecraft:waystone_activated":1,"minecraft:damage_dealt":47448,"minecraft:player_kills":1,"minecraft:crouch_one_cm":45139,"tombstone:undead_killed":173,"minecraft:inspect_dispenser":5,"minecraft:interact_with_anvil":3,"minecraft:mob_kills":359,"minecraft:interact_with_campfire":11,"minecraft:damage_dealt_resisted":3993,"minecraft:climb_one_cm":80832,"minecraft:walk_one_cm":2924989,"minecraft:sneak_time":20578,"minecraft:walk_under_water_one_cm":100280,"minecraft:boat_one_cm":577890,"minecraft:total_world_time":884495,"spartanshields:shield_bash_hits":4,"minecraft:time_since_rest":17901,"minecraft:damage_taken":20399,"minecraft:swim_one_cm":321602,"minecraft:fly_one_cm":1352620,"minecraft:open_chest":244,"minecraft:fall_one_cm":165640},"minecraft:mined":{"minecraft:large_amethyst_bud":1,"securitycraft:mine":1,"minecraft:cut_sandstone_slab":5,"minecraft:white_bed":2,"minecraft:cobblestone_stairs":3,"minecraft:jungle_leaves":9,"minecraft:granite":71,"minecraft:red_sand":3,"minecraft:acacia_log":63,"minecraft:grass_block":236,"minecraft:jungle_log":14,"minecraft:light_gray_bed":4,"minecraft:oak_pressure_plate":4,"tacz:gun_smith_table":5,"born_in_chaos_v1:pile_of_skulls":1,"twm:ancient_debris_deepslate":17,"minecraft:sandstone_stairs":13,"minecraft:spawner":2,"projectvibrantjourneys:reeds":1,"minecraft:iron_ore":97,"minecraft:sticky_piston":6,"minecraft:fire":7,"minecraft:cobbled_deepslate":10,"projectvibrantjourneys:bark_mushroom":2,"minecraft:pumpkin":4,"minecraft:black_carpet":2,"minecraft:deepslate_lapis_ore":30,"minecraft:enchanting_table":1,"minecraft:dirt_path":2,"minecraft:iron_bars":1,"minecraft:iron_block":2,"sophisticatedbackpacks:copper_backpack":1,"projectvibrantjourneys:cattail":11,"bunker_down:airlock_iron_door":2,"minecraft:deepslate_redstone_ore":82,"minecraft:sandstone_slab":11,"projectvibrantjourneys:sea_oats":4,"minecraft:amethyst_cluster":7,"minecraft:orange_terracotta":1,"minecraft:torch":35,"born_in_chaos_v1:infected_deepslate_diamond_ore":5,"projectvibrantjourneys:twigs":6,"minecraft:melon":23,"minecraft:dead_bush":1,"minecraft:cobblestone":78,"minecraft:oak_planks":2,"minecraft:sugar_cane":34,"projectvibrantjourneys:fallen_leaves":4,"minecraft:wall_torch":46,"minecraft:deepslate_copper_ore":6,"minecraft:skeleton_skull":3,"minecraft:seagrass":2,"minecraft:chain":4,"minecraft:wheat":31,"projectvibrantjourneys:bones":10,"bunker_down:steel_block_slab":2,"minecraft:grass":31,"minecraft:oak_log":76,"projectvibrantjourneys:short_grass":16,"minecraft:dirt":267,"minecraft:sand":56,"projectvibrantjourneys:pinecones":1,"minecraft:sandstone_wall":4,"minecraft:stripped_birch_wood":1,"minecraft:oak_leaves":28,"minecraft:deepslate":254,"minecraft:tuff":31,"minecraft:deepslate_diamond_ore":21,"minecraft:mangrove_roots":1,"projectvibrantjourneys:rocks":3,"minecraft:glow_lichen":1,"giacomos_exp:expcrop":1,"born_in_chaos_v1:black_argillite":8,"minecraft:red_sandstone_stairs":3,"minecraft:spruce_leaves":41,"minecraft:sandstone":12,"born_in_chaos_v1:gnawed_bones":2,"minecraft:hay_block":63,"minecraft:oxidized_cut_copper":1,"minecraft:redstone_ore":1,"minecraft:spruce_sapling":14,"minecraft:carrots":42,"minecraft:raw_gold_block":50,"minecraft:red_sandstone":6,"minecraft:chiseled_sandstone":2,"minecraft:andesite":169,"bunker_down:steel_vent":1,"minecraft:gold_block":30,"minecraft:bookshelf":156,"minecraft:shroomlight":1,"minecraft:potatoes":93,"minecraft:deepslate_iron_ore":122,"minecraft:vine":4,"bunker_down:steel_block":14,"projectvibrantjourneys:seashells":1,"minecraft:stone":1350,"minecraft:white_wool":1,"bunker_down:ceiling_lamp":1,"minecraft:acacia_leaves":9,"minecraft:glass_pane":2,"minecraft:observer":1,"minecraft:oak_fence":8,"minecraft:smooth_sandstone":35,"minecraft:crafting_table":16,"projectvibrantjourneys:small_cactus":1,"minecraft:copper_ore":96,"minecraft:tall_grass":1,"minecraft:lapis_ore":17,"minecraft:deepslate_gold_ore":50,"projectvibrantjourneys:acacia_hollow_log":6,"minecraft:diorite":33,"minecraft:spruce_log":209,"minecraft:red_sandstone_wall":1,"minecraft:coal_ore":255,"minecraft:cocoa":3,"minecraft:zombie_head":1,"minecraft:gravel":87,"minecraft:cobweb":15,"minecraft:gold_ore":12},"minecraft:broken":{"bunker_down:brittle_pickaxe":1,"minecraft:iron_shovel":1,"spartanshields:copper_tower_shield":1,"minecraft:shears":3,"minecraft:iron_boots":2,"minecraft:iron_chestplate":1,"minecraft:iron_leggings":2,"twm:wooden_mace":1,"minecraft:stone_pickaxe":7,"twm:copper_pickaxe":1,"spartanshields:wooden_tower_shield":1,"minecraft:iron_pickaxe":6}},"DataVersion":3465}