{"stats":{"minecraft:dropped":{"minecraft:dirt":5},"minecraft:broken":{"bunker_down:brittle_pickaxe":1},"minecraft:custom":{"minecraft:mob_kills":12,"minecraft:interact_with_crafting_table":5,"minecraft:leave_game":8,"minecraft:time_since_death":306,"minecraft:sleep_in_bed":4,"minecraft:climb_one_cm":41756,"minecraft:time_since_rest":66,"minecraft:sprint_one_cm":25869,"minecraft:damage_taken":1056,"minecraft:walk_one_cm":256574,"minecraft:drop":1,"minecraft:damage_dealt":1575,"minecraft:swim_one_cm":9328,"minecraft:fly_one_cm":31250,"minecraft:open_chest":6,"minecraft:sneak_time":1321,"minecraft:crouch_one_cm":2167,"minecraft:play_time":79543,"tombstone:undead_killed":2,"minecraft:deaths":2,"minecraft:walk_under_water_one_cm":1942,"minecraft:jump":500,"minecraft:walk_on_water_one_cm":4348,"minecraft:total_world_time":79543,"minecraft:fall_one_cm":5131},"minecraft:picked_up":{"born_in_chaos_v1:corpse_maggot":2,"minecraft:cocoa_beans":12,"minecraft:crafting_table":2,"minecraft:feather":4,"minecraft:chicken":2,"minecraft:ladder":6,"minecraft:jungle_log":14,"minecraft:potato":1,"minecraft:oak_log":14,"projectvibrantjourneys:sea_oats":3,"skilltree:gem":2,"minecraft:dirt":6,"minecraft:bone":1,"minecraft:melon_slice":116,"minecraft:stick":3,"minecraft:pumpkin":4,"minecraft:porkchop":11,"minecraft:sand":1,"minecraft:light_gray_bed":1,"minecraft:oak_sapling":1,"minecraft:mutton":1,"minecraft:coal":30,"minecraft:white_wool":1,"minecraft:cobblestone":69},"minecraft:used":{"minecraft:stone_sword":12,"minecraft:stone_pickaxe":83,"minecraft:ladder":6,"projectvibrantjourneys:sea_oats":3,"minecraft:sand":1,"minecraft:crafting_table":2,"bunker_down:brittle_pickaxe":20,"minecraft:melon_slice":29,"minecraft:stone_axe":48,"minecraft:cobblestone":1,"tombstone:gift":3,"alexsmobs:animal_dictionary":1,"minecraft:potato":2},"minecraft:crafted":{"minecraft:oak_planks":28,"minecraft:crafting_table":1,"minecraft:stone_axe":1,"minecraft:stick":4,"minecraft:torch":4},"minecraft:killed":{"minecraft:pig":4,"born_in_chaos_v1:maggot":2,"minecraft:sheep":1,"minecraft:zombie":1,"minecraft:chicken":2,"minecraft:drowned":1},"minecraft:mined":{"projectvibrantjourneys:sea_oats":4,"minecraft:jungle_leaves":1,"minecraft:crafting_table":2,"projectvibrantjourneys:twigs":1,"minecraft:grass_block":6,"minecraft:melon":23,"minecraft:jungle_log":14,"minecraft:light_gray_bed":1,"minecraft:cobblestone":4,"projectvibrantjourneys:fallen_leaves":2,"projectvibrantjourneys:bones":1,"minecraft:pumpkin":4,"minecraft:grass":3,"minecraft:oak_log":13,"minecraft:potatoes":1,"minecraft:coal_ore":30,"projectvibrantjourneys:short_grass":1,"minecraft:cocoa":3,"minecraft:sand":1,"projectvibrantjourneys:seashells":1,"minecraft:stone":65,"minecraft:oak_leaves":10}},"DataVersion":3465}