{"stats":{"minecraft:used":{"minecraft:stone_sword":39,"sophisticatedbackpacks:copper_backpack":1,"minecraft:ladder":6,"tacz:gun_smith_table":3,"minecraft:cooked_chicken":5,"minecraft:stone_hoe":45,"minecraft:sandstone_wall":2,"minecraft:torch":62,"minecraft:dirt":44,"bunker_down:brittle_pickaxe":20,"minecraft:carrot":98,"minecraft:shroomlight":1,"spartanshields:wooden_tower_shield":16,"minecraft:lava_bucket":1,"minecraft:smooth_sandstone":12,"twm:wooden_mace":199,"bunker_down:airlock_iron_door":1,"more_bows_and_arrows:copper_bow":12,"minecraft:golden_carrot":1,"minecraft:furnace":2,"projectvibrantjourneys:cattail":3,"tombstone:gift":7,"minecraft:potato":22,"minecraft:cooked_beef":5,"minecraft:light_gray_bed":2,"minecraft:cooked_mutton":1,"minecraft:water_bucket":1,"tombstone:scroll_of_knowledge":3,"minecraft:cobblestone_stairs":3,"minecraft:sandstone_stairs":8,"minecraft:stone_pickaxe":628,"minecraft:oak_planks":3,"minecraft:white_wool":5,"projectvibrantjourneys:sea_oats":3,"minecraft:sand":9,"minecraft:crafting_table":13,"giacomos_exp:expseed":34,"minecraft:white_bed":1,"minecraft:shears":6,"bunker_down:steel_block_slab":1,"minecraft:red_sandstone":1,"minecraft:apple":1,"minecraft:chiseled_sandstone":1,"minecraft:melon_slice":42,"minecraft:bread":21,"minecraft:iron_pickaxe":198,"minecraft:map":2,"spartanshields:copper_tower_shield":11,"minecraft:gravel":10,"minecraft:stone_axe":86,"minecraft:cobblestone":55,"minecraft:cooked_porkchop":8,"minecraft:bucket":2,"alexsmobs:animal_dictionary":1,"twm:copper_pickaxe":250},"minecraft:killed_by":{"minecraft:husk":1},"minecraft:killed":{"alexsmobs:tarantula_hawk":4,"born_in_chaos_v1:restless_spirit":2,"born_in_chaos_v1:zombie_lumberjack":1,"minecraft:spider":4,"alexsmobs:rattlesnake":3,"born_in_chaos_v1:maggot":8,"minecraft:skeleton":11,"minecraft:chicken":5,"minecraft:drowned":3,"minecraft:husk":3,"minecraft:pig":4,"minecraft:zombie_villager":1,"born_in_chaos_v1:spirit_guide_assistant":1,"minecraft:iron_golem":2,"born_in_chaos_v1:dread_hound_not_despawn":1,"born_in_chaos_v1:decrepit_skeleton":2,"minecraft:sheep":4,"minecraft:zombie":14,"alexsmobs:fly":2,"minecraft:enderman":2,"minecraft:cow":4},"minecraft:crafted":{"minecraft:oak_planks":60,"minecraft:cooked_chicken":3,"minecraft:furnace":2,"minecraft:stone":53,"more_bows_and_arrows:copper_bow":1,"minecraft:bone_meal":9,"more_bows_and_arrows:copper_arrow":7,"minecraft:iron_boots":1,"minecraft:melon_seeds":10,"minecraft:stone_pickaxe":2,"sophisticatedbackpacks:iron_backpack":1,"giacomos_exp:expseed":29,"minecraft:wheat":252,"minecraft:cooked_beef":5,"minecraft:emerald":6,"minecraft:crafting_table":4,"tacz:gun_smith_table":1,"minecraft:copper_ingot":67,"minecraft:gold_block":7,"minecraft:bucket":1,"minecraft:hay_block":19,"minecraft:stone_axe":1,"minecraft:bread":17,"minecraft:air":0,"minecraft:iron_chestplate":1,"minecraft:stick":40,"minecraft:iron_ingot":60,"minecraft:iron_block":1,"minecraft:iron_leggings":1,"minecraft:gold_ingot":396,"twm:copper_pickaxe":1,"minecraft:torch":40,"minecraft:shears":1},"minecraft:picked_up":{"minecraft:cocoa_beans":12,"minecraft:crafting_table":9,"minecraft:wheat":29,"minecraft:sandstone_slab":10,"twm:copper_pickaxe":1,"minecraft:chicken":5,"minecraft:ladder":6,"minecraft:gold_block":38,"minecraft:enchanted_book":1,"minecraft:string":5,"minecraft:raw_copper":82,"tacz:ammo":90,"born_in_chaos_v1:intoxicating_decoction":4,"minecraft:zombie_head":1,"minecraft:shroomlight":1,"minecraft:beef":6,"born_in_chaos_v1:gnawed_bones":1,"minecraft:observer":1,"minecraft:poppy":4,"minecraft:melon_slice":116,"minecraft:sugar_cane":37,"minecraft:stick":10,"minecraft:raw_iron":60,"minecraft:sandstone":10,"more_bows_and_arrows:copper_arrow":1,"minecraft:raw_gold_block":105,"minecraft:oak_fence":2,"minecraft:torch":21,"minecraft:sandstone_wall":9,"minecraft:porkchop":11,"tombstone:grave_dust":1,"minecraft:diorite":13,"minecraft:carrot":72,"minecraft:pink_terracotta":2,"minecraft:arrow":14,"minecraft:light_gray_bed":2,"minecraft:rotten_flesh":31,"spartanshields:copper_tower_shield":1,"minecraft:hay_block":63,"minecraft:sandstone_stairs":8,"minecraft:gold_ingot":1,"projectvibrantjourneys:cattail":4,"sophisticatedbackpacks:copper_backpack":1,"minecraft:stripped_birch_wood":5,"minecraft:mutton":2,"minecraft:rail":2,"minecraft:skeleton_skull":3,"minecraft:white_wool":5,"minecraft:cobblestone":591,"bunker_down:ceiling_lamp":1,"born_in_chaos_v1:corpse_maggot":3,"minecraft:feather":7,"minecraft:andesite":52,"minecraft:jungle_log":16,"minecraft:leather":4,"minecraft:golden_leggings":1,"minecraft:potato":47,"minecraft:flint":6,"minecraft:smooth_sandstone_stairs":3,"minecraft:oak_log":35,"bunker_down:airlock_iron_door":1,"minecraft:cobblestone_stairs":3,"minecraft:map":1,"projectvibrantjourneys:sea_oats":3,"skilltree:gem":29,"minecraft:lapis_lazuli":51,"minecraft:dirt":64,"minecraft:cut_sandstone_slab":3,"bunker_down:steel_block":2,"minecraft:orange_terracotta":10,"born_in_chaos_v1:monster_skin":1,"minecraft:cooked_mutton":1,"minecraft:smooth_sandstone":12,"minecraft:bone":25,"minecraft:bow":1,"minecraft:red_sandstone":1,"minecraft:wheat_seeds":75,"minecraft:raw_gold":63,"projectvibrantjourneys:small_cactus":2,"minecraft:iron_ingot":10,"minecraft:stone_pickaxe":2,"minecraft:cooked_chicken":2,"twm:wooden_mace":1,"tacz:gun_smith_table":2,"minecraft:oak_planks":3,"minecraft:cooked_porkchop":8,"minecraft:pumpkin":4,"born_in_chaos_v1:ethereal_spirit":3,"minecraft:gravel":45,"minecraft:sand":17,"minecraft:white_bed":1,"minecraft:grass_block":1,"minecraft:chiseled_sandstone":1,"bunker_down:steel_block_slab":1,"minecraft:bundle":1,"tacz:modern_kinetic_gun":2,"minecraft:iron_helmet":5,"minecraft:granite":21,"alexsmobs:tarantula_hawk_wing_fragment":1,"alexsmobs:maggot":1,"tombstone:magic_scroll":1,"minecraft:oak_sapling":2,"minecraft:coal":162},"minecraft:dropped":{"twm:wooden_mace":1,"minecraft:porkchop":3,"minecraft:wheat_seeds":5,"minecraft:sandstone_slab":3,"minecraft:cobblestone":117,"minecraft:granite":21,"minecraft:rail":2,"minecraft:cut_sandstone_slab":2,"minecraft:raw_gold_block":49,"minecraft:stick":19,"projectvibrantjourneys:small_cactus":2,"minecraft:dirt":8,"minecraft:diorite":13,"minecraft:torch":2,"minecraft:mutton":1,"skilltree:gem":4,"minecraft:map":1,"tacz:modern_kinetic_gun":1,"minecraft:sand":12,"minecraft:gold_ingot":1,"minecraft:string":1,"bunker_down:ceiling_lamp":1,"minecraft:stone_axe":1,"minecraft:pink_terracotta":2,"alexsmobs:maggot":1,"minecraft:stone_sword":1,"minecraft:smooth_sandstone_stairs":3,"minecraft:rotten_flesh":31,"minecraft:filled_map":2,"minecraft:poppy":4,"minecraft:bundle":1,"twm:copper_pickaxe":1,"minecraft:andesite":41,"born_in_chaos_v1:corpse_maggot":3,"minecraft:golden_leggings":1,"spartanshields:copper_tower_shield":1,"bunker_down:steel_block":1,"minecraft:sandstone":20,"minecraft:beef":1,"minecraft:stone_pickaxe":2,"minecraft:raw_gold":63,"minecraft:light_blue_terracotta":1},"minecraft:custom":{"minecraft:mob_kills":87,"minecraft:interact_with_crafting_table":59,"minecraft:open_barrel":28,"minecraft:interact_with_campfire":11,"minecraft:damage_dealt_resisted":300,"minecraft:leave_game":11,"minecraft:time_since_death":11407,"minecraft:climb_one_cm":53185,"minecraft:sprint_one_cm":398906,"minecraft:walk_one_cm":1160498,"minecraft:damage_blocked_by_shield":2325,"minecraft:drop":82,"minecraft:talked_to_villager":5,"minecraft:play_time":315794,"minecraft:sneak_time":9592,"minecraft:deaths":9,"minecraft:walk_under_water_one_cm":18389,"minecraft:jump":3695,"minecraft:walk_on_water_one_cm":30649,"minecraft:total_world_time":315794,"minecraft:interact_with_furnace":71,"spartanshields:shield_bash_hits":2,"minecraft:traded_with_villager":6,"minecraft:sleep_in_bed":14,"minecraft:time_since_rest":10800,"minecraft:damage_taken":6986,"minecraft:damage_dealt":14267,"minecraft:swim_one_cm":86619,"minecraft:fly_one_cm":610592,"minecraft:open_chest":43,"minecraft:crouch_one_cm":24354,"tombstone:undead_killed":36,"minecraft:fall_one_cm":66666,"minecraft:inspect_dispenser":5},"minecraft:mined":{"minecraft:cut_sandstone_slab":5,"minecraft:white_bed":1,"minecraft:cobblestone_stairs":3,"minecraft:jungle_leaves":1,"projectvibrantjourneys:rocks":1,"minecraft:granite":22,"minecraft:red_sand":3,"giacomos_exp:expcrop":1,"minecraft:grass_block":55,"minecraft:jungle_log":14,"minecraft:light_gray_bed":2,"minecraft:red_sandstone_stairs":3,"minecraft:oak_pressure_plate":4,"tacz:gun_smith_table":2,"born_in_chaos_v1:gnawed_bones":1,"minecraft:sandstone":10,"minecraft:sandstone_stairs":13,"minecraft:spawner":1,"minecraft:hay_block":63,"projectvibrantjourneys:reeds":1,"minecraft:carrots":20,"minecraft:raw_gold_block":50,"minecraft:iron_ore":60,"minecraft:fire":1,"minecraft:red_sandstone":6,"minecraft:chiseled_sandstone":2,"minecraft:andesite":50,"minecraft:pumpkin":4,"minecraft:black_carpet":2,"minecraft:gold_block":29,"minecraft:potatoes":12,"minecraft:dirt_path":2,"minecraft:shroomlight":1,"bunker_down:steel_block":1,"projectvibrantjourneys:seashells":1,"minecraft:stone":534,"minecraft:white_wool":1,"sophisticatedbackpacks:copper_backpack":1,"bunker_down:ceiling_lamp":1,"bunker_down:airlock_iron_door":1,"projectvibrantjourneys:cattail":4,"minecraft:sandstone_slab":11,"projectvibrantjourneys:sea_oats":4,"minecraft:orange_terracotta":1,"minecraft:observer":1,"minecraft:oak_fence":2,"minecraft:smooth_sandstone":35,"minecraft:torch":8,"minecraft:crafting_table":9,"projectvibrantjourneys:small_cactus":1,"projectvibrantjourneys:twigs":5,"minecraft:melon":23,"minecraft:dead_bush":1,"minecraft:copper_ore":22,"minecraft:cobblestone":17,"minecraft:lapis_ore":9,"minecraft:oak_planks":2,"projectvibrantjourneys:fallen_leaves":2,"minecraft:diorite":13,"minecraft:wall_torch":8,"minecraft:skeleton_skull":3,"minecraft:wheat":30,"bunker_down:steel_block_slab":1,"projectvibrantjourneys:bones":9,"minecraft:grass":12,"minecraft:red_sandstone_wall":1,"minecraft:coal_ore":162,"minecraft:oak_log":34,"projectvibrantjourneys:short_grass":6,"minecraft:cocoa":3,"minecraft:zombie_head":1,"minecraft:gravel":33,"minecraft:dirt":18,"minecraft:sand":31,"minecraft:stripped_birch_wood":1,"minecraft:sandstone_wall":4,"minecraft:oak_leaves":16},"minecraft:broken":{"bunker_down:brittle_pickaxe":1,"spartanshields:wooden_tower_shield":1,"minecraft:stone_pickaxe":4,"twm:copper_pickaxe":1}},"DataVersion":3465}