{"stats":{"minecraft:killed":{"minecraft:cave_spider":12,"born_in_chaos_v1:restless_spirit":7,"born_in_chaos_v1:zombie_lumberjack":14,"born_in_chaos_v1:skeleton_demoman":4,"alexsmobs:murmur":1,"born_in_chaos_v1:siamese_skeletonsright":2,"born_in_chaos_v1:baby_skeleton_minion":11,"minecraft:skeleton":70,"minecraft:chicken":5,"born_in_chaos_v1:skeleton_thrasher":4,"alexsmobs:centipede_head":1,"born_in_chaos_v1:supreme_bonescaller_stage_2":4,"alexsmobs:skelewag":1,"minecraft:magma_cube":1,"minecraft:iron_golem":3,"born_in_chaos_v1:dread_hound_not_despawn":1,"minecraft:pillager":3,"minecraft:zombie":125,"born_in_chaos_v1:corpse_fly":33,"born_in_chaos_v1:door_knight":3,"minecraft:cow":7,"alexsmobs:raccoon":1,"born_in_chaos_v1:skeleton_thrasher_not_despawn":1,"born_in_chaos_v1:firelight":3,"mowziesmobs:ferrous_wroughtnaut":2,"born_in_chaos_v1:barrel_zombie":3,"born_in_chaos_v1:spiritof_chaos":4,"alexsmobs:guster":2,"minecraft:husk":8,"born_in_chaos_v1:bone_imp_minion":19,"alexsmobs:rhinoceros":2,"born_in_chaos_v1:decrepit_skeleton":28,"born_in_chaos_v1:bloody_gadfly":1,"born_in_chaos_v1:dark_vortex":9,"minecraft:enderman":9,"born_in_chaos_v1:lifestealer_true_form":2,"born_in_chaos_v1:zombie_clown":3,"minecraft:zombified_piglin":1,"minecraft:witch":1,"minecraft:spider":35,"born_in_chaos_v1:scarlet_persecutor":3,"alexsmobs:kangaroo":1,"born_in_chaos_v1:bonescaller":2,"minecraft:pig":4,"minecraft:zombie_villager":6,"born_in_chaos_v1:diamond_termite":26,"minecraft:creeper":37,"minecraft:sheep":5,"born_in_chaos_v1:zombie_fisherman":3,"born_in_chaos_v1:dread_hound":13,"alexsmobs:terrapin":1,"minecraft:stray":3,"minecraft:ghast":1,"alexsmobs:fly":6,"mowziesmobs:umvuthana_raptor":1,"minecraft:blaze":9,"born_in_chaos_v1:siamese_skeletonsleft":2,"minecraft:vex":2,"born_in_chaos_v1:missioner":2,"alexsmobs:tarantula_hawk":7,"born_in_chaos_v1:zombie_clown_not_despawn":1,"alexsmobs:rattlesnake":3,"born_in_chaos_v1:zombie_bruiser":10,"born_in_chaos_v1:maggot":72,"alexsmobs:bison":1,"minecraft:drowned":11,"born_in_chaos_v1:corpse_fish":8,"born_in_chaos_v1:siamese_skeletons":1,"born_in_chaos_v1:fallen_chaos_knight":1,"born_in_chaos_v1:baby_skeleton":8,"born_in_chaos_v1:swarmer":5,"born_in_chaos_v1:spirit_guide_assistant":3,"minecraft:bat":2,"mowziesmobs:umvuthana_follower_raptor":4,"born_in_chaos_v1:phantom_creeper_copy":2,"born_in_chaos_v1:decaying_zombie":4,"alexsmobs:cockroach":4,"alexsmobs:gazelle":5,"born_in_chaos_v1:bonescaller_not_despawn":2,"born_in_chaos_v1:nightmare_stalker":3,"minecraft:wither_skeleton":16},"minecraft:crafted":{"minecraft:smooth_stone":64,"minecraft:blaze_powder":6,"securitycraft:keypad_item":6,"minecraft:bookshelf":29,"securitycraft:scanner_door_item":2,"minecraft:glass":196,"sophisticatedbackpacks:tank_upgrade":1,"minecraft:melon_seeds":10,"minecraft:glass_bottle":3,"minecraft:emerald":16,"securitycraft:reinforced_spruce_slab":30,"minecraft:jungle_boat":1,"securitycraft:reinforced_stone_button":50,"skilltree:iron_ring":2,"minecraft:raw_gold_block":15,"minecraft:copper_ingot":635,"minecraft:hay_block":19,"minecraft:iron_pickaxe":3,"minecraft:iron_block":94,"minecraft:gold_ingot":1050,"minecraft:iron_nugget":9,"securitycraft:reinforced_spruce_stairs":84,"minecraft:bone_meal":45,"born_in_chaos_v1:pieceofdarkmetal":18,"minecraft:diamond":3,"minecraft:spruce_stairs":28,"minecraft:ladder":3,"minecraft:stone_pickaxe":6,"minecraft:diamond_boots":2,"minecraft:redstone_block":24,"minecraft:wheat":513,"minecraft:coal_block":2,"tacz:gun_smith_table":1,"minecraft:bone":24,"minecraft:enchanted_book":5,"securitycraft:door_indestructible_iron_item":2,"minecraft:gunpowder":63,"minecraft:iron_shovel":4,"minecraft:iron_leggings":3,"minecraft:white_bed":1,"minecraft:oak_planks":320,"minecraft:cooked_chicken":3,"minecraft:stone":629,"more_bows_and_arrows:copper_bow":1,"minecraft:heavy_weighted_pressure_plate":4,"securitycraft:laser_block":2,"minecraft:bow":1,"minecraft:iron_boots":3,"minecraft:chest":9,"minecraft:copper_block":17,"minecraft:ender_eye":5,"minecraft:oak_fence":75,"born_in_chaos_v1:pileof_dark_metal":7,"minecraft:oak_slab":12,"minecraft:crafting_table":9,"minecraft:spruce_planks":256,"minecraft:baked_potato":654,"minecraft:gold_block":24,"minecraft:birch_planks":6,"minecraft:iron_chestplate":1,"minecraft:charcoal":64,"minecraft:diamond_pickaxe":2,"minecraft:stick":376,"minecraft:iron_ingot":1033,"minecraft:stone_sword":1,"minecraft:shears":8,"securitycraft:reinforced_stone_bricks":412,"securitycraft:universal_block_reinforcer_lvl1":2,"minecraft:redstone":18,"minecraft:furnace":27,"minecraft:blast_furnace":12,"securitycraft:retinal_scanner":2,"minecraft:glass_pane":32,"more_bows_and_arrows:copper_arrow":7,"minecraft:leather":2,"twm:titanite_scrap":75,"sophisticatedbackpacks:stack_upgrade_tier_2":1,"securitycraft:reinforced_spruce_planks":356,"giacomos_exp:expseed":60,"sophisticatedbackpacks:iron_backpack":1,"minecraft:cooked_beef":25,"minecraft:sugar":43,"minecraft:red_dye":4,"minecraft:bucket":3,"minecraft:stone_axe":1,"minecraft:air":0,"minecraft:acacia_boat":1,"minecraft:bread":113,"minecraft:jungle_planks":44,"minecraft:oak_boat":1,"sophisticatedbackpacks:pump_upgrade":1,"minecraft:white_wool":3,"minecraft:gold_nugget":9,"minecraft:raw_gold":317,"minecraft:anvil":1,"minecraft:acacia_planks":152,"twm:copper_pickaxe":1,"minecraft:torch":132,"minecraft:lapis_lazuli":117,"minecraft:lapis_block":43},"minecraft:used":{"sophisticatedbackpacks:copper_backpack":1,"minecraft:ladder":13,"minecraft:chest":14,"securitycraft:keypad_item":5,"spartanshields:wooden_tower_shield":16,"born_in_chaos_v1:smoked_flesh":1,"minecraft:lava_bucket":12,"bunker_down:airlock_iron_door":1,"minecraft:oak_sapling":10,"minecraft:furnace":16,"minecraft:potato":340,"projectvibrantjourneys:rocks":1,"securitycraft:reinforced_spruce_planks":423,"minecraft:jungle_boat":4,"minecraft:glow_berries":3,"minecraft:sand":13,"giacomos_exp:expseed":62,"minecraft:blast_furnace":12,"securitycraft:universal_block_remover":100,"born_in_chaos_v1:holiday_candy":9,"bunker_down:steel_block":9,"minecraft:red_sandstone":1,"minecraft:chiseled_sandstone":1,"minecraft:zombie_head":1,"born_in_chaos_v1:monster_flesh":1,"minecraft:lectern":75,"minecraft:oak_boat":16,"twm:copper_pickaxe":250,"minecraft:iron_bars":1,"minecraft:enchanting_table":2,"minecraft:stone_sword":53,"minecraft:acacia_log":1,"minecraft:sandstone_wall":2,"minecraft:netherrack":48,"securitycraft:reinforced_bookshelf":21,"minecraft:torch":364,"minecraft:anvil":1,"minecraft:shroomlight":1,"twm:wooden_mace":214,"more_bows_and_arrows:copper_bow":46,"tombstone:gift":9,"minecraft:cobbled_deepslate":61,"minecraft:wheat_seeds":50,"minecraft:water_bucket":4,"minecraft:sandstone_stairs":8,"securitycraft:reinforced_spruce_log":78,"securitycraft:scanner_door_item":8,"securitycraft:reinforced_stone_bricks":473,"minecraft:crafting_table":28,"minecraft:white_bed":4,"minecraft:spruce_log":1,"mowziesmobs:wrought_axe":2586,"minecraft:oak_log":1,"minecraft:ender_eye":1,"minecraft:diamond_pickaxe":6133,"bunker_down:steel_block_slab":1,"minecraft:iron_pickaxe":1756,"tombstone:magic_scroll":2,"minecraft:spruce_sapling":108,"minecraft:cobblestone":252,"minecraft:cooked_porkchop":8,"minecraft:iron_shovel":726,"securitycraft:reinforced_spruce_slab":31,"born_in_chaos_v1:intoxicating_decoction":1,"minecraft:jungle_planks":1,"minecraft:nether_bricks":68,"minecraft:carrot":222,"minecraft:obsidian":6,"minecraft:lantern":3,"minecraft:stone_pickaxe":1131,"minecraft:oak_planks":3,"minecraft:sugar_cane":34,"minecraft:white_wool":5,"minecraft:shears":2076,"minecraft:lever":1,"minecraft:melon_slice":51,"minecraft:bread":122,"minecraft:gravel":20,"minecraft:grindstone":1,"minecraft:andesite":6,"minecraft:bone_meal":63,"minecraft:cobweb":1,"minecraft:oak_fence":48,"minecraft:flint_and_steel":24,"tacz:gun_smith_table":5,"minecraft:stone_hoe":121,"minecraft:cooked_chicken":5,"minecraft:dirt":103,"bunker_down:brittle_pickaxe":20,"securitycraft:reinforced_stone":1,"minecraft:granite":6,"minecraft:bookshelf":6,"minecraft:acacia_slab":1,"securitycraft:reinforced_spruce_stairs":109,"minecraft:smooth_sandstone":12,"minecraft:golden_carrot":4,"projectvibrantjourneys:cattail":3,"minecraft:cooked_beef":22,"minecraft:light_gray_bed":4,"minecraft:cooked_mutton":1,"minecraft:acacia_boat":1,"tombstone:scroll_of_knowledge":3,"minecraft:cobblestone_stairs":3,"minecraft:glass_bottle":3,"minecraft:baked_potato":282,"projectvibrantjourneys:sea_oats":3,"armoroftheages:o_yoroi_armor_feet":1,"tombstone:bag_of_seeds":2,"minecraft:apple":1,"minecraft:map":6,"spartanshields:copper_tower_shield":35,"minecraft:stone_axe":86,"minecraft:bucket":17,"alexsmobs:animal_dictionary":1},"minecraft:custom":{"minecraft:interact_with_crafting_table":217,"minecraft:open_barrel":55,"minecraft:leave_game":28,"minecraft:time_since_death":854991,"minecraft:damage_blocked_by_shield":4590,"minecraft:play_time":1579683,"minecraft:deaths":16,"minecraft:jump":17645,"minecraft:enchant_item":54,"minecraft:interact_with_furnace":496,"minecraft:traded_with_villager":21,"minecraft:sleep_in_bed":35,"minecraft:waystone_activated":1,"minecraft:damage_dealt":123917,"tombstone:undead_killed":382,"minecraft:interact_with_smoker":3,"minecraft:inspect_dispenser":5,"minecraft:horse_one_cm":600372,"minecraft:interact_with_anvil":31,"minecraft:sneak_time":34902,"minecraft:interact_with_lectern":1,"minecraft:interact_with_blast_furnace":1,"minecraft:total_world_time":1579683,"minecraft:time_since_rest":107685,"minecraft:swim_one_cm":455240,"minecraft:fly_one_cm":2352910,"minecraft:open_chest":550,"minecraft:fall_one_cm":323222,"minecraft:animals_bred":10,"minecraft:sprint_one_cm":2630912,"minecraft:drop":466,"minecraft:talked_to_villager":101,"minecraft:interact_with_brewingstand":1,"minecraft:walk_on_water_one_cm":213562,"minecraft:player_kills":1,"minecraft:crouch_one_cm":82559,"minecraft:mob_kills":759,"minecraft:interact_with_campfire":11,"minecraft:damage_dealt_resisted":15715,"minecraft:climb_one_cm":137382,"minecraft:walk_one_cm":5356098,"minecraft:walk_under_water_one_cm":188999,"minecraft:boat_one_cm":853155,"spartanshields:shield_bash_hits":4,"minecraft:interact_with_grindstone":14,"minecraft:damage_taken":27595},"minecraft:dropped":{"minecraft:iron_sword":1,"minecraft:porkchop":3,"minecraft:lapis_lazuli":18,"minecraft:glass_bottle":1,"minecraft:crossbow":2,"minecraft:cut_sandstone_slab":2,"minecraft:rail":2,"projectvibrantjourneys:orange_bark_mushroom":3,"minecraft:red_mushroom":2,"born_in_chaos_v1:monster_flesh":2,"minecraft:dirt":51,"mowziesmobs:umvuthana_mask_bliss":1,"minecraft:chain":6,"minecraft:bone_meal":1,"minecraft:sand":36,"minecraft:sugar":1,"minecraft:iron_pickaxe":3,"minecraft:fishing_rod":1,"bunker_down:ceiling_lamp":1,"minecraft:bone":4,"minecraft:stone_axe":1,"minecraft:sugar_cane":1,"alexsmobs:gazelle_horn":1,"minecraft:iron_nugget":1,"minecraft:cobbled_deepslate":325,"minecraft:rotten_flesh":153,"born_in_chaos_v1:smoked_flesh":2,"minecraft:oak_planks":4,"minecraft:nether_brick_fence":1,"projectvibrantjourneys:sea_oats":2,"minecraft:jungle_log":2,"tombstone:scroll_of_knowledge":1,"minecraft:leather_leggings":1,"minecraft:beef":1,"projectvibrantjourneys:cattail":8,"minecraft:enchanted_book":3,"minecraft:iron_ingot":9,"born_in_chaos_v1:intoxicating_decoction":7,"twm:wooden_mace":2,"minecraft:wheat_seeds":96,"minecraft:cobblestone":1094,"minecraft:iron_helmet":1,"minecraft:book":32,"mowziesmobs:umvuthana_mask_fear":1,"minecraft:granite":123,"minecraft:coal":1,"projectvibrantjourneys:small_cactus":2,"born_in_chaos_v1:gnawed_bones":1,"minecraft:iron_trapdoor":1,"minecraft:ink_sac":2,"skilltree:gem":145,"minecraft:pumpkin":4,"minecraft:mud":3,"minecraft:iron_shovel":1,"minecraft:string":3,"minecraft:lily_pad":4,"minecraft:acacia_planks":1,"minecraft:moss_carpet":1,"minecraft:stone_sword":3,"born_in_chaos_v1:rotten_fish":3,"sophisticatedbackpacks:backpack":1,"securitycraft:reinforced_cobblestone":16,"minecraft:shears":3,"minecraft:pumpkin_seeds":3,"minecraft:stone":16,"minecraft:bundle":2,"minecraft:diamond_pickaxe":2,"bunker_down:steel_block":2,"minecraft:redstone_torch":3,"minecraft:spider_eye":7,"minecraft:sandstone":37,"minecraft:bow":2,"minecraft:brown_mushroom":2,"minecraft:oak_log":12,"minecraft:baked_potato":113,"minecraft:sandstone_slab":3,"minecraft:jungle_planks":4,"minecraft:raw_gold_block":49,"minecraft:flint":3,"minecraft:cobblestone_stairs":4,"minecraft:mutton":9,"projectvibrantjourneys:bark_mushroom":9,"minecraft:gold_ingot":33,"minecraft:gravel":34,"minecraft:pink_terracotta":2,"minecraft:mangrove_roots":1,"minecraft:smooth_sandstone_stairs":3,"born_in_chaos_v1:ethereal_spirit":5,"minecraft:poppy":4,"projectvibrantjourneys:light_brown_bark_mushroom":2,"minecraft:mangrove_log":2,"minecraft:gunpowder":11,"minecraft:beetroot_seeds":2,"born_in_chaos_v1:corpse_maggot":29,"giacomos_exp:expseed":3,"minecraft:arrow":2,"minecraft:quartz":4,"minecraft:stone_hoe":1,"minecraft:bread":4,"minecraft:oak_slab":8,"minecraft:poisonous_potato":5,"minecraft:observer":1,"minecraft:activator_rail":3,"minecraft:copper_ingot":1,"minecraft:acacia_log":4,"mowziesmobs:wrought_axe":8,"minecraft:stick":53,"minecraft:diorite":38,"minecraft:torch":50,"minecraft:repeater":1,"born_in_chaos_v1:fused_bone":2,"minecraft:map":1,"born_in_chaos_v1:stimulating_decoction":2,"minecraft:iron_leggings":1,"tacz:modern_kinetic_gun":1,"minecraft:redstone":1,"minecraft:kelp":2,"alexsmobs:maggot":1,"minecraft:raw_copper":43,"minecraft:tuff":127,"minecraft:filled_map":6,"minecraft:shield":2,"securitycraft:reinforced_spruce_log":11,"twm:copper_pickaxe":1,"minecraft:andesite":226,"minecraft:light_gray_bed":1,"minecraft:golden_leggings":1,"spartanshields:copper_tower_shield":1,"minecraft:stone_pickaxe":3,"minecraft:raw_gold":63,"minecraft:light_blue_terracotta":1},"minecraft:mined":{"minecraft:cut_sandstone_slab":7,"minecraft:white_bed":3,"minecraft:jungle_leaves":10,"minecraft:obsidian":39,"minecraft:granite":186,"minecraft:red_sand":3,"minecraft:acacia_log":63,"minecraft:jungle_log":14,"minecraft:light_gray_bed":6,"minecraft:oak_pressure_plate":4,"tacz:gun_smith_table":6,"minecraft:spawner":12,"twm:ancient_debris_deepslate":75,"minecraft:magma_block":2,"projectvibrantjourneys:reeds":1,"minecraft:cobbled_deepslate":12,"minecraft:sticky_piston":6,"minecraft:fire":21,"projectvibrantjourneys:bark_mushroom":2,"minecraft:pumpkin":4,"minecraft:deepslate_lapis_ore":75,"minecraft:enchanting_table":1,"minecraft:smooth_red_sandstone":2,"minecraft:dirt_path":2,"minecraft:iron_block":2,"minecraft:sandstone_slab":14,"minecraft:soul_fire":3,"minecraft:amethyst_cluster":7,"born_in_chaos_v1:infected_deepslate_diamond_ore":10,"minecraft:torch":51,"projectvibrantjourneys:twigs":6,"minecraft:melon":23,"minecraft:dead_bush":1,"minecraft:damaged_anvil":1,"projectvibrantjourneys:fallen_leaves":4,"minecraft:sugar_cane":88,"minecraft:skeleton_skull":3,"minecraft:chain":6,"minecraft:wheat":80,"bunker_down:steel_block_slab":2,"minecraft:grass":51,"projectvibrantjourneys:short_grass":22,"minecraft:sandstone_wall":4,"minecraft:stripped_birch_wood":1,"minecraft:smooth_basalt":1,"minecraft:deepslate":1437,"minecraft:mossy_cobblestone":5,"projectvibrantjourneys:rocks":6,"minecraft:nether_bricks":82,"minecraft:jungle_planks":1,"born_in_chaos_v1:black_argillite":8,"minecraft:red_sandstone_stairs":3,"born_in_chaos_v1:gnawed_bones":2,"minecraft:redstone_ore":6,"minecraft:red_sandstone":7,"projectvibrantjourneys:orange_bark_mushroom":1,"minecraft:andesite":351,"bunker_down:steel_vent":1,"minecraft:potatoes":280,"minecraft:vine":8,"bunker_down:steel_block":15,"projectvibrantjourneys:seashells":1,"minecraft:white_wool":1,"bunker_down:ceiling_lamp":1,"minecraft:glass_pane":2,"minecraft:soul_sand":8,"minecraft:observer":1,"minecraft:smooth_sandstone":47,"minecraft:campfire":2,"minecraft:tall_grass":4,"minecraft:copper_ore":146,"minecraft:deepslate_gold_ore":172,"minecraft:diorite":110,"minecraft:spruce_log":765,"minecraft:birch_leaves":2,"minecraft:mangrove_leaves":1,"projectvibrantjourneys:sandy_sprouts":2,"projectvibrantjourneys:birch_hollow_log":1,"minecraft:red_sandstone_wall":1,"minecraft:zombie_head":1,"minecraft:gravel":123,"minecraft:cobweb":15,"minecraft:gold_ore":35,"minecraft:iron_trapdoor":1,"securitycraft:mine":1,"minecraft:large_amethyst_bud":1,"minecraft:cobblestone_stairs":7,"minecraft:brewing_stand":2,"minecraft:grass_block":256,"minecraft:soul_soil":2,"born_in_chaos_v1:pile_of_skulls":1,"minecraft:sandstone_stairs":18,"minecraft:raw_iron_block":2,"minecraft:iron_ore":203,"minecraft:black_carpet":2,"minecraft:iron_bars":3,"sophisticatedbackpacks:copper_backpack":1,"bunker_down:airlock_iron_door":2,"projectvibrantjourneys:cattail":11,"minecraft:deepslate_redstone_ore":363,"projectvibrantjourneys:sea_oats":4,"minecraft:orange_terracotta":3,"minecraft:poppy":2,"minecraft:chest":3,"minecraft:nether_quartz_ore":31,"minecraft:cobblestone":182,"minecraft:oak_planks":2,"minecraft:iron_door":1,"minecraft:wall_torch":62,"minecraft:deepslate_copper_ore":16,"minecraft:seagrass":2,"minecraft:birch_log":1,"projectvibrantjourneys:bones":11,"minecraft:oak_log":160,"minecraft:beetroots":1,"projectvibrantjourneys:pinecones":1,"minecraft:sand":277,"minecraft:dirt":345,"minecraft:netherrack":130,"minecraft:oak_leaves":57,"minecraft:diamond_ore":1,"minecraft:tuff":510,"minecraft:deepslate_diamond_ore":51,"minecraft:mangrove_roots":1,"born_in_chaos_v1:infected_diamond_ore":4,"minecraft:glow_lichen":1,"minecraft:ladder":4,"giacomos_exp:expcrop":1,"minecraft:spruce_leaves":153,"minecraft:acacia_slab":1,"minecraft:sandstone":68,"minecraft:rooted_dirt":1,"minecraft:large_fern":1,"minecraft:hay_block":63,"minecraft:oxidized_cut_copper":1,"minecraft:spruce_sapling":15,"minecraft:furnace":3,"minecraft:carrots":109,"minecraft:raw_gold_block":80,"minecraft:chiseled_sandstone":2,"bunker_down:airlock_iron_trapdoor":1,"minecraft:gold_block":35,"minecraft:nether_brick_fence":1,"minecraft:bookshelf":173,"minecraft:deepslate_iron_ore":385,"minecraft:shroomlight":1,"minecraft:lantern":2,"minecraft:stone":3386,"minecraft:pink_terracotta":1,"minecraft:acacia_leaves":12,"born_in_chaos_v1:marigolds":1,"minecraft:oak_fence":8,"minecraft:crafting_table":17,"projectvibrantjourneys:small_cactus":1,"minecraft:lectern":74,"minecraft:lapis_ore":31,"projectvibrantjourneys:acacia_hollow_log":6,"minecraft:coal_ore":619,"minecraft:cocoa":3,"minecraft:terracotta":1},"minecraft:picked_up":{"born_in_chaos_v1:charmof_stealth":2,"twm:copper_pickaxe":1,"minecraft:enchanted_book":7,"minecraft:brewing_stand":2,"minecraft:string":60,"minecraft:soul_soil":2,"minecraft:shroomlight":1,"minecraft:cobbled_deepslate":523,"minecraft:spruce_planks":41,"born_in_chaos_v1:charmof_power":1,"minecraft:melon_slice":116,"securitycraft:reinforced_spruce_slab":1,"minecraft:mangrove_log":5,"born_in_chaos_v1:shattered_skull":2,"minecraft:acacia_log":59,"born_in_chaos_v1:pileof_dark_metal":1,"minecraft:sandstone_wall":9,"minecraft:cherry_log":6,"minecraft:golden_chestplate":2,"minecraft:pink_terracotta":2,"minecraft:stone_sword":1,"minecraft:light_gray_bed":6,"minecraft:iron_block":2,"projectvibrantjourneys:cattail":11,"minecraft:blaze_rod":9,"minecraft:iron_bars":2,"bunker_down:ceiling_lamp":1,"minecraft:birch_log":2,"minecraft:feather":12,"minecraft:iron_door":1,"born_in_chaos_v1:spiritual_dust":21,"minecraft:jungle_log":18,"alexsmobs:bison_fur":1,"minecraft:flint":40,"minecraft:map":2,"minecraft:lantern":5,"born_in_chaos_v1:marigolds":1,"tacz:gun_smith_table":6,"minecraft:ink_sac":2,"minecraft:bundle":2,"alexsmobs:kangaroo_hide":4,"alexsmobs:guster_eye":1,"minecraft:lever":1,"securitycraft:reinforced_spruce_stairs":38,"minecraft:granite":151,"alexsmobs:tarantula_hawk_wing_fragment":1,"minecraft:bread":4,"alexsmobs:maggot":1,"born_in_chaos_v1:rotten_fish":3,"minecraft:diamond_pickaxe":2,"minecraft:mud":3,"minecraft:crafting_table":17,"minecraft:sandstone_slab":10,"born_in_chaos_v1:seedof_chaos":23,"minecraft:leather_leggings":1,"born_in_chaos_v1:intoxicating_decoction":5,"tacz:ammo":705,"minecraft:beef":26,"born_in_chaos_v1:gnawed_bones":6,"minecraft:poppy":8,"minecraft:chest":3,"minecraft:sandstone":27,"minecraft:stone":186,"securitycraft:reinforced_cobblestone":32,"minecraft:raw_gold_block":141,"born_in_chaos_v1:pieceofdarkmetal":64,"minecraft:carrot":444,"minecraft:redstone":421,"minecraft:beetroot_seeds":2,"spartanshields:copper_tower_shield":1,"minecraft:shears":2,"minecraft:hay_block":63,"minecraft:sandstone_stairs":8,"mowziesmobs:umvuthana_mask_bliss":1,"tombstone:essence_of_undeath":2,"minecraft:gold_ingot":1,"sophisticatedbackpacks:copper_backpack":2,"minecraft:mutton":10,"minecraft:white_wool":5,"alexsmobs:kangaroo_meat":4,"minecraft:rail":2,"born_in_chaos_v1:monster_flesh":19,"minecraft:red_mushroom":2,"minecraft:oak_log":199,"minecraft:lily_pad":9,"mowziesmobs:wrought_axe":10,"projectvibrantjourneys:sea_oats":5,"minecraft:white_banner":1,"mowziesmobs:umvuthana_mask_rage":1,"minecraft:kelp":2,"projectvibrantjourneys:small_cactus":2,"minecraft:stone_pickaxe":2,"minecraft:cobweb":1,"tombstone:bag_of_seeds":1,"minecraft:iron_sword":1,"alexsmobs:fish_bones":1,"born_in_chaos_v1:ethereal_spirit":36,"born_in_chaos_v1:orbofthe_summoner":5,"minecraft:gravel":155,"minecraft:spruce_sapling":107,"minecraft:spruce_log":760,"bunker_down:steel_block_slab":3,"born_in_chaos_v1:pile_of_skulls":1,"tombstone:scroll_of_knowledge":1,"tacz:modern_kinetic_gun":2,"mowziesmobs:umvuthana_mask_fear":1,"projectvibrantjourneys:orange_bark_mushroom":5,"minecraft:ender_pearl":3,"minecraft:wheat":78,"minecraft:nether_brick_fence":1,"minecraft:iron_trapdoor":1,"born_in_chaos_v1:black_argillite":8,"alexsmobs:gazelle_horn":1,"minecraft:raw_copper":637,"minecraft:sticky_piston":6,"minecraft:zombie_head":1,"minecraft:experience_bottle":2,"minecraft:activator_rail":3,"securitycraft:reinforced_spruce_planks":213,"minecraft:iron_pickaxe":3,"born_in_chaos_v1:stimulating_decoction":2,"minecraft:furnace":3,"minecraft:stick":98,"minecraft:oak_fence":8,"born_in_chaos_v1:phantom_powder":7,"minecraft:torch":199,"minecraft:porkchop":11,"tombstone:grave_dust":52,"minecraft:diorite":57,"born_in_chaos_v1:nightmare_claw":4,"minecraft:rotten_flesh":202,"minecraft:mangrove_roots":1,"minecraft:stripped_birch_wood":5,"minecraft:obsidian":36,"minecraft:cobblestone":3070,"minecraft:enchanting_table":1,"minecraft:andesite":285,"minecraft:golden_leggings":1,"minecraft:potato":1130,"projectvibrantjourneys:birch_hollow_log":1,"minecraft:tuff":132,"minecraft:smooth_sandstone_stairs":3,"minecraft:wither_skeleton_skull":2,"projectvibrantjourneys:rocks":1,"skilltree:gem":155,"minecraft:lapis_lazuli":707,"minecraft:dirt":557,"minecraft:cut_sandstone_slab":3,"minecraft:name_tag":1,"born_in_chaos_v1:monster_skin":6,"minecraft:bone":200,"twm:ancient_debris":75,"minecraft:bow":4,"minecraft:wheat_seeds":217,"minecraft:raw_gold":408,"twm:wooden_mace":1,"minecraft:oak_planks":5,"minecraft:cooked_porkchop":8,"minecraft:poisonous_potato":7,"minecraft:sand":259,"minecraft:jungle_planks":1,"minecraft:grass_block":1,"securitycraft:reinforced_stone":463,"minecraft:chiseled_sandstone":1,"born_in_chaos_v1:fire_dust":4,"minecraft:diamond":87,"waystones:waystone":1,"minecraft:crossbow":2,"minecraft:bone_meal":5,"minecraft:emerald":9,"minecraft:oak_sapling":12,"minecraft:netherrack":112,"minecraft:cocoa_beans":12,"born_in_chaos_v1:diamond_termite_shard":29,"minecraft:chicken":5,"minecraft:ladder":10,"minecraft:brown_mushroom":2,"minecraft:gold_block":44,"minecraft:chain":6,"minecraft:shield":2,"securitycraft:reinforced_bookshelf":23,"minecraft:moss_carpet":1,"minecraft:oak_boat":16,"minecraft:observer":1,"minecraft:lectern":74,"minecraft:sugar_cane":208,"minecraft:raw_iron":921,"more_bows_and_arrows:copper_arrow":1,"projectvibrantjourneys:bark_mushroom":9,"minecraft:copper_ingot":1,"born_in_chaos_v1:charmof_endurance":2,"securitycraft:reinforced_spruce_log":205,"minecraft:arrow":59,"minecraft:nether_bricks":79,"securitycraft:reinforced_stone_bricks":61,"born_in_chaos_v1:trident_hayfork":2,"minecraft:skeleton_skull":3,"born_in_chaos_v1:fused_bone":2,"born_in_chaos_v1:corpse_maggot":42,"minecraft:jungle_boat":4,"minecraft:golden_carrot":3,"minecraft:leather":8,"alexsmobs:cachalot_whale_tooth":1,"bunker_down:airlock_iron_door":2,"minecraft:gunpowder":71,"minecraft:cobblestone_stairs":7,"securitycraft:scanner_door_item":6,"bunker_down:steel_block":12,"minecraft:orange_terracotta":10,"minecraft:cooked_mutton":1,"alexsmobs:unsettling_kimono":1,"minecraft:smooth_sandstone":12,"minecraft:red_sandstone":1,"minecraft:iron_ingot":33,"minecraft:cooked_chicken":2,"minecraft:soul_sand":8,"minecraft:book":523,"projectvibrantjourneys:light_brown_bark_mushroom":8,"projectvibrantjourneys:acacia_hollow_log":6,"minecraft:pumpkin":4,"born_in_chaos_v1:lifestealer_bone":6,"minecraft:quartz":60,"minecraft:raw_iron_block":2,"born_in_chaos_v1:dark_rod":11,"minecraft:amethyst_shard":28,"mowziesmobs:wrought_helmet":2,"minecraft:white_bed":3,"minecraft:spider_eye":10,"minecraft:iron_helmet":5,"tombstone:magic_scroll":6,"minecraft:damaged_anvil":1,"minecraft:acacia_slab":1,"minecraft:coal":1047},"minecraft:killed_by":{"minecraft:vex":1,"minecraft:husk":1},"minecraft:broken":{"bunker_down:brittle_pickaxe":1,"minecraft:shears":7,"minecraft:iron_boots":3,"minecraft:iron_chestplate":1,"minecraft:iron_leggings":2,"twm:wooden_mace":1,"securitycraft:universal_block_reinforcer_lvl1":3,"spartanshields:wooden_tower_shield":1,"minecraft:iron_pickaxe":7,"minecraft:iron_shovel":1,"spartanshields:copper_tower_shield":1,"minecraft:stone_pickaxe":7,"twm:copper_pickaxe":1}},"DataVersion":3465}