{"stats":{"minecraft:killed_by":{"minecraft:husk":1},"minecraft:used":{"sophisticatedbackpacks:copper_backpack":1,"minecraft:ladder":6,"born_in_chaos_v1:intoxicating_decoction":1,"minecraft:carrot":102,"spartanshields:wooden_tower_shield":16,"minecraft:lava_bucket":1,"bunker_down:airlock_iron_door":1,"minecraft:furnace":2,"minecraft:potato":22,"projectvibrantjourneys:rocks":1,"minecraft:stone_pickaxe":1131,"minecraft:oak_planks":3,"minecraft:jungle_boat":4,"minecraft:white_wool":5,"minecraft:sand":9,"giacomos_exp:expseed":42,"born_in_chaos_v1:holiday_candy":8,"minecraft:shears":210,"minecraft:red_sandstone":1,"minecraft:chiseled_sandstone":1,"born_in_chaos_v1:monster_flesh":1,"minecraft:bread":56,"minecraft:melon_slice":51,"minecraft:gravel":10,"minecraft:andesite":3,"twm:copper_pickaxe":250,"minecraft:stone_sword":39,"minecraft:acacia_log":1,"tacz:gun_smith_table":3,"minecraft:sandstone_wall":2,"minecraft:stone_hoe":57,"minecraft:cooked_chicken":5,"minecraft:torch":102,"minecraft:dirt":55,"bunker_down:brittle_pickaxe":20,"minecraft:granite":6,"minecraft:shroomlight":1,"minecraft:smooth_sandstone":12,"twm:wooden_mace":214,"more_bows_and_arrows:copper_bow":12,"minecraft:golden_carrot":4,"projectvibrantjourneys:cattail":3,"tombstone:gift":9,"minecraft:cooked_beef":5,"minecraft:light_gray_bed":2,"minecraft:wheat_seeds":1,"minecraft:cooked_mutton":1,"minecraft:water_bucket":1,"tombstone:scroll_of_knowledge":3,"minecraft:cobblestone_stairs":3,"minecraft:sandstone_stairs":8,"projectvibrantjourneys:sea_oats":3,"minecraft:crafting_table":16,"minecraft:white_bed":3,"mowziesmobs:wrought_axe":139,"bunker_down:steel_block_slab":1,"minecraft:apple":1,"minecraft:iron_pickaxe":556,"minecraft:map":2,"spartanshields:copper_tower_shield":35,"minecraft:stone_axe":86,"minecraft:cobblestone":90,"minecraft:cooked_porkchop":8,"minecraft:bucket":2,"alexsmobs:animal_dictionary":1},"minecraft:killed":{"born_in_chaos_v1:zombie_lumberjack":2,"born_in_chaos_v1:restless_spirit":2,"born_in_chaos_v1:skeleton_demoman":1,"minecraft:spider":8,"alexsmobs:murmur":1,"minecraft:skeleton":23,"minecraft:chicken":5,"minecraft:pig":4,"born_in_chaos_v1:diamond_termite":11,"minecraft:zombie_villager":1,"minecraft:iron_golem":2,"born_in_chaos_v1:dread_hound_not_despawn":1,"minecraft:creeper":7,"minecraft:sheep":4,"minecraft:zombie":42,"born_in_chaos_v1:dread_hound":5,"born_in_chaos_v1:corpse_fly":7,"alexsmobs:fly":3,"minecraft:cow":4,"alexsmobs:tarantula_hawk":4,"alexsmobs:rattlesnake":3,"born_in_chaos_v1:maggot":19,"mowziesmobs:ferrous_wroughtnaut":1,"minecraft:drowned":3,"minecraft:husk":3,"born_in_chaos_v1:baby_skeleton":1,"born_in_chaos_v1:swarmer":1,"born_in_chaos_v1:spirit_guide_assistant":2,"minecraft:bat":1,"born_in_chaos_v1:decrepit_skeleton":3,"born_in_chaos_v1:dark_vortex":1,"minecraft:enderman":5},"minecraft:crafted":{"minecraft:oak_planks":60,"minecraft:cooked_chicken":3,"minecraft:stone":53,"more_bows_and_arrows:copper_bow":1,"minecraft:iron_boots":1,"minecraft:melon_seeds":10,"minecraft:emerald":6,"minecraft:crafting_table":6,"minecraft:jungle_boat":1,"minecraft:copper_ingot":67,"minecraft:gold_block":7,"minecraft:hay_block":19,"minecraft:iron_chestplate":1,"minecraft:diamond_pickaxe":1,"minecraft:stick":80,"minecraft:iron_ingot":79,"minecraft:iron_pickaxe":2,"minecraft:iron_block":1,"minecraft:gold_ingot":460,"minecraft:shears":1,"minecraft:furnace":2,"minecraft:bone_meal":9,"more_bows_and_arrows:copper_arrow":7,"minecraft:stone_pickaxe":6,"giacomos_exp:expseed":37,"minecraft:wheat":378,"sophisticatedbackpacks:iron_backpack":1,"minecraft:cooked_beef":5,"tacz:gun_smith_table":1,"minecraft:bucket":1,"minecraft:stone_axe":1,"minecraft:bread":68,"minecraft:air":0,"minecraft:jungle_planks":8,"minecraft:white_wool":3,"minecraft:gold_nugget":9,"minecraft:raw_gold":189,"minecraft:iron_leggings":1,"minecraft:white_bed":1,"twm:copper_pickaxe":1,"minecraft:torch":72},"minecraft:picked_up":{"minecraft:wheat":29,"twm:copper_pickaxe":1,"minecraft:enchanted_book":2,"born_in_chaos_v1:black_argillite":8,"minecraft:string":9,"minecraft:raw_copper":98,"minecraft:zombie_head":1,"minecraft:shroomlight":1,"minecraft:cobbled_deepslate":98,"minecraft:iron_pickaxe":2,"minecraft:melon_slice":116,"minecraft:stick":10,"minecraft:oak_fence":2,"minecraft:torch":44,"minecraft:acacia_log":1,"minecraft:porkchop":11,"minecraft:sandstone_wall":9,"minecraft:diorite":31,"tombstone:grave_dust":8,"minecraft:pink_terracotta":2,"minecraft:rotten_flesh":67,"minecraft:light_gray_bed":2,"projectvibrantjourneys:cattail":8,"minecraft:stripped_birch_wood":5,"minecraft:iron_bars":1,"minecraft:cobblestone":1110,"bunker_down:ceiling_lamp":1,"minecraft:feather":7,"minecraft:jungle_log":16,"minecraft:andesite":110,"minecraft:golden_leggings":1,"minecraft:potato":47,"minecraft:flint":10,"minecraft:tuff":2,"minecraft:smooth_sandstone_stairs":3,"projectvibrantjourneys:rocks":1,"minecraft:cut_sandstone_slab":3,"skilltree:gem":49,"minecraft:map":1,"minecraft:lapis_lazuli":65,"minecraft:dirt":82,"born_in_chaos_v1:monster_skin":3,"minecraft:bone":45,"minecraft:bow":1,"minecraft:wheat_seeds":77,"minecraft:raw_gold":89,"twm:wooden_mace":1,"tacz:gun_smith_table":2,"minecraft:oak_planks":3,"minecraft:cooked_porkchop":8,"minecraft:sand":17,"minecraft:grass_block":1,"minecraft:chiseled_sandstone":1,"minecraft:bundle":1,"minecraft:diamond":6,"minecraft:granite":85,"alexsmobs:tarantula_hawk_wing_fragment":1,"alexsmobs:maggot":1,"minecraft:oak_sapling":2,"minecraft:cocoa_beans":12,"minecraft:mud":3,"born_in_chaos_v1:diamond_termite_shard":11,"minecraft:crafting_table":11,"minecraft:sandstone_slab":10,"minecraft:chicken":5,"minecraft:ladder":6,"minecraft:brown_mushroom":1,"minecraft:gold_block":38,"born_in_chaos_v1:intoxicating_decoction":4,"tacz:ammo":180,"minecraft:beef":6,"born_in_chaos_v1:gnawed_bones":4,"minecraft:observer":1,"minecraft:poppy":4,"minecraft:sugar_cane":37,"minecraft:raw_iron":125,"minecraft:sandstone":10,"more_bows_and_arrows:copper_arrow":1,"minecraft:raw_gold_block":105,"born_in_chaos_v1:pieceofdarkmetal":2,"minecraft:carrot":72,"minecraft:redstone":129,"minecraft:arrow":35,"spartanshields:copper_tower_shield":1,"minecraft:hay_block":63,"minecraft:sandstone_stairs":8,"minecraft:gold_ingot":1,"sophisticatedbackpacks:copper_backpack":1,"minecraft:mutton":2,"minecraft:white_wool":5,"minecraft:skeleton_skull":3,"minecraft:rail":2,"born_in_chaos_v1:corpse_maggot":19,"minecraft:jungle_boat":4,"born_in_chaos_v1:monster_flesh":2,"minecraft:leather":4,"minecraft:red_mushroom":2,"minecraft:oak_log":39,"bunker_down:airlock_iron_door":1,"minecraft:gunpowder":13,"minecraft:cobblestone_stairs":3,"mowziesmobs:wrought_axe":1,"projectvibrantjourneys:sea_oats":3,"bunker_down:steel_block":2,"minecraft:orange_terracotta":10,"alexsmobs:unsettling_kimono":1,"minecraft:cooked_mutton":1,"minecraft:smooth_sandstone":12,"minecraft:red_sandstone":1,"projectvibrantjourneys:small_cactus":2,"minecraft:iron_ingot":12,"minecraft:stone_pickaxe":2,"minecraft:cooked_chicken":2,"projectvibrantjourneys:light_brown_bark_mushroom":2,"projectvibrantjourneys:acacia_hollow_log":6,"minecraft:pumpkin":4,"born_in_chaos_v1:ethereal_spirit":4,"minecraft:gravel":91,"born_in_chaos_v1:dark_rod":1,"mowziesmobs:wrought_helmet":1,"minecraft:white_bed":2,"minecraft:spider_eye":2,"bunker_down:steel_block_slab":1,"tacz:modern_kinetic_gun":2,"minecraft:iron_helmet":5,"projectvibrantjourneys:orange_bark_mushroom":1,"tombstone:magic_scroll":1,"minecraft:coal":163,"minecraft:ender_pearl":1},"minecraft:dropped":{"minecraft:brown_mushroom":1,"minecraft:porkchop":3,"minecraft:sandstone_slab":3,"minecraft:rail":2,"projectvibrantjourneys:orange_bark_mushroom":1,"minecraft:cut_sandstone_slab":2,"minecraft:raw_gold_block":49,"minecraft:red_mushroom":2,"minecraft:dirt":15,"minecraft:mutton":1,"minecraft:sand":12,"minecraft:iron_pickaxe":2,"bunker_down:ceiling_lamp":1,"minecraft:gold_ingot":1,"minecraft:pink_terracotta":2,"minecraft:stone_axe":1,"minecraft:smooth_sandstone_stairs":3,"minecraft:rotten_flesh":31,"minecraft:poppy":4,"projectvibrantjourneys:light_brown_bark_mushroom":2,"born_in_chaos_v1:corpse_maggot":7,"minecraft:beef":1,"projectvibrantjourneys:cattail":5,"twm:wooden_mace":1,"minecraft:wheat_seeds":6,"minecraft:iron_helmet":1,"minecraft:cobblestone":165,"minecraft:granite":58,"minecraft:stick":19,"projectvibrantjourneys:small_cactus":2,"minecraft:diorite":13,"minecraft:torch":2,"skilltree:gem":8,"minecraft:map":1,"tacz:modern_kinetic_gun":1,"minecraft:string":1,"alexsmobs:maggot":1,"minecraft:stone_sword":1,"minecraft:tuff":1,"minecraft:filled_map":2,"minecraft:bundle":1,"twm:copper_pickaxe":1,"minecraft:andesite":106,"minecraft:golden_leggings":1,"spartanshields:copper_tower_shield":1,"bunker_down:steel_block":1,"minecraft:spider_eye":1,"minecraft:sandstone":20,"minecraft:stone_pickaxe":3,"minecraft:raw_gold":63,"minecraft:light_blue_terracotta":1},"minecraft:custom":{"minecraft:interact_with_crafting_table":75,"minecraft:open_barrel":28,"minecraft:leave_game":11,"minecraft:time_since_death":11483,"minecraft:sprint_one_cm":570110,"minecraft:damage_blocked_by_shield":4590,"minecraft:drop":106,"minecraft:talked_to_villager":5,"minecraft:play_time":435794,"minecraft:deaths":15,"minecraft:jump":5310,"minecraft:walk_on_water_one_cm":32061,"minecraft:interact_with_furnace":80,"minecraft:traded_with_villager":6,"minecraft:sleep_in_bed":15,"minecraft:damage_dealt":22891,"minecraft:crouch_one_cm":28739,"tombstone:undead_killed":83,"minecraft:inspect_dispenser":5,"minecraft:mob_kills":187,"minecraft:interact_with_campfire":11,"minecraft:damage_dealt_resisted":300,"minecraft:climb_one_cm":54608,"minecraft:walk_one_cm":1618849,"minecraft:sneak_time":11706,"minecraft:walk_under_water_one_cm":21867,"minecraft:total_world_time":435794,"spartanshields:shield_bash_hits":4,"minecraft:time_since_rest":10203,"minecraft:damage_taken":11504,"minecraft:swim_one_cm":87615,"minecraft:fly_one_cm":749800,"minecraft:open_chest":61,"minecraft:fall_one_cm":77377},"minecraft:mined":{"minecraft:cut_sandstone_slab":5,"minecraft:white_bed":2,"minecraft:cobblestone_stairs":3,"minecraft:jungle_leaves":1,"minecraft:granite":67,"minecraft:red_sand":3,"minecraft:acacia_log":1,"minecraft:grass_block":71,"minecraft:jungle_log":14,"minecraft:light_gray_bed":2,"minecraft:oak_pressure_plate":4,"tacz:gun_smith_table":2,"minecraft:sandstone_stairs":13,"minecraft:spawner":1,"projectvibrantjourneys:reeds":1,"minecraft:iron_ore":87,"minecraft:fire":6,"minecraft:pumpkin":4,"minecraft:black_carpet":2,"minecraft:deepslate_lapis_ore":2,"minecraft:dirt_path":2,"minecraft:iron_bars":1,"sophisticatedbackpacks:copper_backpack":1,"projectvibrantjourneys:cattail":8,"bunker_down:airlock_iron_door":1,"minecraft:deepslate_redstone_ore":35,"minecraft:sandstone_slab":11,"projectvibrantjourneys:sea_oats":4,"minecraft:orange_terracotta":1,"born_in_chaos_v1:infected_deepslate_diamond_ore":5,"minecraft:torch":18,"projectvibrantjourneys:twigs":5,"minecraft:melon":23,"minecraft:dead_bush":1,"minecraft:cobblestone":72,"projectvibrantjourneys:fallen_leaves":2,"minecraft:oak_planks":2,"minecraft:wall_torch":20,"minecraft:skeleton_skull":3,"minecraft:wheat":31,"projectvibrantjourneys:bones":10,"bunker_down:steel_block_slab":1,"minecraft:grass":15,"minecraft:oak_log":34,"projectvibrantjourneys:short_grass":6,"minecraft:sand":31,"minecraft:dirt":20,"minecraft:sandstone_wall":4,"minecraft:stripped_birch_wood":1,"minecraft:oak_leaves":16,"minecraft:deepslate":98,"minecraft:tuff":1,"minecraft:deepslate_diamond_ore":6,"projectvibrantjourneys:rocks":2,"giacomos_exp:expcrop":1,"born_in_chaos_v1:black_argillite":8,"minecraft:red_sandstone_stairs":3,"born_in_chaos_v1:gnawed_bones":1,"minecraft:sandstone":10,"minecraft:hay_block":63,"minecraft:carrots":20,"minecraft:raw_gold_block":50,"minecraft:red_sandstone":6,"minecraft:chiseled_sandstone":2,"minecraft:andesite":109,"minecraft:gold_block":29,"minecraft:deepslate_iron_ore":38,"minecraft:potatoes":12,"minecraft:shroomlight":1,"minecraft:vine":1,"bunker_down:steel_block":1,"projectvibrantjourneys:seashells":1,"minecraft:stone":951,"minecraft:white_wool":1,"bunker_down:ceiling_lamp":1,"minecraft:observer":1,"minecraft:oak_fence":2,"minecraft:smooth_sandstone":35,"minecraft:crafting_table":11,"projectvibrantjourneys:small_cactus":1,"minecraft:copper_ore":26,"minecraft:deepslate_gold_ore":20,"minecraft:lapis_ore":9,"minecraft:diorite":31,"projectvibrantjourneys:acacia_hollow_log":6,"minecraft:red_sandstone_wall":1,"minecraft:coal_ore":163,"minecraft:cocoa":3,"minecraft:zombie_head":1,"minecraft:gravel":74,"minecraft:gold_ore":6},"minecraft:broken":{"bunker_down:brittle_pickaxe":1,"spartanshields:copper_tower_shield":1,"minecraft:iron_boots":1,"twm:wooden_mace":1,"minecraft:stone_pickaxe":7,"twm:copper_pickaxe":1,"spartanshields:wooden_tower_shield":1,"minecraft:iron_pickaxe":2}},"DataVersion":3465}