{"stats":{"minecraft:killed_by":{"minecraft:vex":1,"minecraft:husk":1},"minecraft:used":{"minecraft:iron_shovel":463,"sophisticatedbackpacks:copper_backpack":1,"minecraft:ladder":9,"born_in_chaos_v1:intoxicating_decoction":1,"minecraft:chest":1,"minecraft:jungle_planks":1,"minecraft:carrot":180,"born_in_chaos_v1:smoked_flesh":1,"spartanshields:wooden_tower_shield":16,"minecraft:lava_bucket":2,"bunker_down:airlock_iron_door":1,"minecraft:oak_sapling":10,"minecraft:furnace":4,"minecraft:potato":252,"projectvibrantjourneys:rocks":1,"minecraft:stone_pickaxe":1131,"minecraft:oak_planks":3,"minecraft:sugar_cane":34,"minecraft:jungle_boat":4,"minecraft:white_wool":5,"minecraft:glow_berries":3,"minecraft:sand":13,"giacomos_exp:expseed":54,"born_in_chaos_v1:holiday_candy":9,"minecraft:shears":1601,"minecraft:lever":1,"bunker_down:steel_block":9,"minecraft:red_sandstone":1,"minecraft:chiseled_sandstone":1,"born_in_chaos_v1:monster_flesh":1,"minecraft:zombie_head":1,"minecraft:melon_slice":51,"minecraft:bread":122,"minecraft:lectern":73,"minecraft:gravel":19,"minecraft:grindstone":1,"minecraft:andesite":4,"minecraft:oak_boat":12,"twm:copper_pickaxe":250,"minecraft:bone_meal":45,"minecraft:oak_fence":47,"minecraft:cobweb":1,"minecraft:iron_bars":1,"minecraft:acacia_log":1,"minecraft:stone_sword":53,"minecraft:enchanting_table":2,"minecraft:flint_and_steel":23,"tacz:gun_smith_table":5,"minecraft:cooked_chicken":5,"minecraft:sandstone_wall":2,"minecraft:stone_hoe":121,"securitycraft:reinforced_bookshelf":21,"minecraft:torch":274,"minecraft:dirt":103,"minecraft:anvil":1,"bunker_down:brittle_pickaxe":20,"minecraft:granite":6,"minecraft:shroomlight":1,"minecraft:bookshelf":6,"minecraft:acacia_slab":1,"minecraft:smooth_sandstone":12,"twm:wooden_mace":214,"more_bows_and_arrows:copper_bow":46,"minecraft:golden_carrot":4,"projectvibrantjourneys:cattail":3,"tombstone:gift":9,"minecraft:light_gray_bed":2,"minecraft:cooked_beef":22,"minecraft:cobbled_deepslate":57,"minecraft:wheat_seeds":50,"minecraft:cooked_mutton":1,"minecraft:water_bucket":2,"minecraft:acacia_boat":1,"tombstone:scroll_of_knowledge":3,"minecraft:cobblestone_stairs":3,"minecraft:sandstone_stairs":8,"minecraft:baked_potato":151,"projectvibrantjourneys:sea_oats":3,"minecraft:crafting_table":23,"minecraft:white_bed":3,"minecraft:spruce_log":1,"mowziesmobs:wrought_axe":2084,"minecraft:oak_log":1,"bunker_down:steel_block_slab":1,"minecraft:diamond_pickaxe":394,"minecraft:apple":1,"spartanshields:copper_tower_shield":35,"tombstone:magic_scroll":1,"minecraft:iron_pickaxe":1756,"minecraft:map":6,"minecraft:spruce_sapling":108,"minecraft:stone_axe":86,"minecraft:cobblestone":118,"minecraft:cooked_porkchop":8,"minecraft:bucket":5,"alexsmobs:animal_dictionary":1},"minecraft:killed":{"born_in_chaos_v1:lifestealer_true_form":1,"born_in_chaos_v1:zombie_clown":2,"minecraft:cave_spider":9,"born_in_chaos_v1:zombie_lumberjack":6,"born_in_chaos_v1:restless_spirit":4,"born_in_chaos_v1:skeleton_demoman":2,"minecraft:spider":19,"alexsmobs:murmur":1,"born_in_chaos_v1:siamese_skeletonsright":2,"born_in_chaos_v1:baby_skeleton_minion":9,"born_in_chaos_v1:scarlet_persecutor":3,"minecraft:skeleton":33,"minecraft:chicken":5,"born_in_chaos_v1:skeleton_thrasher":1,"alexsmobs:skelewag":1,"born_in_chaos_v1:supreme_bonescaller_stage_2":1,"born_in_chaos_v1:bonescaller":1,"minecraft:pig":4,"born_in_chaos_v1:diamond_termite":16,"minecraft:zombie_villager":3,"minecraft:iron_golem":2,"born_in_chaos_v1:dread_hound_not_despawn":1,"minecraft:creeper":18,"minecraft:sheep":5,"born_in_chaos_v1:zombie_fisherman":2,"minecraft:pillager":3,"minecraft:zombie":76,"born_in_chaos_v1:dread_hound":13,"alexsmobs:terrapin":1,"born_in_chaos_v1:corpse_fly":20,"minecraft:stray":3,"alexsmobs:fly":5,"born_in_chaos_v1:door_knight":2,"mowziesmobs:umvuthana_raptor":1,"born_in_chaos_v1:siamese_skeletonsleft":2,"minecraft:cow":7,"minecraft:vex":2,"born_in_chaos_v1:missioner":1,"alexsmobs:tarantula_hawk":4,"alexsmobs:raccoon":1,"born_in_chaos_v1:zombie_clown_not_despawn":1,"born_in_chaos_v1:skeleton_thrasher_not_despawn":1,"alexsmobs:rattlesnake":3,"born_in_chaos_v1:zombie_bruiser":5,"born_in_chaos_v1:maggot":41,"mowziesmobs:ferrous_wroughtnaut":1,"alexsmobs:bison":1,"minecraft:drowned":11,"born_in_chaos_v1:corpse_fish":6,"born_in_chaos_v1:siamese_skeletons":1,"born_in_chaos_v1:spiritof_chaos":2,"born_in_chaos_v1:fallen_chaos_knight":1,"minecraft:husk":3,"born_in_chaos_v1:bone_imp_minion":10,"born_in_chaos_v1:baby_skeleton":7,"born_in_chaos_v1:swarmer":3,"born_in_chaos_v1:spirit_guide_assistant":3,"minecraft:bat":1,"mowziesmobs:umvuthana_follower_raptor":4,"alexsmobs:rhinoceros":2,"born_in_chaos_v1:decrepit_skeleton":17,"born_in_chaos_v1:bloody_gadfly":1,"born_in_chaos_v1:decaying_zombie":1,"alexsmobs:gazelle":5,"born_in_chaos_v1:bonescaller_not_despawn":2,"born_in_chaos_v1:dark_vortex":6,"minecraft:enderman":5},"minecraft:crafted":{"minecraft:oak_planks":304,"minecraft:cooked_chicken":3,"minecraft:stone":117,"more_bows_and_arrows:copper_bow":1,"minecraft:bookshelf":29,"minecraft:glass":21,"minecraft:bow":1,"minecraft:iron_boots":3,"minecraft:melon_seeds":10,"minecraft:copper_block":17,"minecraft:oak_fence":75,"minecraft:oak_slab":12,"minecraft:emerald":16,"minecraft:crafting_table":7,"minecraft:jungle_boat":1,"skilltree:iron_ring":2,"minecraft:baked_potato":329,"minecraft:raw_gold_block":15,"minecraft:copper_ingot":483,"minecraft:gold_block":24,"minecraft:hay_block":19,"minecraft:birch_planks":6,"minecraft:iron_chestplate":1,"minecraft:diamond_pickaxe":2,"minecraft:charcoal":64,"minecraft:stick":364,"minecraft:iron_ingot":310,"minecraft:iron_pickaxe":3,"minecraft:iron_block":8,"minecraft:stone_sword":1,"minecraft:gold_ingot":677,"minecraft:shears":8,"minecraft:redstone":9,"minecraft:iron_nugget":9,"minecraft:furnace":4,"minecraft:bone_meal":27,"minecraft:glass_pane":16,"more_bows_and_arrows:copper_arrow":7,"born_in_chaos_v1:pieceofdarkmetal":9,"minecraft:diamond":1,"minecraft:leather":2,"minecraft:ladder":3,"twm:titanite_scrap":19,"minecraft:stone_pickaxe":6,"minecraft:redstone_block":24,"giacomos_exp:expseed":49,"sophisticatedbackpacks:iron_backpack":1,"minecraft:wheat":513,"minecraft:cooked_beef":25,"minecraft:sugar":32,"tacz:gun_smith_table":1,"minecraft:bucket":3,"minecraft:bone":24,"minecraft:stone_axe":1,"minecraft:jungle_planks":8,"minecraft:bread":113,"minecraft:acacia_boat":1,"minecraft:air":0,"minecraft:oak_boat":1,"sophisticatedbackpacks:pump_upgrade":1,"minecraft:white_wool":3,"minecraft:gold_nugget":9,"minecraft:raw_gold":317,"minecraft:gunpowder":48,"minecraft:iron_shovel":2,"minecraft:iron_leggings":3,"minecraft:anvil":1,"minecraft:white_bed":1,"minecraft:acacia_planks":152,"twm:copper_pickaxe":1,"minecraft:torch":132,"minecraft:lapis_lazuli":18,"minecraft:lapis_block":39},"minecraft:picked_up":{"born_in_chaos_v1:charmof_stealth":2,"minecraft:wheat":78,"twm:copper_pickaxe":1,"minecraft:enchanted_book":7,"born_in_chaos_v1:black_argillite":8,"alexsmobs:gazelle_horn":1,"minecraft:string":35,"minecraft:raw_copper":510,"minecraft:sticky_piston":6,"minecraft:zombie_head":1,"minecraft:shroomlight":1,"minecraft:cobbled_deepslate":393,"minecraft:iron_pickaxe":3,"born_in_chaos_v1:stimulating_decoction":2,"minecraft:melon_slice":116,"minecraft:mangrove_log":3,"minecraft:stick":98,"born_in_chaos_v1:shattered_skull":1,"minecraft:oak_fence":8,"minecraft:torch":129,"minecraft:acacia_log":55,"minecraft:sandstone_wall":9,"minecraft:porkchop":11,"tombstone:grave_dust":22,"minecraft:diorite":31,"minecraft:golden_chestplate":2,"minecraft:pink_terracotta":2,"minecraft:light_gray_bed":4,"minecraft:rotten_flesh":128,"minecraft:iron_block":2,"minecraft:mangrove_roots":1,"projectvibrantjourneys:cattail":11,"minecraft:stripped_birch_wood":5,"minecraft:iron_bars":1,"minecraft:cobblestone":1532,"bunker_down:ceiling_lamp":1,"minecraft:birch_log":2,"minecraft:enchanting_table":1,"minecraft:feather":12,"born_in_chaos_v1:spiritual_dust":10,"minecraft:jungle_log":18,"minecraft:andesite":167,"minecraft:golden_leggings":1,"minecraft:potato":668,"alexsmobs:bison_fur":1,"projectvibrantjourneys:birch_hollow_log":1,"minecraft:flint":10,"minecraft:tuff":33,"minecraft:smooth_sandstone_stairs":3,"projectvibrantjourneys:rocks":1,"minecraft:map":2,"skilltree:gem":99,"minecraft:lapis_lazuli":374,"minecraft:dirt":501,"minecraft:cut_sandstone_slab":3,"minecraft:lantern":2,"born_in_chaos_v1:monster_skin":6,"minecraft:bone":97,"twm:ancient_debris":19,"minecraft:bow":3,"minecraft:wheat_seeds":214,"minecraft:raw_gold":144,"twm:wooden_mace":1,"tacz:gun_smith_table":5,"minecraft:oak_planks":5,"minecraft:cooked_porkchop":8,"minecraft:poisonous_potato":3,"minecraft:sand":47,"minecraft:jungle_planks":1,"minecraft:grass_block":1,"minecraft:chiseled_sandstone":1,"minecraft:bundle":2,"minecraft:diamond":24,"minecraft:lever":1,"waystones:waystone":1,"minecraft:crossbow":2,"minecraft:granite":85,"alexsmobs:tarantula_hawk_wing_fragment":1,"minecraft:bone_meal":4,"minecraft:leather_leggings":1,"minecraft:bread":1,"alexsmobs:maggot":1,"born_in_chaos_v1:rotten_fish":3,"minecraft:oak_sapling":12,"minecraft:diamond_pickaxe":2,"minecraft:crafting_table":16,"minecraft:mud":3,"minecraft:cocoa_beans":12,"born_in_chaos_v1:diamond_termite_shard":17,"minecraft:sandstone_slab":10,"minecraft:chicken":5,"minecraft:ladder":6,"born_in_chaos_v1:seedof_chaos":12,"minecraft:brown_mushroom":2,"minecraft:gold_block":39,"minecraft:chain":6,"minecraft:shield":2,"securitycraft:reinforced_bookshelf":23,"minecraft:moss_carpet":1,"born_in_chaos_v1:intoxicating_decoction":5,"tacz:ammo":585,"minecraft:beef":26,"minecraft:oak_boat":12,"born_in_chaos_v1:gnawed_bones":6,"minecraft:observer":1,"minecraft:poppy":4,"minecraft:lectern":72,"minecraft:sugar_cane":135,"minecraft:raw_iron":292,"minecraft:sandstone":27,"minecraft:stone":16,"more_bows_and_arrows:copper_arrow":1,"minecraft:raw_gold_block":111,"minecraft:copper_ingot":1,"projectvibrantjourneys:bark_mushroom":9,"born_in_chaos_v1:charmof_endurance":2,"born_in_chaos_v1:pieceofdarkmetal":30,"minecraft:carrot":264,"minecraft:redstone":269,"minecraft:arrow":53,"minecraft:beetroot_seeds":2,"spartanshields:copper_tower_shield":1,"minecraft:shears":1,"minecraft:hay_block":63,"minecraft:sandstone_stairs":8,"born_in_chaos_v1:trident_hayfork":2,"mowziesmobs:umvuthana_mask_bliss":1,"minecraft:gold_ingot":1,"tombstone:essence_of_undeath":2,"sophisticatedbackpacks:copper_backpack":1,"minecraft:mutton":10,"minecraft:rail":2,"minecraft:skeleton_skull":3,"minecraft:white_wool":5,"born_in_chaos_v1:fused_bone":2,"born_in_chaos_v1:corpse_maggot":42,"minecraft:jungle_boat":4,"born_in_chaos_v1:monster_flesh":5,"minecraft:leather":8,"minecraft:red_mushroom":2,"alexsmobs:cachalot_whale_tooth":1,"minecraft:oak_log":199,"minecraft:lily_pad":5,"bunker_down:airlock_iron_door":2,"minecraft:gunpowder":44,"minecraft:cobblestone_stairs":3,"mowziesmobs:wrought_axe":6,"projectvibrantjourneys:sea_oats":3,"minecraft:white_banner":1,"bunker_down:steel_block":12,"minecraft:orange_terracotta":10,"alexsmobs:unsettling_kimono":1,"minecraft:cooked_mutton":1,"minecraft:smooth_sandstone":12,"mowziesmobs:umvuthana_mask_rage":1,"minecraft:kelp":2,"minecraft:red_sandstone":1,"projectvibrantjourneys:small_cactus":2,"minecraft:iron_ingot":19,"minecraft:stone_pickaxe":2,"minecraft:cooked_chicken":2,"minecraft:cobweb":1,"minecraft:iron_sword":1,"minecraft:book":507,"projectvibrantjourneys:light_brown_bark_mushroom":8,"projectvibrantjourneys:acacia_hollow_log":6,"minecraft:pumpkin":4,"alexsmobs:fish_bones":1,"born_in_chaos_v1:lifestealer_bone":3,"minecraft:quartz":4,"born_in_chaos_v1:orbofthe_summoner":2,"born_in_chaos_v1:ethereal_spirit":26,"minecraft:gravel":113,"born_in_chaos_v1:dark_rod":11,"minecraft:amethyst_shard":28,"mowziesmobs:wrought_helmet":1,"minecraft:spruce_sapling":107,"minecraft:white_bed":2,"minecraft:spruce_log":760,"minecraft:spider_eye":7,"bunker_down:steel_block_slab":3,"born_in_chaos_v1:pile_of_skulls":1,"tombstone:scroll_of_knowledge":1,"tacz:modern_kinetic_gun":2,"minecraft:iron_helmet":5,"mowziesmobs:umvuthana_mask_fear":1,"projectvibrantjourneys:orange_bark_mushroom":5,"tombstone:magic_scroll":2,"minecraft:acacia_slab":1,"minecraft:coal":347,"minecraft:ender_pearl":1},"minecraft:dropped":{"minecraft:iron_sword":1,"minecraft:brown_mushroom":2,"minecraft:porkchop":3,"minecraft:lapis_lazuli":14,"minecraft:oak_log":12,"minecraft:baked_potato":16,"minecraft:glass_bottle":1,"minecraft:sandstone_slab":3,"minecraft:crossbow":2,"projectvibrantjourneys:orange_bark_mushroom":3,"minecraft:rail":2,"minecraft:cut_sandstone_slab":2,"minecraft:raw_gold_block":49,"minecraft:red_mushroom":2,"born_in_chaos_v1:monster_flesh":2,"minecraft:dirt":31,"mowziesmobs:umvuthana_mask_bliss":1,"minecraft:mutton":9,"minecraft:chain":6,"minecraft:sand":17,"minecraft:iron_pickaxe":3,"minecraft:fishing_rod":1,"bunker_down:ceiling_lamp":1,"projectvibrantjourneys:bark_mushroom":9,"minecraft:gold_ingot":1,"minecraft:gravel":1,"minecraft:stone_axe":1,"minecraft:pink_terracotta":2,"minecraft:mangrove_roots":1,"minecraft:iron_nugget":1,"alexsmobs:gazelle_horn":1,"minecraft:cobbled_deepslate":310,"minecraft:smooth_sandstone_stairs":3,"minecraft:rotten_flesh":79,"born_in_chaos_v1:smoked_flesh":2,"minecraft:oak_planks":4,"minecraft:poppy":4,"projectvibrantjourneys:light_brown_bark_mushroom":2,"minecraft:mangrove_log":1,"minecraft:gunpowder":10,"minecraft:beetroot_seeds":2,"minecraft:jungle_log":2,"born_in_chaos_v1:corpse_maggot":29,"tombstone:scroll_of_knowledge":1,"minecraft:leather_leggings":1,"projectvibrantjourneys:cattail":8,"minecraft:beef":1,"minecraft:stone_hoe":1,"born_in_chaos_v1:intoxicating_decoction":1,"minecraft:iron_ingot":9,"minecraft:enchanted_book":3,"minecraft:bread":1,"twm:wooden_mace":1,"minecraft:oak_slab":8,"minecraft:wheat_seeds":91,"minecraft:poisonous_potato":3,"minecraft:iron_helmet":1,"minecraft:cobblestone":309,"mowziesmobs:umvuthana_mask_fear":1,"minecraft:observer":1,"minecraft:granite":58,"minecraft:copper_ingot":1,"mowziesmobs:wrought_axe":5,"minecraft:stick":53,"projectvibrantjourneys:small_cactus":2,"born_in_chaos_v1:gnawed_bones":1,"minecraft:diorite":13,"minecraft:torch":31,"skilltree:gem":94,"born_in_chaos_v1:fused_bone":2,"minecraft:map":1,"born_in_chaos_v1:stimulating_decoction":2,"tacz:modern_kinetic_gun":1,"minecraft:mud":3,"minecraft:string":3,"minecraft:lily_pad":2,"minecraft:acacia_planks":1,"minecraft:redstone":1,"minecraft:moss_carpet":1,"minecraft:kelp":2,"alexsmobs:maggot":1,"minecraft:stone_sword":2,"minecraft:tuff":32,"born_in_chaos_v1:rotten_fish":3,"sophisticatedbackpacks:backpack":1,"minecraft:shears":2,"minecraft:filled_map":6,"minecraft:stone":16,"minecraft:shield":2,"minecraft:bundle":2,"twm:copper_pickaxe":1,"minecraft:diamond_pickaxe":2,"minecraft:andesite":119,"minecraft:golden_leggings":1,"spartanshields:copper_tower_shield":1,"bunker_down:steel_block":2,"minecraft:spider_eye":5,"minecraft:sandstone":37,"minecraft:bow":2,"minecraft:stone_pickaxe":3,"minecraft:raw_gold":63,"minecraft:light_blue_terracotta":1},"minecraft:custom":{"minecraft:animals_bred":10,"minecraft:interact_with_crafting_table":152,"minecraft:open_barrel":51,"minecraft:leave_game":23,"minecraft:time_since_death":365544,"minecraft:sprint_one_cm":1447043,"minecraft:damage_blocked_by_shield":4590,"minecraft:drop":290,"minecraft:talked_to_villager":95,"minecraft:play_time":1090236,"minecraft:deaths":16,"minecraft:jump":12663,"minecraft:walk_on_water_one_cm":128689,"minecraft:enchant_item":11,"minecraft:interact_with_furnace":302,"minecraft:traded_with_villager":16,"minecraft:sleep_in_bed":21,"minecraft:waystone_activated":1,"minecraft:damage_dealt":63175,"minecraft:player_kills":1,"minecraft:crouch_one_cm":51696,"tombstone:undead_killed":214,"minecraft:interact_with_smoker":1,"minecraft:inspect_dispenser":5,"minecraft:interact_with_anvil":5,"minecraft:mob_kills":449,"minecraft:interact_with_campfire":11,"minecraft:damage_dealt_resisted":4910,"minecraft:climb_one_cm":104259,"minecraft:walk_one_cm":3536007,"minecraft:sneak_time":23399,"minecraft:walk_under_water_one_cm":130745,"minecraft:boat_one_cm":735525,"minecraft:interact_with_lectern":1,"minecraft:total_world_time":1090236,"spartanshields:shield_bash_hits":4,"minecraft:interact_with_grindstone":3,"minecraft:time_since_rest":24109,"minecraft:damage_taken":22465,"minecraft:swim_one_cm":374207,"minecraft:fly_one_cm":1678458,"minecraft:open_chest":322,"minecraft:fall_one_cm":215487},"minecraft:mined":{"minecraft:large_amethyst_bud":1,"securitycraft:mine":1,"minecraft:cut_sandstone_slab":5,"minecraft:white_bed":2,"minecraft:cobblestone_stairs":3,"minecraft:jungle_leaves":9,"minecraft:obsidian":1,"minecraft:granite":72,"minecraft:red_sand":3,"minecraft:acacia_log":63,"minecraft:grass_block":236,"minecraft:jungle_log":14,"minecraft:light_gray_bed":4,"minecraft:oak_pressure_plate":4,"twm:ancient_debris_deepslate":19,"tacz:gun_smith_table":5,"born_in_chaos_v1:pile_of_skulls":1,"minecraft:sandstone_stairs":13,"minecraft:spawner":2,"projectvibrantjourneys:reeds":1,"minecraft:iron_ore":142,"minecraft:sticky_piston":6,"minecraft:fire":20,"minecraft:cobbled_deepslate":12,"projectvibrantjourneys:bark_mushroom":2,"minecraft:pumpkin":4,"minecraft:black_carpet":2,"minecraft:deepslate_lapis_ore":41,"minecraft:enchanting_table":1,"minecraft:dirt_path":2,"minecraft:iron_bars":1,"minecraft:iron_block":2,"sophisticatedbackpacks:copper_backpack":1,"projectvibrantjourneys:cattail":11,"bunker_down:airlock_iron_door":2,"minecraft:deepslate_redstone_ore":110,"minecraft:sandstone_slab":11,"projectvibrantjourneys:sea_oats":4,"minecraft:amethyst_cluster":7,"minecraft:orange_terracotta":1,"minecraft:torch":38,"born_in_chaos_v1:infected_deepslate_diamond_ore":5,"projectvibrantjourneys:twigs":6,"minecraft:melon":23,"minecraft:dead_bush":1,"minecraft:nether_quartz_ore":4,"minecraft:cobblestone":88,"minecraft:oak_planks":2,"minecraft:sugar_cane":50,"projectvibrantjourneys:fallen_leaves":4,"minecraft:wall_torch":49,"minecraft:deepslate_copper_ore":16,"minecraft:skeleton_skull":3,"minecraft:seagrass":2,"minecraft:chain":4,"minecraft:birch_log":1,"minecraft:wheat":80,"projectvibrantjourneys:bones":10,"bunker_down:steel_block_slab":2,"minecraft:grass":49,"minecraft:oak_log":160,"minecraft:beetroots":1,"projectvibrantjourneys:short_grass":19,"minecraft:dirt":267,"minecraft:sand":82,"projectvibrantjourneys:pinecones":1,"minecraft:sandstone_wall":4,"minecraft:stripped_birch_wood":1,"minecraft:netherrack":5,"minecraft:oak_leaves":52,"minecraft:deepslate":271,"minecraft:diamond_ore":1,"minecraft:tuff":37,"minecraft:deepslate_diamond_ore":23,"minecraft:mangrove_roots":1,"projectvibrantjourneys:rocks":5,"born_in_chaos_v1:infected_diamond_ore":2,"minecraft:glow_lichen":1,"giacomos_exp:expcrop":1,"minecraft:jungle_planks":1,"born_in_chaos_v1:black_argillite":8,"minecraft:red_sandstone_stairs":3,"minecraft:spruce_leaves":153,"minecraft:acacia_slab":1,"minecraft:sandstone":68,"born_in_chaos_v1:gnawed_bones":2,"minecraft:large_fern":1,"minecraft:hay_block":63,"minecraft:oxidized_cut_copper":1,"minecraft:redstone_ore":1,"minecraft:carrots":73,"minecraft:spruce_sapling":15,"minecraft:raw_gold_block":50,"minecraft:red_sandstone":6,"minecraft:chiseled_sandstone":2,"projectvibrantjourneys:orange_bark_mushroom":1,"minecraft:andesite":174,"bunker_down:steel_vent":1,"minecraft:gold_block":30,"minecraft:bookshelf":173,"minecraft:shroomlight":1,"minecraft:potatoes":192,"minecraft:deepslate_iron_ore":153,"minecraft:vine":7,"bunker_down:steel_block":14,"projectvibrantjourneys:seashells":1,"minecraft:stone":1422,"minecraft:white_wool":1,"bunker_down:ceiling_lamp":1,"minecraft:acacia_leaves":12,"minecraft:glass_pane":2,"minecraft:observer":1,"minecraft:oak_fence":8,"minecraft:smooth_sandstone":35,"minecraft:crafting_table":16,"projectvibrantjourneys:small_cactus":1,"minecraft:campfire":2,"minecraft:lectern":72,"minecraft:copper_ore":123,"minecraft:tall_grass":4,"minecraft:lapis_ore":18,"minecraft:deepslate_gold_ore":60,"projectvibrantjourneys:acacia_hollow_log":6,"minecraft:diorite":33,"minecraft:spruce_log":765,"minecraft:mangrove_leaves":1,"projectvibrantjourneys:birch_hollow_log":1,"minecraft:red_sandstone_wall":1,"minecraft:coal_ore":348,"minecraft:cocoa":3,"minecraft:zombie_head":1,"minecraft:gravel":87,"minecraft:cobweb":15,"minecraft:gold_ore":16},"minecraft:broken":{"bunker_down:brittle_pickaxe":1,"minecraft:iron_shovel":1,"spartanshields:copper_tower_shield":1,"minecraft:shears":5,"minecraft:iron_boots":2,"minecraft:iron_chestplate":1,"minecraft:iron_leggings":2,"twm:wooden_mace":1,"minecraft:stone_pickaxe":7,"twm:copper_pickaxe":1,"spartanshields:wooden_tower_shield":1,"minecraft:iron_pickaxe":7}},"DataVersion":3465}