{"stats":{"minecraft:killed":{"minecraft:cave_spider":9,"born_in_chaos_v1:restless_spirit":5,"born_in_chaos_v1:zombie_lumberjack":9,"born_in_chaos_v1:skeleton_demoman":3,"alexsmobs:murmur":1,"born_in_chaos_v1:siamese_skeletonsright":2,"born_in_chaos_v1:baby_skeleton_minion":9,"minecraft:skeleton":35,"minecraft:chicken":5,"born_in_chaos_v1:skeleton_thrasher":3,"born_in_chaos_v1:supreme_bonescaller_stage_2":2,"alexsmobs:skelewag":1,"minecraft:iron_golem":3,"born_in_chaos_v1:dread_hound_not_despawn":1,"minecraft:pillager":3,"minecraft:zombie":78,"born_in_chaos_v1:corpse_fly":20,"born_in_chaos_v1:door_knight":2,"minecraft:cow":7,"alexsmobs:raccoon":1,"born_in_chaos_v1:skeleton_thrasher_not_despawn":1,"mowziesmobs:ferrous_wroughtnaut":1,"born_in_chaos_v1:spiritof_chaos":4,"minecraft:husk":8,"alexsmobs:guster":1,"born_in_chaos_v1:bone_imp_minion":13,"alexsmobs:rhinoceros":2,"born_in_chaos_v1:decrepit_skeleton":21,"born_in_chaos_v1:bloody_gadfly":1,"born_in_chaos_v1:dark_vortex":7,"minecraft:enderman":5,"born_in_chaos_v1:lifestealer_true_form":1,"born_in_chaos_v1:zombie_clown":3,"minecraft:spider":19,"born_in_chaos_v1:scarlet_persecutor":3,"born_in_chaos_v1:bonescaller":1,"minecraft:pig":4,"minecraft:zombie_villager":3,"born_in_chaos_v1:diamond_termite":16,"minecraft:creeper":18,"minecraft:sheep":5,"born_in_chaos_v1:zombie_fisherman":3,"born_in_chaos_v1:dread_hound":13,"alexsmobs:terrapin":1,"minecraft:stray":3,"alexsmobs:fly":5,"mowziesmobs:umvuthana_raptor":1,"born_in_chaos_v1:siamese_skeletonsleft":2,"minecraft:vex":2,"born_in_chaos_v1:missioner":1,"alexsmobs:tarantula_hawk":5,"born_in_chaos_v1:zombie_clown_not_despawn":1,"alexsmobs:rattlesnake":3,"born_in_chaos_v1:zombie_bruiser":7,"born_in_chaos_v1:maggot":41,"alexsmobs:bison":1,"minecraft:drowned":11,"born_in_chaos_v1:corpse_fish":6,"born_in_chaos_v1:siamese_skeletons":1,"born_in_chaos_v1:fallen_chaos_knight":1,"born_in_chaos_v1:baby_skeleton":7,"born_in_chaos_v1:swarmer":3,"born_in_chaos_v1:spirit_guide_assistant":3,"minecraft:bat":1,"mowziesmobs:umvuthana_follower_raptor":4,"born_in_chaos_v1:phantom_creeper_copy":2,"born_in_chaos_v1:decaying_zombie":1,"alexsmobs:gazelle":5,"born_in_chaos_v1:bonescaller_not_despawn":2,"born_in_chaos_v1:nightmare_stalker":1},"minecraft:crafted":{"securitycraft:keypad_item":4,"minecraft:bookshelf":29,"minecraft:glass":21,"minecraft:melon_seeds":10,"minecraft:emerald":16,"minecraft:jungle_boat":1,"securitycraft:reinforced_stone_button":32,"skilltree:iron_ring":2,"minecraft:raw_gold_block":15,"minecraft:copper_ingot":483,"minecraft:hay_block":19,"minecraft:iron_pickaxe":3,"minecraft:iron_block":16,"minecraft:gold_ingot":722,"minecraft:iron_nugget":9,"minecraft:bone_meal":45,"born_in_chaos_v1:pieceofdarkmetal":18,"minecraft:diamond":1,"minecraft:spruce_stairs":28,"minecraft:ladder":3,"minecraft:stone_pickaxe":6,"minecraft:diamond_boots":2,"minecraft:redstone_block":24,"minecraft:wheat":513,"minecraft:coal_block":2,"tacz:gun_smith_table":1,"minecraft:bone":24,"minecraft:enchanted_book":5,"securitycraft:door_indestructible_iron_item":2,"minecraft:gunpowder":63,"minecraft:iron_shovel":2,"minecraft:iron_leggings":3,"minecraft:white_bed":1,"minecraft:oak_planks":304,"minecraft:cooked_chicken":3,"minecraft:stone":309,"more_bows_and_arrows:copper_bow":1,"minecraft:heavy_weighted_pressure_plate":4,"minecraft:bow":1,"minecraft:iron_boots":3,"minecraft:chest":2,"minecraft:copper_block":17,"minecraft:oak_fence":75,"born_in_chaos_v1:pileof_dark_metal":7,"minecraft:oak_slab":12,"minecraft:crafting_table":7,"minecraft:spruce_planks":256,"minecraft:baked_potato":500,"minecraft:gold_block":24,"minecraft:birch_planks":6,"minecraft:iron_chestplate":1,"minecraft:charcoal":64,"minecraft:diamond_pickaxe":2,"minecraft:stick":364,"minecraft:iron_ingot":382,"minecraft:stone_sword":1,"securitycraft:reinforced_stone_bricks":56,"minecraft:shears":8,"minecraft:redstone":9,"minecraft:furnace":4,"minecraft:glass_pane":16,"more_bows_and_arrows:copper_arrow":7,"minecraft:leather":2,"twm:titanite_scrap":19,"sophisticatedbackpacks:stack_upgrade_tier_2":1,"giacomos_exp:expseed":60,"sophisticatedbackpacks:iron_backpack":1,"minecraft:cooked_beef":25,"minecraft:sugar":43,"minecraft:red_dye":4,"minecraft:bucket":3,"minecraft:stone_axe":1,"minecraft:acacia_boat":1,"minecraft:bread":113,"minecraft:air":0,"minecraft:jungle_planks":8,"minecraft:oak_boat":1,"sophisticatedbackpacks:pump_upgrade":1,"minecraft:white_wool":3,"minecraft:gold_nugget":9,"minecraft:raw_gold":317,"minecraft:anvil":1,"twm:copper_pickaxe":1,"minecraft:acacia_planks":152,"minecraft:torch":132,"minecraft:lapis_lazuli":36,"minecraft:lapis_block":39},"minecraft:used":{"sophisticatedbackpacks:copper_backpack":1,"minecraft:ladder":9,"minecraft:chest":5,"securitycraft:keypad_item":1,"born_in_chaos_v1:smoked_flesh":1,"spartanshields:wooden_tower_shield":16,"minecraft:lava_bucket":11,"bunker_down:airlock_iron_door":1,"minecraft:furnace":7,"minecraft:oak_sapling":10,"minecraft:potato":260,"projectvibrantjourneys:rocks":1,"securitycraft:reinforced_spruce_planks":36,"minecraft:jungle_boat":4,"minecraft:glow_berries":3,"minecraft:sand":13,"giacomos_exp:expseed":62,"securitycraft:universal_block_remover":6,"born_in_chaos_v1:holiday_candy":9,"bunker_down:steel_block":9,"minecraft:red_sandstone":1,"minecraft:chiseled_sandstone":1,"minecraft:zombie_head":1,"born_in_chaos_v1:monster_flesh":1,"minecraft:lectern":75,"minecraft:oak_boat":13,"twm:copper_pickaxe":250,"minecraft:enchanting_table":2,"minecraft:iron_bars":1,"minecraft:stone_sword":53,"minecraft:acacia_log":1,"minecraft:sandstone_wall":2,"securitycraft:reinforced_bookshelf":21,"minecraft:torch":294,"minecraft:anvil":1,"minecraft:shroomlight":1,"twm:wooden_mace":214,"more_bows_and_arrows:copper_bow":46,"tombstone:gift":9,"minecraft:cobbled_deepslate":57,"minecraft:wheat_seeds":50,"minecraft:water_bucket":2,"minecraft:sandstone_stairs":8,"securitycraft:reinforced_spruce_log":30,"securitycraft:reinforced_stone_bricks":57,"minecraft:crafting_table":25,"minecraft:white_bed":4,"minecraft:spruce_log":1,"mowziesmobs:wrought_axe":2164,"minecraft:oak_log":1,"minecraft:diamond_pickaxe":947,"bunker_down:steel_block_slab":1,"minecraft:iron_pickaxe":1756,"tombstone:magic_scroll":1,"minecraft:spruce_sapling":108,"minecraft:cobblestone":136,"minecraft:cooked_porkchop":8,"minecraft:iron_shovel":470,"born_in_chaos_v1:intoxicating_decoction":1,"minecraft:jungle_planks":1,"minecraft:carrot":196,"minecraft:lantern":2,"minecraft:stone_pickaxe":1131,"minecraft:oak_planks":3,"minecraft:sugar_cane":34,"minecraft:white_wool":5,"minecraft:shears":1819,"minecraft:lever":1,"minecraft:bread":122,"minecraft:melon_slice":51,"minecraft:gravel":19,"minecraft:grindstone":1,"minecraft:andesite":6,"minecraft:bone_meal":63,"minecraft:cobweb":1,"minecraft:oak_fence":48,"minecraft:flint_and_steel":23,"tacz:gun_smith_table":5,"minecraft:stone_hoe":121,"minecraft:cooked_chicken":5,"minecraft:dirt":103,"bunker_down:brittle_pickaxe":20,"securitycraft:reinforced_stone":1,"minecraft:granite":6,"minecraft:bookshelf":6,"minecraft:smooth_sandstone":12,"securitycraft:reinforced_spruce_stairs":32,"minecraft:acacia_slab":1,"minecraft:golden_carrot":4,"projectvibrantjourneys:cattail":3,"minecraft:cooked_beef":22,"minecraft:light_gray_bed":2,"minecraft:cooked_mutton":1,"minecraft:acacia_boat":1,"tombstone:scroll_of_knowledge":3,"minecraft:cobblestone_stairs":3,"minecraft:baked_potato":177,"projectvibrantjourneys:sea_oats":3,"armoroftheages:o_yoroi_armor_feet":1,"minecraft:apple":1,"minecraft:map":6,"spartanshields:copper_tower_shield":35,"minecraft:stone_axe":86,"minecraft:bucket":14,"alexsmobs:animal_dictionary":1},"minecraft:custom":{"minecraft:interact_with_crafting_table":171,"minecraft:open_barrel":55,"minecraft:leave_game":25,"minecraft:time_since_death":506520,"minecraft:damage_blocked_by_shield":4590,"minecraft:play_time":1231212,"minecraft:deaths":16,"minecraft:jump":14043,"minecraft:enchant_item":19,"minecraft:interact_with_furnace":351,"minecraft:traded_with_villager":21,"minecraft:sleep_in_bed":22,"minecraft:waystone_activated":1,"minecraft:damage_dealt":73495,"tombstone:undead_killed":241,"minecraft:interact_with_smoker":2,"minecraft:inspect_dispenser":5,"minecraft:horse_one_cm":600372,"minecraft:interact_with_anvil":14,"minecraft:sneak_time":24227,"minecraft:interact_with_lectern":1,"minecraft:total_world_time":1231212,"minecraft:time_since_rest":18923,"minecraft:swim_one_cm":400723,"minecraft:fly_one_cm":1926686,"minecraft:open_chest":425,"minecraft:fall_one_cm":238033,"minecraft:animals_bred":10,"minecraft:sprint_one_cm":1830370,"minecraft:drop":346,"minecraft:talked_to_villager":101,"minecraft:interact_with_brewingstand":1,"minecraft:walk_on_water_one_cm":149611,"minecraft:player_kills":1,"minecraft:crouch_one_cm":54196,"minecraft:mob_kills":486,"minecraft:interact_with_campfire":11,"minecraft:damage_dealt_resisted":8890,"minecraft:climb_one_cm":109175,"minecraft:walk_one_cm":3933919,"minecraft:walk_under_water_one_cm":148869,"minecraft:boat_one_cm":735525,"spartanshields:shield_bash_hits":4,"minecraft:interact_with_grindstone":5,"minecraft:damage_taken":23264},"minecraft:dropped":{"minecraft:iron_sword":1,"minecraft:porkchop":3,"minecraft:lapis_lazuli":14,"minecraft:glass_bottle":1,"minecraft:crossbow":2,"minecraft:cut_sandstone_slab":2,"minecraft:rail":2,"projectvibrantjourneys:orange_bark_mushroom":3,"minecraft:red_mushroom":2,"born_in_chaos_v1:monster_flesh":2,"minecraft:dirt":40,"mowziesmobs:umvuthana_mask_bliss":1,"minecraft:chain":6,"minecraft:sand":36,"minecraft:sugar":1,"minecraft:iron_pickaxe":3,"minecraft:fishing_rod":1,"bunker_down:ceiling_lamp":1,"minecraft:stone_axe":1,"minecraft:sugar_cane":1,"alexsmobs:gazelle_horn":1,"minecraft:iron_nugget":1,"minecraft:cobbled_deepslate":310,"minecraft:rotten_flesh":106,"born_in_chaos_v1:smoked_flesh":2,"minecraft:oak_planks":4,"minecraft:jungle_log":2,"tombstone:scroll_of_knowledge":1,"minecraft:leather_leggings":1,"minecraft:beef":1,"projectvibrantjourneys:cattail":8,"minecraft:enchanted_book":3,"minecraft:iron_ingot":9,"born_in_chaos_v1:intoxicating_decoction":7,"twm:wooden_mace":1,"minecraft:wheat_seeds":91,"minecraft:iron_helmet":1,"minecraft:cobblestone":1027,"mowziesmobs:umvuthana_mask_fear":1,"minecraft:granite":58,"projectvibrantjourneys:small_cactus":2,"born_in_chaos_v1:gnawed_bones":1,"minecraft:iron_trapdoor":1,"skilltree:gem":97,"minecraft:pumpkin":4,"minecraft:mud":3,"minecraft:string":3,"minecraft:lily_pad":2,"minecraft:acacia_planks":1,"minecraft:moss_carpet":1,"minecraft:stone_sword":2,"born_in_chaos_v1:rotten_fish":3,"sophisticatedbackpacks:backpack":1,"minecraft:shears":3,"minecraft:stone":16,"minecraft:bundle":2,"minecraft:diamond_pickaxe":2,"bunker_down:steel_block":2,"minecraft:redstone_torch":3,"minecraft:spider_eye":5,"minecraft:sandstone":37,"minecraft:bow":2,"minecraft:brown_mushroom":2,"minecraft:oak_log":12,"minecraft:baked_potato":16,"minecraft:sandstone_slab":3,"minecraft:raw_gold_block":49,"minecraft:flint":3,"minecraft:mutton":9,"projectvibrantjourneys:bark_mushroom":9,"minecraft:gold_ingot":1,"minecraft:gravel":18,"minecraft:pink_terracotta":2,"minecraft:mangrove_roots":1,"minecraft:smooth_sandstone_stairs":3,"minecraft:poppy":4,"projectvibrantjourneys:light_brown_bark_mushroom":2,"minecraft:mangrove_log":1,"minecraft:gunpowder":10,"minecraft:beetroot_seeds":2,"born_in_chaos_v1:corpse_maggot":29,"giacomos_exp:expseed":3,"minecraft:quartz":4,"minecraft:stone_hoe":1,"minecraft:bread":1,"minecraft:oak_slab":8,"minecraft:poisonous_potato":3,"minecraft:observer":1,"minecraft:copper_ingot":1,"mowziesmobs:wrought_axe":6,"minecraft:stick":53,"minecraft:diorite":13,"minecraft:torch":35,"minecraft:repeater":1,"born_in_chaos_v1:fused_bone":2,"minecraft:map":1,"born_in_chaos_v1:stimulating_decoction":2,"minecraft:iron_leggings":1,"tacz:modern_kinetic_gun":1,"minecraft:redstone":1,"minecraft:kelp":2,"alexsmobs:maggot":1,"minecraft:raw_copper":43,"minecraft:tuff":32,"minecraft:filled_map":6,"minecraft:shield":2,"twm:copper_pickaxe":1,"minecraft:andesite":137,"minecraft:golden_leggings":1,"spartanshields:copper_tower_shield":1,"minecraft:stone_pickaxe":3,"minecraft:raw_gold":63,"minecraft:light_blue_terracotta":1},"minecraft:mined":{"minecraft:cut_sandstone_slab":7,"minecraft:white_bed":3,"minecraft:jungle_leaves":9,"minecraft:obsidian":1,"minecraft:granite":72,"minecraft:red_sand":3,"minecraft:acacia_log":63,"minecraft:jungle_log":14,"minecraft:light_gray_bed":4,"minecraft:oak_pressure_plate":4,"tacz:gun_smith_table":5,"minecraft:spawner":10,"twm:ancient_debris_deepslate":19,"projectvibrantjourneys:reeds":1,"minecraft:cobbled_deepslate":12,"minecraft:sticky_piston":6,"minecraft:fire":20,"projectvibrantjourneys:bark_mushroom":2,"minecraft:pumpkin":4,"minecraft:deepslate_lapis_ore":41,"minecraft:enchanting_table":1,"minecraft:smooth_red_sandstone":2,"minecraft:dirt_path":2,"minecraft:iron_block":2,"minecraft:sandstone_slab":14,"minecraft:amethyst_cluster":7,"born_in_chaos_v1:infected_deepslate_diamond_ore":5,"minecraft:torch":40,"projectvibrantjourneys:twigs":6,"minecraft:melon":23,"minecraft:dead_bush":1,"projectvibrantjourneys:fallen_leaves":4,"minecraft:sugar_cane":56,"minecraft:skeleton_skull":3,"minecraft:chain":4,"minecraft:wheat":80,"bunker_down:steel_block_slab":2,"minecraft:grass":49,"projectvibrantjourneys:short_grass":20,"minecraft:sandstone_wall":4,"minecraft:stripped_birch_wood":1,"minecraft:deepslate":271,"projectvibrantjourneys:rocks":5,"minecraft:jungle_planks":1,"born_in_chaos_v1:black_argillite":8,"minecraft:red_sandstone_stairs":3,"born_in_chaos_v1:gnawed_bones":2,"minecraft:redstone_ore":1,"minecraft:red_sandstone":7,"projectvibrantjourneys:orange_bark_mushroom":1,"minecraft:andesite":188,"bunker_down:steel_vent":1,"minecraft:potatoes":200,"minecraft:vine":7,"bunker_down:steel_block":15,"projectvibrantjourneys:seashells":1,"minecraft:white_wool":1,"bunker_down:ceiling_lamp":1,"minecraft:glass_pane":2,"minecraft:observer":1,"minecraft:smooth_sandstone":47,"minecraft:campfire":2,"minecraft:tall_grass":4,"minecraft:copper_ore":135,"minecraft:deepslate_gold_ore":60,"minecraft:diorite":33,"minecraft:spruce_log":765,"minecraft:birch_leaves":1,"minecraft:mangrove_leaves":1,"projectvibrantjourneys:birch_hollow_log":1,"minecraft:red_sandstone_wall":1,"minecraft:zombie_head":1,"minecraft:gravel":92,"minecraft:cobweb":15,"minecraft:gold_ore":16,"minecraft:iron_trapdoor":1,"securitycraft:mine":1,"minecraft:large_amethyst_bud":1,"minecraft:cobblestone_stairs":3,"minecraft:brewing_stand":2,"minecraft:grass_block":239,"born_in_chaos_v1:pile_of_skulls":1,"minecraft:sandstone_stairs":18,"minecraft:iron_ore":142,"minecraft:black_carpet":2,"minecraft:iron_bars":2,"sophisticatedbackpacks:copper_backpack":1,"bunker_down:airlock_iron_door":2,"projectvibrantjourneys:cattail":11,"minecraft:deepslate_redstone_ore":110,"projectvibrantjourneys:sea_oats":4,"minecraft:orange_terracotta":3,"minecraft:poppy":2,"minecraft:chest":2,"minecraft:nether_quartz_ore":4,"minecraft:cobblestone":102,"minecraft:oak_planks":2,"minecraft:iron_door":1,"minecraft:wall_torch":52,"minecraft:deepslate_copper_ore":16,"minecraft:seagrass":2,"minecraft:birch_log":1,"projectvibrantjourneys:bones":10,"minecraft:oak_log":160,"minecraft:beetroots":1,"projectvibrantjourneys:pinecones":1,"minecraft:sand":83,"minecraft:dirt":274,"minecraft:netherrack":5,"minecraft:oak_leaves":54,"minecraft:diamond_ore":1,"minecraft:tuff":37,"minecraft:deepslate_diamond_ore":23,"minecraft:mangrove_roots":1,"born_in_chaos_v1:infected_diamond_ore":2,"minecraft:glow_lichen":1,"giacomos_exp:expcrop":1,"minecraft:spruce_leaves":153,"minecraft:acacia_slab":1,"minecraft:sandstone":68,"minecraft:rooted_dirt":1,"minecraft:large_fern":1,"minecraft:hay_block":63,"minecraft:oxidized_cut_copper":1,"minecraft:furnace":3,"minecraft:spruce_sapling":15,"minecraft:carrots":83,"minecraft:raw_gold_block":80,"minecraft:chiseled_sandstone":2,"bunker_down:airlock_iron_trapdoor":1,"minecraft:gold_block":35,"minecraft:bookshelf":173,"minecraft:deepslate_iron_ore":153,"minecraft:shroomlight":1,"minecraft:stone":1790,"minecraft:pink_terracotta":1,"minecraft:acacia_leaves":12,"born_in_chaos_v1:marigolds":1,"minecraft:oak_fence":8,"minecraft:crafting_table":16,"projectvibrantjourneys:small_cactus":1,"minecraft:lectern":74,"minecraft:lapis_ore":18,"projectvibrantjourneys:acacia_hollow_log":6,"minecraft:coal_ore":396,"minecraft:cocoa":3,"minecraft:terracotta":1},"minecraft:picked_up":{"born_in_chaos_v1:charmof_stealth":2,"twm:copper_pickaxe":1,"minecraft:enchanted_book":7,"minecraft:brewing_stand":2,"minecraft:string":35,"minecraft:shroomlight":1,"minecraft:cobbled_deepslate":393,"minecraft:melon_slice":116,"minecraft:mangrove_log":3,"born_in_chaos_v1:shattered_skull":1,"minecraft:acacia_log":55,"born_in_chaos_v1:pileof_dark_metal":1,"minecraft:sandstone_wall":9,"minecraft:golden_chestplate":2,"minecraft:pink_terracotta":2,"minecraft:light_gray_bed":4,"minecraft:iron_block":2,"projectvibrantjourneys:cattail":11,"minecraft:iron_bars":1,"bunker_down:ceiling_lamp":1,"minecraft:birch_log":2,"minecraft:feather":12,"minecraft:iron_door":1,"born_in_chaos_v1:spiritual_dust":15,"minecraft:jungle_log":18,"alexsmobs:bison_fur":1,"minecraft:flint":15,"minecraft:map":2,"minecraft:lantern":2,"born_in_chaos_v1:marigolds":1,"tacz:gun_smith_table":5,"minecraft:bundle":2,"minecraft:lever":1,"securitycraft:reinforced_spruce_stairs":32,"minecraft:granite":85,"alexsmobs:tarantula_hawk_wing_fragment":1,"minecraft:bread":1,"alexsmobs:maggot":1,"born_in_chaos_v1:rotten_fish":3,"minecraft:diamond_pickaxe":2,"minecraft:mud":3,"minecraft:crafting_table":16,"minecraft:sandstone_slab":10,"born_in_chaos_v1:seedof_chaos":16,"minecraft:leather_leggings":1,"born_in_chaos_v1:intoxicating_decoction":5,"tacz:ammo":705,"minecraft:beef":26,"born_in_chaos_v1:gnawed_bones":6,"minecraft:poppy":8,"minecraft:chest":2,"minecraft:sandstone":27,"minecraft:stone":175,"minecraft:raw_gold_block":141,"born_in_chaos_v1:pieceofdarkmetal":34,"minecraft:carrot":302,"minecraft:redstone":269,"minecraft:beetroot_seeds":2,"spartanshields:copper_tower_shield":1,"minecraft:shears":2,"minecraft:hay_block":63,"minecraft:sandstone_stairs":8,"mowziesmobs:umvuthana_mask_bliss":1,"tombstone:essence_of_undeath":2,"minecraft:gold_ingot":1,"sophisticatedbackpacks:copper_backpack":1,"minecraft:mutton":10,"minecraft:white_wool":5,"minecraft:rail":2,"born_in_chaos_v1:monster_flesh":5,"minecraft:red_mushroom":2,"minecraft:oak_log":199,"minecraft:lily_pad":5,"mowziesmobs:wrought_axe":7,"projectvibrantjourneys:sea_oats":3,"minecraft:white_banner":1,"mowziesmobs:umvuthana_mask_rage":1,"minecraft:kelp":2,"projectvibrantjourneys:small_cactus":2,"minecraft:stone_pickaxe":2,"minecraft:cobweb":1,"minecraft:iron_sword":1,"alexsmobs:fish_bones":1,"born_in_chaos_v1:orbofthe_summoner":3,"born_in_chaos_v1:ethereal_spirit":28,"minecraft:gravel":138,"minecraft:spruce_sapling":107,"minecraft:spruce_log":760,"bunker_down:steel_block_slab":3,"born_in_chaos_v1:pile_of_skulls":1,"tombstone:scroll_of_knowledge":1,"tacz:modern_kinetic_gun":2,"mowziesmobs:umvuthana_mask_fear":1,"projectvibrantjourneys:orange_bark_mushroom":5,"minecraft:ender_pearl":1,"minecraft:wheat":78,"minecraft:iron_trapdoor":1,"born_in_chaos_v1:black_argillite":8,"alexsmobs:gazelle_horn":1,"minecraft:raw_copper":582,"minecraft:sticky_piston":6,"minecraft:zombie_head":1,"securitycraft:reinforced_spruce_planks":128,"minecraft:iron_pickaxe":3,"born_in_chaos_v1:stimulating_decoction":2,"minecraft:furnace":3,"minecraft:stick":98,"minecraft:oak_fence":8,"born_in_chaos_v1:phantom_powder":7,"minecraft:torch":151,"minecraft:porkchop":11,"tombstone:grave_dust":28,"minecraft:diorite":31,"born_in_chaos_v1:nightmare_claw":1,"minecraft:rotten_flesh":155,"minecraft:mangrove_roots":1,"minecraft:stripped_birch_wood":5,"minecraft:cobblestone":2035,"minecraft:enchanting_table":1,"minecraft:andesite":196,"minecraft:golden_leggings":1,"minecraft:potato":708,"projectvibrantjourneys:birch_hollow_log":1,"minecraft:tuff":33,"minecraft:smooth_sandstone_stairs":3,"projectvibrantjourneys:rocks":1,"skilltree:gem":103,"minecraft:lapis_lazuli":374,"minecraft:dirt":512,"minecraft:cut_sandstone_slab":3,"born_in_chaos_v1:monster_skin":6,"minecraft:bone":122,"twm:ancient_debris":19,"minecraft:bow":3,"minecraft:wheat_seeds":214,"minecraft:raw_gold":144,"twm:wooden_mace":1,"minecraft:oak_planks":5,"minecraft:cooked_porkchop":8,"minecraft:poisonous_potato":3,"minecraft:sand":66,"minecraft:jungle_planks":1,"minecraft:grass_block":1,"securitycraft:reinforced_stone":90,"minecraft:chiseled_sandstone":1,"minecraft:diamond":24,"waystones:waystone":1,"minecraft:crossbow":2,"minecraft:bone_meal":4,"minecraft:emerald":9,"minecraft:oak_sapling":12,"minecraft:cocoa_beans":12,"born_in_chaos_v1:diamond_termite_shard":17,"minecraft:chicken":5,"minecraft:ladder":6,"minecraft:brown_mushroom":2,"minecraft:gold_block":44,"minecraft:chain":6,"minecraft:shield":2,"securitycraft:reinforced_bookshelf":23,"minecraft:moss_carpet":1,"minecraft:oak_boat":13,"minecraft:observer":1,"minecraft:lectern":74,"minecraft:sugar_cane":147,"minecraft:raw_iron":292,"more_bows_and_arrows:copper_arrow":1,"projectvibrantjourneys:bark_mushroom":9,"minecraft:copper_ingot":1,"born_in_chaos_v1:charmof_endurance":2,"securitycraft:reinforced_spruce_log":32,"minecraft:arrow":56,"securitycraft:reinforced_stone_bricks":1,"born_in_chaos_v1:trident_hayfork":2,"minecraft:skeleton_skull":3,"born_in_chaos_v1:fused_bone":2,"born_in_chaos_v1:corpse_maggot":42,"minecraft:jungle_boat":4,"minecraft:golden_carrot":1,"minecraft:leather":8,"alexsmobs:cachalot_whale_tooth":1,"bunker_down:airlock_iron_door":2,"minecraft:gunpowder":48,"minecraft:cobblestone_stairs":3,"bunker_down:steel_block":12,"minecraft:orange_terracotta":10,"minecraft:cooked_mutton":1,"alexsmobs:unsettling_kimono":1,"minecraft:smooth_sandstone":12,"minecraft:red_sandstone":1,"minecraft:iron_ingot":28,"minecraft:cooked_chicken":2,"minecraft:book":523,"projectvibrantjourneys:light_brown_bark_mushroom":8,"projectvibrantjourneys:acacia_hollow_log":6,"minecraft:pumpkin":4,"born_in_chaos_v1:lifestealer_bone":3,"minecraft:quartz":8,"born_in_chaos_v1:dark_rod":11,"minecraft:amethyst_shard":28,"mowziesmobs:wrought_helmet":1,"minecraft:white_bed":3,"minecraft:spider_eye":7,"minecraft:iron_helmet":5,"tombstone:magic_scroll":2,"minecraft:acacia_slab":1,"minecraft:coal":552},"minecraft:killed_by":{"minecraft:vex":1,"minecraft:husk":1},"minecraft:broken":{"bunker_down:brittle_pickaxe":1,"minecraft:shears":6,"minecraft:iron_boots":3,"minecraft:iron_chestplate":1,"minecraft:iron_leggings":2,"twm:wooden_mace":1,"securitycraft:universal_block_reinforcer_lvl1":1,"spartanshields:wooden_tower_shield":1,"minecraft:iron_pickaxe":7,"minecraft:iron_shovel":1,"spartanshields:copper_tower_shield":1,"minecraft:stone_pickaxe":7,"twm:copper_pickaxe":1}},"DataVersion":3465}