{"stats":{"minecraft:dropped":{"minecraft:dirt":5},"minecraft:custom":{"minecraft:time_since_rest":36785,"minecraft:sprint_one_cm":11826,"minecraft:damage_taken":411,"minecraft:walk_one_cm":193186,"minecraft:mob_kills":9,"minecraft:drop":1,"minecraft:damage_dealt":1055,"minecraft:swim_one_cm":6077,"minecraft:interact_with_crafting_table":1,"minecraft:fly_one_cm":5812,"minecraft:open_chest":6,"minecraft:crouch_one_cm":1643,"minecraft:play_time":67543,"tombstone:undead_killed":1,"minecraft:sneak_time":1191,"minecraft:walk_under_water_one_cm":1792,"minecraft:jump":270,"minecraft:leave_game":8,"minecraft:walk_on_water_one_cm":1484,"minecraft:time_since_death":67543,"minecraft:sleep_in_bed":4,"minecraft:climb_one_cm":36483,"minecraft:total_world_time":67543,"minecraft:fall_one_cm":1755},"minecraft:picked_up":{"minecraft:cocoa_beans":12,"born_in_chaos_v1:corpse_maggot":2,"minecraft:stick":3,"minecraft:crafting_table":1,"minecraft:ladder":6,"minecraft:jungle_log":6,"minecraft:potato":1,"minecraft:porkchop":11,"minecraft:sand":1,"minecraft:oak_log":8,"projectvibrantjourneys:sea_oats":3,"minecraft:dirt":5,"minecraft:oak_sapling":1,"minecraft:melon_slice":81,"minecraft:mutton":1,"minecraft:white_wool":1,"minecraft:cobblestone":4},"minecraft:used":{"minecraft:melon_slice":24,"minecraft:ladder":6,"minecraft:stone_axe":21,"projectvibrantjourneys:sea_oats":3,"minecraft:cobblestone":1,"minecraft:sand":1,"minecraft:crafting_table":1,"bunker_down:brittle_pickaxe":8,"alexsmobs:animal_dictionary":1,"minecraft:potato":2},"minecraft:crafted":{"minecraft:oak_planks":28,"minecraft:crafting_table":1,"minecraft:stick":4,"minecraft:stone_axe":1},"minecraft:killed":{"minecraft:sheep":1,"minecraft:pig":4,"minecraft:drowned":1,"born_in_chaos_v1:maggot":2},"minecraft:mined":{"projectvibrantjourneys:sea_oats":4,"minecraft:jungle_leaves":1,"minecraft:crafting_table":1,"projectvibrantjourneys:short_grass":1,"minecraft:grass":3,"projectvibrantjourneys:twigs":1,"minecraft:cocoa":3,"minecraft:potatoes":1,"minecraft:grass_block":5,"minecraft:oak_log":7,"minecraft:melon":17,"minecraft:jungle_log":6,"minecraft:sand":1,"minecraft:cobblestone":4,"projectvibrantjourneys:seashells":1,"projectvibrantjourneys:fallen_leaves":2,"minecraft:oak_leaves":9}},"DataVersion":3465}