{"stats":{"minecraft:killed_by":{"minecraft:husk":1},"minecraft:used":{"minecraft:iron_shovel":392,"sophisticatedbackpacks:copper_backpack":1,"minecraft:ladder":9,"born_in_chaos_v1:intoxicating_decoction":1,"minecraft:chest":1,"minecraft:carrot":125,"born_in_chaos_v1:smoked_flesh":1,"spartanshields:wooden_tower_shield":16,"minecraft:lava_bucket":1,"bunker_down:airlock_iron_door":1,"minecraft:furnace":4,"minecraft:potato":128,"projectvibrantjourneys:rocks":1,"minecraft:stone_pickaxe":1131,"minecraft:oak_planks":3,"minecraft:sugar_cane":34,"minecraft:jungle_boat":4,"minecraft:white_wool":5,"minecraft:glow_berries":3,"minecraft:sand":9,"giacomos_exp:expseed":54,"born_in_chaos_v1:holiday_candy":9,"minecraft:shears":880,"minecraft:lever":1,"minecraft:red_sandstone":1,"minecraft:chiseled_sandstone":1,"born_in_chaos_v1:monster_flesh":1,"minecraft:melon_slice":51,"minecraft:bread":122,"minecraft:gravel":19,"minecraft:andesite":3,"minecraft:oak_boat":5,"twm:copper_pickaxe":250,"minecraft:cobweb":1,"minecraft:oak_fence":47,"minecraft:iron_bars":1,"minecraft:stone_sword":52,"minecraft:acacia_log":1,"tacz:gun_smith_table":4,"minecraft:sandstone_wall":2,"minecraft:stone_hoe":121,"minecraft:cooked_chicken":5,"minecraft:torch":204,"minecraft:dirt":103,"bunker_down:brittle_pickaxe":20,"minecraft:granite":6,"minecraft:shroomlight":1,"minecraft:smooth_sandstone":12,"twm:wooden_mace":214,"more_bows_and_arrows:copper_bow":16,"minecraft:golden_carrot":4,"projectvibrantjourneys:cattail":3,"tombstone:gift":9,"minecraft:cooked_beef":22,"minecraft:light_gray_bed":2,"minecraft:cobbled_deepslate":57,"minecraft:wheat_seeds":1,"minecraft:cooked_mutton":1,"minecraft:water_bucket":2,"tombstone:scroll_of_knowledge":3,"minecraft:cobblestone_stairs":3,"minecraft:sandstone_stairs":8,"minecraft:baked_potato":13,"projectvibrantjourneys:sea_oats":3,"minecraft:crafting_table":21,"minecraft:white_bed":3,"mowziesmobs:wrought_axe":480,"bunker_down:steel_block_slab":1,"minecraft:diamond_pickaxe":28,"minecraft:apple":1,"minecraft:iron_pickaxe":1489,"minecraft:map":4,"spartanshields:copper_tower_shield":35,"tombstone:magic_scroll":1,"minecraft:stone_axe":86,"minecraft:cobblestone":103,"minecraft:cooked_porkchop":8,"minecraft:bucket":3,"alexsmobs:animal_dictionary":1},"minecraft:killed":{"born_in_chaos_v1:lifestealer_true_form":1,"born_in_chaos_v1:zombie_clown":2,"minecraft:cave_spider":9,"born_in_chaos_v1:restless_spirit":4,"born_in_chaos_v1:zombie_lumberjack":4,"born_in_chaos_v1:skeleton_demoman":1,"minecraft:spider":11,"alexsmobs:murmur":1,"minecraft:skeleton":26,"minecraft:chicken":5,"born_in_chaos_v1:skeleton_thrasher":1,"born_in_chaos_v1:supreme_bonescaller_stage_2":1,"minecraft:pig":4,"minecraft:zombie_villager":2,"born_in_chaos_v1:diamond_termite":11,"minecraft:iron_golem":2,"born_in_chaos_v1:dread_hound_not_despawn":1,"minecraft:creeper":15,"minecraft:sheep":5,"minecraft:pillager":3,"minecraft:zombie":64,"born_in_chaos_v1:dread_hound":9,"born_in_chaos_v1:corpse_fly":8,"minecraft:stray":2,"alexsmobs:fly":4,"born_in_chaos_v1:door_knight":1,"minecraft:cow":7,"alexsmobs:tarantula_hawk":4,"alexsmobs:raccoon":1,"born_in_chaos_v1:skeleton_thrasher_not_despawn":1,"alexsmobs:rattlesnake":3,"born_in_chaos_v1:maggot":29,"mowziesmobs:ferrous_wroughtnaut":1,"alexsmobs:bison":1,"born_in_chaos_v1:corpse_fish":4,"minecraft:drowned":9,"born_in_chaos_v1:spiritof_chaos":1,"minecraft:husk":3,"born_in_chaos_v1:bone_imp_minion":10,"born_in_chaos_v1:baby_skeleton":6,"born_in_chaos_v1:swarmer":1,"born_in_chaos_v1:spirit_guide_assistant":3,"minecraft:bat":1,"alexsmobs:rhinoceros":2,"born_in_chaos_v1:decrepit_skeleton":11,"alexsmobs:gazelle":5,"born_in_chaos_v1:dark_vortex":4,"minecraft:enderman":5},"minecraft:crafted":{"minecraft:oak_planks":196,"minecraft:cooked_chicken":3,"minecraft:stone":53,"more_bows_and_arrows:copper_bow":1,"minecraft:glass":21,"minecraft:bow":1,"minecraft:iron_boots":2,"minecraft:melon_seeds":10,"minecraft:copper_block":17,"minecraft:oak_fence":75,"minecraft:emerald":6,"minecraft:crafting_table":7,"minecraft:jungle_boat":1,"skilltree:iron_ring":2,"minecraft:baked_potato":112,"minecraft:raw_gold_block":15,"minecraft:copper_ingot":314,"minecraft:gold_block":24,"minecraft:hay_block":19,"minecraft:iron_chestplate":1,"minecraft:diamond_pickaxe":1,"minecraft:stick":176,"minecraft:iron_ingot":191,"minecraft:iron_pickaxe":2,"minecraft:iron_block":5,"minecraft:stone_sword":1,"minecraft:gold_ingot":664,"minecraft:shears":4,"minecraft:redstone":9,"minecraft:iron_nugget":9,"minecraft:furnace":4,"minecraft:bone_meal":9,"minecraft:glass_pane":16,"more_bows_and_arrows:copper_arrow":7,"minecraft:leather":2,"minecraft:ladder":3,"minecraft:stone_pickaxe":6,"minecraft:redstone_block":17,"sophisticatedbackpacks:iron_backpack":1,"giacomos_exp:expseed":49,"minecraft:wheat":513,"minecraft:cooked_beef":25,"tacz:gun_smith_table":1,"minecraft:bucket":3,"minecraft:stone_axe":1,"minecraft:jungle_planks":8,"minecraft:bread":113,"minecraft:air":0,"minecraft:oak_boat":1,"sophisticatedbackpacks:pump_upgrade":1,"minecraft:white_wool":3,"minecraft:gold_nugget":9,"minecraft:raw_gold":317,"minecraft:iron_shovel":2,"minecraft:iron_leggings":2,"minecraft:white_bed":1,"twm:copper_pickaxe":1,"minecraft:torch":132,"minecraft:lapis_block":33},"minecraft:picked_up":{"minecraft:wheat":29,"twm:copper_pickaxe":1,"minecraft:enchanted_book":2,"born_in_chaos_v1:black_argillite":8,"alexsmobs:gazelle_horn":1,"minecraft:string":26,"minecraft:raw_copper":365,"minecraft:sticky_piston":6,"minecraft:zombie_head":1,"minecraft:shroomlight":1,"minecraft:cobbled_deepslate":262,"minecraft:iron_pickaxe":2,"born_in_chaos_v1:stimulating_decoction":2,"minecraft:melon_slice":116,"minecraft:mangrove_log":3,"minecraft:stick":10,"born_in_chaos_v1:shattered_skull":1,"minecraft:oak_fence":8,"minecraft:torch":96,"minecraft:acacia_log":2,"minecraft:sandstone_wall":9,"minecraft:porkchop":11,"tombstone:grave_dust":15,"minecraft:diorite":31,"minecraft:golden_chestplate":2,"minecraft:pink_terracotta":2,"minecraft:rotten_flesh":99,"minecraft:light_gray_bed":3,"projectvibrantjourneys:cattail":11,"minecraft:stripped_birch_wood":5,"minecraft:iron_bars":1,"minecraft:cobblestone":1368,"bunker_down:ceiling_lamp":1,"minecraft:feather":7,"minecraft:andesite":153,"minecraft:jungle_log":16,"minecraft:golden_leggings":1,"minecraft:potato":227,"alexsmobs:bison_fur":1,"minecraft:flint":10,"minecraft:tuff":18,"minecraft:smooth_sandstone_stairs":3,"projectvibrantjourneys:rocks":1,"minecraft:map":1,"skilltree:gem":79,"minecraft:lapis_lazuli":298,"minecraft:dirt":435,"minecraft:cut_sandstone_slab":3,"born_in_chaos_v1:monster_skin":4,"minecraft:bone":72,"twm:ancient_debris":17,"minecraft:bow":3,"minecraft:wheat_seeds":81,"minecraft:raw_gold":131,"twm:wooden_mace":1,"tacz:gun_smith_table":4,"minecraft:oak_planks":3,"minecraft:cooked_porkchop":8,"minecraft:poisonous_potato":2,"minecraft:sand":38,"minecraft:grass_block":1,"minecraft:chiseled_sandstone":1,"minecraft:bundle":1,"minecraft:diamond":21,"minecraft:lever":1,"minecraft:crossbow":1,"minecraft:granite":85,"alexsmobs:tarantula_hawk_wing_fragment":1,"minecraft:bone_meal":3,"minecraft:bread":1,"alexsmobs:maggot":1,"minecraft:oak_sapling":2,"born_in_chaos_v1:rotten_fish":3,"minecraft:crafting_table":15,"minecraft:mud":3,"minecraft:cocoa_beans":12,"born_in_chaos_v1:diamond_termite_shard":11,"minecraft:sandstone_slab":10,"minecraft:chicken":5,"minecraft:ladder":6,"born_in_chaos_v1:seedof_chaos":6,"minecraft:brown_mushroom":1,"minecraft:gold_block":39,"minecraft:chain":6,"minecraft:shield":1,"born_in_chaos_v1:intoxicating_decoction":5,"tacz:ammo":405,"minecraft:beef":26,"minecraft:oak_boat":5,"born_in_chaos_v1:gnawed_bones":4,"minecraft:observer":1,"minecraft:poppy":4,"minecraft:sugar_cane":103,"minecraft:raw_iron":219,"minecraft:sandstone":10,"more_bows_and_arrows:copper_arrow":1,"minecraft:raw_gold_block":111,"minecraft:copper_ingot":1,"born_in_chaos_v1:pieceofdarkmetal":9,"minecraft:carrot":113,"minecraft:redstone":220,"minecraft:arrow":42,"spartanshields:copper_tower_shield":1,"minecraft:hay_block":63,"minecraft:sandstone_stairs":8,"minecraft:gold_ingot":1,"sophisticatedbackpacks:copper_backpack":1,"minecraft:mutton":6,"minecraft:rail":2,"minecraft:skeleton_skull":3,"minecraft:white_wool":5,"born_in_chaos_v1:corpse_maggot":21,"minecraft:jungle_boat":4,"born_in_chaos_v1:monster_flesh":4,"minecraft:leather":8,"minecraft:red_mushroom":2,"minecraft:oak_log":76,"bunker_down:airlock_iron_door":2,"minecraft:gunpowder":21,"minecraft:cobblestone_stairs":3,"mowziesmobs:wrought_axe":3,"projectvibrantjourneys:sea_oats":3,"minecraft:white_banner":1,"bunker_down:steel_block":3,"minecraft:orange_terracotta":10,"alexsmobs:unsettling_kimono":1,"minecraft:cooked_mutton":1,"minecraft:smooth_sandstone":12,"minecraft:red_sandstone":1,"projectvibrantjourneys:small_cactus":2,"minecraft:iron_ingot":16,"minecraft:stone_pickaxe":2,"minecraft:cooked_chicken":2,"minecraft:cobweb":1,"projectvibrantjourneys:light_brown_bark_mushroom":3,"projectvibrantjourneys:acacia_hollow_log":6,"minecraft:pumpkin":4,"born_in_chaos_v1:lifestealer_bone":3,"born_in_chaos_v1:ethereal_spirit":10,"minecraft:gravel":113,"born_in_chaos_v1:dark_rod":7,"minecraft:amethyst_shard":28,"mowziesmobs:wrought_helmet":1,"minecraft:white_bed":2,"minecraft:spider_eye":3,"bunker_down:steel_block_slab":3,"tacz:modern_kinetic_gun":2,"minecraft:iron_helmet":5,"projectvibrantjourneys:orange_bark_mushroom":1,"tombstone:magic_scroll":2,"minecraft:coal":254,"minecraft:ender_pearl":1},"minecraft:dropped":{"minecraft:brown_mushroom":1,"minecraft:porkchop":3,"minecraft:glass_bottle":1,"minecraft:sandstone_slab":3,"minecraft:rail":2,"projectvibrantjourneys:orange_bark_mushroom":1,"minecraft:cut_sandstone_slab":2,"minecraft:raw_gold_block":49,"minecraft:red_mushroom":2,"minecraft:dirt":15,"minecraft:mutton":1,"minecraft:sand":12,"minecraft:iron_pickaxe":2,"minecraft:fishing_rod":1,"bunker_down:ceiling_lamp":1,"minecraft:gold_ingot":1,"minecraft:gravel":1,"minecraft:stone_axe":1,"minecraft:pink_terracotta":2,"alexsmobs:gazelle_horn":1,"minecraft:smooth_sandstone_stairs":3,"minecraft:rotten_flesh":54,"minecraft:oak_planks":1,"minecraft:poppy":4,"projectvibrantjourneys:light_brown_bark_mushroom":2,"minecraft:mangrove_log":1,"born_in_chaos_v1:corpse_maggot":8,"minecraft:beef":1,"projectvibrantjourneys:cattail":8,"minecraft:bread":1,"twm:wooden_mace":1,"minecraft:wheat_seeds":7,"minecraft:poisonous_potato":1,"minecraft:iron_helmet":1,"minecraft:cobblestone":165,"minecraft:granite":58,"minecraft:copper_ingot":1,"mowziesmobs:wrought_axe":2,"minecraft:stick":19,"projectvibrantjourneys:small_cactus":2,"minecraft:diorite":13,"minecraft:torch":24,"skilltree:gem":15,"minecraft:map":1,"tacz:modern_kinetic_gun":1,"minecraft:mud":3,"minecraft:string":1,"minecraft:redstone":1,"alexsmobs:maggot":1,"minecraft:stone_sword":1,"minecraft:tuff":2,"born_in_chaos_v1:rotten_fish":3,"minecraft:filled_map":4,"minecraft:bundle":1,"twm:copper_pickaxe":1,"minecraft:andesite":106,"minecraft:golden_leggings":1,"spartanshields:copper_tower_shield":1,"bunker_down:steel_block":2,"minecraft:spider_eye":2,"minecraft:sandstone":20,"minecraft:bow":2,"minecraft:stone_pickaxe":3,"minecraft:raw_gold":63,"minecraft:light_blue_terracotta":1},"minecraft:custom":{"minecraft:animals_bred":6,"minecraft:interact_with_crafting_table":127,"minecraft:open_barrel":33,"minecraft:leave_game":15,"minecraft:time_since_death":288331,"minecraft:sprint_one_cm":924440,"minecraft:damage_blocked_by_shield":4590,"minecraft:drop":149,"minecraft:talked_to_villager":6,"minecraft:play_time":712642,"minecraft:deaths":15,"minecraft:jump":8237,"minecraft:walk_on_water_one_cm":73081,"minecraft:interact_with_furnace":194,"minecraft:traded_with_villager":6,"minecraft:sleep_in_bed":16,"minecraft:damage_dealt":40792,"minecraft:crouch_one_cm":40213,"tombstone:undead_killed":150,"minecraft:inspect_dispenser":5,"minecraft:mob_kills":320,"minecraft:interact_with_campfire":11,"minecraft:damage_dealt_resisted":3630,"minecraft:climb_one_cm":60610,"minecraft:walk_one_cm":2442588,"minecraft:sneak_time":17214,"minecraft:walk_under_water_one_cm":88036,"minecraft:boat_one_cm":445185,"minecraft:total_world_time":712642,"spartanshields:shield_bash_hits":4,"minecraft:time_since_rest":141763,"minecraft:damage_taken":16548,"minecraft:swim_one_cm":268561,"minecraft:fly_one_cm":1067587,"minecraft:open_chest":143,"minecraft:fall_one_cm":124743},"minecraft:mined":{"minecraft:large_amethyst_bud":1,"minecraft:cut_sandstone_slab":5,"minecraft:white_bed":2,"minecraft:cobblestone_stairs":3,"minecraft:jungle_leaves":1,"minecraft:granite":71,"minecraft:red_sand":3,"minecraft:acacia_log":2,"minecraft:grass_block":230,"minecraft:jungle_log":14,"minecraft:light_gray_bed":3,"minecraft:oak_pressure_plate":4,"tacz:gun_smith_table":4,"minecraft:spawner":1,"minecraft:sandstone_stairs":13,"twm:ancient_debris_deepslate":17,"projectvibrantjourneys:reeds":1,"minecraft:iron_ore":97,"minecraft:cobbled_deepslate":10,"minecraft:sticky_piston":6,"minecraft:fire":6,"projectvibrantjourneys:bark_mushroom":1,"minecraft:pumpkin":4,"minecraft:black_carpet":2,"minecraft:deepslate_lapis_ore":30,"minecraft:dirt_path":2,"minecraft:iron_bars":1,"sophisticatedbackpacks:copper_backpack":1,"bunker_down:airlock_iron_door":2,"projectvibrantjourneys:cattail":11,"minecraft:deepslate_redstone_ore":82,"minecraft:sandstone_slab":11,"projectvibrantjourneys:sea_oats":4,"minecraft:amethyst_cluster":7,"minecraft:orange_terracotta":1,"minecraft:torch":27,"born_in_chaos_v1:infected_deepslate_diamond_ore":5,"projectvibrantjourneys:twigs":5,"minecraft:melon":23,"minecraft:dead_bush":1,"minecraft:cobblestone":73,"minecraft:oak_planks":2,"minecraft:sugar_cane":34,"projectvibrantjourneys:fallen_leaves":4,"minecraft:wall_torch":40,"minecraft:deepslate_copper_ore":6,"minecraft:skeleton_skull":3,"minecraft:seagrass":2,"minecraft:chain":2,"minecraft:wheat":31,"projectvibrantjourneys:bones":10,"bunker_down:steel_block_slab":2,"minecraft:grass":27,"minecraft:oak_log":70,"projectvibrantjourneys:short_grass":10,"minecraft:dirt":222,"minecraft:sand":53,"minecraft:sandstone_wall":4,"minecraft:stripped_birch_wood":1,"minecraft:oak_leaves":25,"minecraft:deepslate":254,"minecraft:tuff":31,"minecraft:deepslate_diamond_ore":21,"projectvibrantjourneys:rocks":3,"minecraft:glow_lichen":1,"giacomos_exp:expcrop":1,"born_in_chaos_v1:black_argillite":8,"minecraft:red_sandstone_stairs":3,"born_in_chaos_v1:gnawed_bones":1,"minecraft:sandstone":10,"minecraft:hay_block":63,"minecraft:oxidized_cut_copper":1,"minecraft:redstone_ore":1,"minecraft:carrots":32,"minecraft:raw_gold_block":50,"minecraft:red_sandstone":6,"minecraft:chiseled_sandstone":2,"minecraft:andesite":160,"bunker_down:steel_vent":1,"minecraft:gold_block":30,"minecraft:shroomlight":1,"minecraft:potatoes":62,"minecraft:deepslate_iron_ore":122,"minecraft:vine":1,"bunker_down:steel_block":2,"projectvibrantjourneys:seashells":1,"minecraft:stone":1211,"minecraft:white_wool":1,"bunker_down:ceiling_lamp":1,"minecraft:observer":1,"minecraft:oak_fence":8,"minecraft:smooth_sandstone":35,"minecraft:crafting_table":15,"projectvibrantjourneys:small_cactus":1,"minecraft:copper_ore":96,"minecraft:tall_grass":1,"minecraft:lapis_ore":17,"minecraft:deepslate_gold_ore":50,"minecraft:diorite":33,"projectvibrantjourneys:acacia_hollow_log":6,"minecraft:red_sandstone_wall":1,"minecraft:coal_ore":255,"minecraft:cocoa":3,"minecraft:zombie_head":1,"minecraft:gravel":86,"minecraft:cobweb":14,"minecraft:gold_ore":12},"minecraft:broken":{"bunker_down:brittle_pickaxe":1,"minecraft:iron_shovel":1,"spartanshields:copper_tower_shield":1,"minecraft:shears":3,"minecraft:iron_boots":1,"minecraft:iron_chestplate":1,"minecraft:iron_leggings":1,"twm:wooden_mace":1,"minecraft:stone_pickaxe":7,"twm:copper_pickaxe":1,"spartanshields:wooden_tower_shield":1,"minecraft:iron_pickaxe":5}},"DataVersion":3465}