{"stats":{"minecraft:used":{"bunker_down:brittle_pickaxe":3,"minecraft:melon_slice":9,"minecraft:potato":2},"minecraft:mined":{"minecraft:potatoes":1,"projectvibrantjourneys:twigs":1,"minecraft:grass_block":5,"minecraft:melon":4,"minecraft:jungle_log":6,"minecraft:cobblestone":3,"minecraft:jungle_leaves":1,"minecraft:oak_leaves":9},"minecraft:killed":{"minecraft:drowned":1,"born_in_chaos_v1:maggot":2},"minecraft:dropped":{"minecraft:dirt":5},"minecraft:custom":{"minecraft:time_since_rest":12269,"minecraft:open_chest":4,"minecraft:play_time":43027,"minecraft:crouch_one_cm":605,"minecraft:sprint_one_cm":6069,"tombstone:undead_killed":1,"minecraft:damage_taken":170,"minecraft:walk_one_cm":79078,"minecraft:sneak_time":445,"minecraft:walk_under_water_one_cm":452,"minecraft:mob_kills":3,"minecraft:drop":1,"minecraft:jump":62,"minecraft:damage_dealt":328,"minecraft:leave_game":7,"minecraft:time_since_death":43027,"minecraft:walk_on_water_one_cm":197,"minecraft:sleep_in_bed":4,"minecraft:climb_one_cm":20328,"minecraft:total_world_time":43027,"minecraft:fall_one_cm":1128,"minecraft:fly_one_cm":942},"minecraft:picked_up":{"born_in_chaos_v1:corpse_maggot":2,"minecraft:stick":1,"minecraft:jungle_log":6,"minecraft:potato":1,"minecraft:melon_slice":14,"minecraft:dirt":5,"minecraft:cobblestone":3}},"DataVersion":3465}