{"stats":{"minecraft:used":{"projectvibrantjourneys:sea_oats":1,"projectvibrantjourneys:jungle_hollow_log":2,"alexsmobs:animal_dictionary":4},"minecraft:custom":{"minecraft:time_since_rest":22900,"minecraft:crouch_one_cm":291,"minecraft:damage_taken":180,"minecraft:play_time":22900,"minecraft:sprint_one_cm":35959,"minecraft:walk_one_cm":49334,"minecraft:sneak_time":22,"minecraft:walk_under_water_one_cm":1705,"minecraft:jump":77,"minecraft:time_since_death":22900,"minecraft:leave_game":5,"minecraft:walk_on_water_one_cm":1719,"minecraft:total_world_time":22900,"minecraft:climb_one_cm":2648,"minecraft:interact_with_crafting_table":9,"minecraft:fall_one_cm":627,"minecraft:fly_one_cm":5446},"minecraft:mined":{"minecraft:grass":22,"projectvibrantjourneys:twigs":4,"projectvibrantjourneys:short_grass":6,"projectvibrantjourneys:jungle_hollow_log":2,"projectvibrantjourneys:sea_oats":1,"projectvibrantjourneys:seashells":1,"projectvibrantjourneys:bark_mushroom":1,"minecraft:fern":5},"minecraft:picked_up":{"minecraft:stick":4,"projectvibrantjourneys:bark_mushroom":1,"minecraft:brown_mushroom":2,"minecraft:wheat_seeds":4,"projectvibrantjourneys:jungle_hollow_log":2,"minecraft:gold_ingot":32,"projectvibrantjourneys:sea_oats":1,"minecraft:moss_carpet":1}},"DataVersion":3465}