{"stats":{"minecraft:used":{"minecraft:stone_sword":393,"minecraft:iron_sword":500,"minecraft:cooked_chicken":2,"minecraft:rotten_flesh":38,"minecraft:jungle_planks":10,"minecraft:carrot":20,"born_in_chaos_v1:corpse_maggot":35,"minecraft:wooden_axe":37,"twm:copper_sword":500,"minecraft:bow":52,"minecraft:furnace":2,"tombstone:gift":10,"minecraft:potato":9,"minecraft:light_gray_bed":2,"minecraft:cooked_mutton":9,"minecraft:sandstone_stairs":2,"minecraft:stone_pickaxe":71,"minecraft:baked_potato":5,"minecraft:oak_planks":45,"minecraft:wooden_pickaxe":14,"minecraft:white_wool":5,"minecraft:sand":12,"minecraft:crafting_table":6,"tombstone:bag_of_seeds":4,"minecraft:bread":5,"minecraft:suspicious_stew":3,"tombstone:magic_scroll":4,"minecraft:spruce_trapdoor":1,"minecraft:stone_axe":73,"minecraft:fishing_rod":13,"minecraft:wooden_sword":92,"minecraft:cobblestone":7,"born_in_chaos_v1:rotten_fish":1,"minecraft:porkchop":1,"minecraft:sandstone_slab":5,"alexsmobs:animal_dictionary":1},"minecraft:killed_by":{"minecraft:husk":1,"minecraft:skeleton":2,"born_in_chaos_v1:skeleton_demoman":1},"minecraft:killed":{"minecraft:spider":64,"born_in_chaos_v1:zombie_bruiser":3,"born_in_chaos_v1:maggot":38,"minecraft:skeleton":113,"minecraft:chicken":2,"born_in_chaos_v1:corpse_fish":1,"born_in_chaos_v1:firelight_not_despawn":1,"born_in_chaos_v1:barrel_zombie":1,"minecraft:husk":130,"alexsmobs:guster":3,"minecraft:pig":1,"born_in_chaos_v1:baby_skeleton":3,"born_in_chaos_v1:decrepit_skeleton":1,"minecraft:sheep":6,"minecraft:zombie":9,"born_in_chaos_v1:corpse_fly":15,"born_in_chaos_v1:door_knight":1},"minecraft:crafted":{"minecraft:oak_planks":60,"minecraft:cooked_chicken":2,"minecraft:cooked_mutton":3,"minecraft:baked_potato":1,"minecraft:bread":5,"minecraft:air":0,"minecraft:jungle_planks":20,"minecraft:iron_ingot":0},"minecraft:picked_up":{"sophisticatedbackpacks:gold_backpack":1,"minecraft:cocoa_beans":3,"minecraft:sandstone_slab":8,"minecraft:chicken":2,"minecraft:leather_leggings":1,"minecraft:string":16,"minecraft:raw_copper":2,"minecraft:bucket":1,"minecraft:spruce_planks":5,"minecraft:spruce_trapdoor":1,"minecraft:egg":1,"minecraft:furnace":2,"minecraft:stick":4,"minecraft:raw_iron":1,"minecraft:bowl":1,"minecraft:spruce_stairs":1,"minecraft:sandstone_wall":2,"minecraft:porkchop":1,"tombstone:grave_dust":7,"minecraft:carrot":11,"minecraft:rotten_flesh":107,"minecraft:arrow":39,"minecraft:light_gray_bed":2,"minecraft:sandstone_stairs":3,"tombstone:essence_of_undeath":2,"sophisticatedbackpacks:copper_backpack":3,"minecraft:mutton":9,"minecraft:white_wool":5,"minecraft:cobblestone":19,"born_in_chaos_v1:corpse_maggot":35,"minecraft:feather":1,"minecraft:golden_carrot":1,"minecraft:jungle_log":5,"minecraft:potato":3,"minecraft:smooth_sandstone_stairs":1,"minecraft:oak_log":17,"bunker_down:airlock_iron_door":1,"minecraft:golden_boots":9,"minecraft:cooked_mutton":6,"minecraft:bone":63,"minecraft:kelp":4,"minecraft:bow":2,"minecraft:iron_ingot":2,"minecraft:iron_sword":1,"minecraft:oak_planks":8,"projectvibrantjourneys:light_brown_bark_mushroom":4,"minecraft:jungle_planks":6,"minecraft:sand":12,"minecraft:chiseled_sandstone":1,"minecraft:spider_eye":16,"minecraft:leather_helmet":1,"minecraft:bundle":3,"minecraft:gray_wool":1,"projectvibrantjourneys:orange_bark_mushroom":1,"tombstone:magic_scroll":1,"born_in_chaos_v1:rotten_fish":4,"minecraft:black_wool":1,"minecraft:coal":62,"born_in_chaos_v1:sea_terror_stomach":1,"minecraft:ender_pearl":1},"minecraft:dropped":{"minecraft:iron_sword":1,"minecraft:wheat_seeds":3,"minecraft:pitcher_pod":3,"minecraft:sandstone_slab":1,"minecraft:feather":1,"minecraft:spruce_stairs":1,"projectvibrantjourneys:orange_bark_mushroom":1,"minecraft:gray_wool":1,"minecraft:golden_carrot":1,"minecraft:wooden_sword":1,"minecraft:kelp":4,"minecraft:cocoa_beans":3,"minecraft:bowl":4,"minecraft:wheat":1,"born_in_chaos_v1:rotten_fish":3,"minecraft:rotten_flesh":28,"minecraft:torchflower_seeds":1,"minecraft:pumpkin_seeds":2,"projectvibrantjourneys:light_brown_bark_mushroom":4,"born_in_chaos_v1:corpse_maggot":1,"minecraft:spider_eye":1,"minecraft:wooden_pickaxe":2,"minecraft:black_wool":1,"minecraft:egg":1},"minecraft:custom":{"minecraft:mob_kills":411,"minecraft:interact_with_crafting_table":24,"minecraft:damage_dealt_resisted":50,"minecraft:leave_game":5,"minecraft:time_since_death":300,"minecraft:climb_one_cm":4404,"minecraft:sprint_one_cm":106557,"minecraft:walk_one_cm":523497,"minecraft:drop":32,"minecraft:damage_dealt_absorbed":390,"minecraft:play_time":147714,"minecraft:deaths":20,"minecraft:sneak_time":6102,"minecraft:walk_under_water_one_cm":8875,"minecraft:jump":1332,"minecraft:walk_on_water_one_cm":18983,"minecraft:total_world_time":147714,"minecraft:interact_with_furnace":12,"minecraft:sleep_in_bed":2,"minecraft:time_since_rest":1,"minecraft:damage_taken":7460,"minecraft:damage_dealt":67524,"tombstone:cast_on_ally":1,"minecraft:swim_one_cm":21460,"minecraft:fly_one_cm":325544,"minecraft:open_chest":5,"minecraft:crouch_one_cm":2874,"tombstone:undead_killed":261,"minecraft:fall_one_cm":78047},"minecraft:mined":{"minecraft:spruce_planks":5,"minecraft:spruce_trapdoor":2,"minecraft:jungle_planks":6,"minecraft:jungle_log":6,"minecraft:light_gray_bed":2,"minecraft:kelp":2,"minecraft:sandstone_stairs":4,"minecraft:spawner":3,"minecraft:furnace":2,"minecraft:carrots":3,"minecraft:chiseled_sandstone":2,"minecraft:vine":3,"minecraft:smooth_sandstone_stairs":1,"projectvibrantjourneys:seashells":1,"minecraft:stone":14,"minecraft:white_wool":1,"bunker_down:airlock_iron_door":1,"minecraft:sandstone_slab":7,"minecraft:kelp_plant":1,"minecraft:dead_bush":3,"projectvibrantjourneys:mossy_rocks":1,"minecraft:cobblestone":4,"born_in_chaos_v1:chipped_black_argillite_brick":1,"minecraft:oak_planks":6,"minecraft:spruce_stairs":1,"minecraft:seagrass":1,"projectvibrantjourneys:light_brown_bark_mushroom":1,"projectvibrantjourneys:bones":1,"minecraft:oak_log":11,"projectvibrantjourneys:short_grass":1,"minecraft:sand":9,"minecraft:sandstone_wall":3,"minecraft:oak_leaves":1},"minecraft:broken":{"minecraft:stone_sword":3,"minecraft:leather_leggings":1,"minecraft:leather_chestplate":1,"minecraft:wooden_sword":1,"minecraft:stone_axe":1,"minecraft:iron_sword":2,"minecraft:wooden_axe":1,"minecraft:bow":1,"twm:copper_sword":2}},"DataVersion":3465}