{"stats":{"minecraft:killed":{"minecraft:spider":64,"born_in_chaos_v1:zombie_bruiser":3,"born_in_chaos_v1:maggot":40,"minecraft:skeleton":113,"minecraft:chicken":2,"born_in_chaos_v1:corpse_fish":1,"born_in_chaos_v1:firelight_not_despawn":1,"born_in_chaos_v1:barrel_zombie":1,"minecraft:husk":130,"alexsmobs:guster":3,"minecraft:pig":1,"born_in_chaos_v1:baby_skeleton":3,"born_in_chaos_v1:decrepit_skeleton":1,"minecraft:sheep":6,"minecraft:zombie":11,"born_in_chaos_v1:corpse_fly":15,"born_in_chaos_v1:door_knight":1},"minecraft:crafted":{"minecraft:oak_planks":104,"minecraft:cooked_chicken":2,"minecraft:bone_meal":192,"minecraft:cooked_mutton":3,"minecraft:cooked_cod":6,"minecraft:baked_potato":1,"minecraft:cooked_salmon":2,"minecraft:bread":5,"minecraft:air":0,"minecraft:jungle_planks":20,"minecraft:iron_ingot":2,"minecraft:acacia_planks":44},"minecraft:used":{"minecraft:stone_sword":393,"minecraft:iron_sword":505,"minecraft:cooked_salmon":2,"minecraft:cooked_chicken":2,"minecraft:smooth_sandstone_stairs":1,"minecraft:sandstone_wall":2,"minecraft:rotten_flesh":43,"minecraft:dirt":12,"minecraft:jungle_planks":10,"minecraft:carrot":21,"born_in_chaos_v1:corpse_maggot":36,"minecraft:wooden_axe":45,"twm:copper_sword":500,"minecraft:bow":52,"minecraft:furnace":3,"minecraft:cooked_cod":3,"tombstone:gift":10,"minecraft:potato":13,"minecraft:light_gray_bed":2,"minecraft:cooked_mutton":9,"minecraft:sandstone_stairs":3,"minecraft:stone_pickaxe":112,"minecraft:baked_potato":5,"minecraft:oak_planks":45,"minecraft:wooden_pickaxe":22,"minecraft:white_wool":5,"minecraft:sand":12,"minecraft:crafting_table":9,"minecraft:cod":2,"minecraft:shears":15,"tombstone:bag_of_seeds":4,"minecraft:chiseled_sandstone":1,"minecraft:bread":5,"minecraft:suspicious_stew":3,"tombstone:magic_scroll":4,"minecraft:spruce_trapdoor":1,"minecraft:stone_axe":73,"minecraft:fishing_rod":29,"minecraft:wooden_sword":92,"minecraft:cobblestone":36,"born_in_chaos_v1:rotten_fish":1,"minecraft:porkchop":1,"minecraft:sandstone_slab":5,"alexsmobs:animal_dictionary":1},"minecraft:custom":{"minecraft:mob_kills":415,"minecraft:open_barrel":19,"minecraft:interact_with_crafting_table":31,"minecraft:damage_dealt_resisted":80,"minecraft:leave_game":6,"minecraft:time_since_death":54044,"minecraft:climb_one_cm":5805,"minecraft:sprint_one_cm":163164,"minecraft:walk_one_cm":660131,"minecraft:drop":56,"minecraft:damage_dealt_absorbed":390,"minecraft:talked_to_villager":1,"minecraft:play_time":212089,"minecraft:sneak_time":6979,"minecraft:deaths":21,"minecraft:walk_under_water_one_cm":17853,"minecraft:boat_one_cm":52965,"minecraft:jump":1914,"minecraft:walk_on_water_one_cm":36356,"minecraft:total_world_time":212089,"minecraft:interact_with_furnace":19,"minecraft:sleep_in_bed":4,"minecraft:time_since_rest":48216,"minecraft:damage_taken":8220,"minecraft:damage_dealt":68330,"tombstone:cast_on_ally":1,"minecraft:swim_one_cm":44638,"minecraft:fly_one_cm":428075,"minecraft:open_chest":8,"minecraft:crouch_one_cm":3743,"tombstone:undead_killed":263,"minecraft:fish_caught":11,"minecraft:fall_one_cm":117226},"minecraft:dropped":{"minecraft:iron_sword":2,"minecraft:wheat_seeds":3,"minecraft:pitcher_pod":3,"minecraft:sandstone_slab":1,"minecraft:feather":1,"minecraft:spruce_stairs":1,"projectvibrantjourneys:orange_bark_mushroom":2,"minecraft:gray_wool":1,"minecraft:golden_carrot":1,"minecraft:wooden_sword":1,"minecraft:fishing_rod":1,"minecraft:lily_pad":13,"projectvibrantjourneys:bark_mushroom":2,"minecraft:kelp":4,"minecraft:cocoa_beans":3,"minecraft:bowl":4,"minecraft:wheat":1,"born_in_chaos_v1:rotten_fish":3,"minecraft:rotten_flesh":28,"minecraft:torchflower_seeds":1,"minecraft:shears":1,"minecraft:pumpkin_seeds":2,"projectvibrantjourneys:light_brown_bark_mushroom":6,"born_in_chaos_v1:corpse_maggot":1,"minecraft:spider_eye":1,"projectvibrantjourneys:cattail":4,"minecraft:wooden_pickaxe":2,"minecraft:black_wool":1,"minecraft:egg":1},"minecraft:mined":{"minecraft:spruce_planks":5,"minecraft:spruce_trapdoor":2,"minecraft:acacia_log":11,"minecraft:grass_block":6,"minecraft:jungle_planks":6,"minecraft:jungle_log":6,"minecraft:light_gray_bed":2,"minecraft:kelp":2,"minecraft:sandstone_stairs":4,"minecraft:spawner":3,"minecraft:furnace":3,"minecraft:carrots":8,"minecraft:iron_ore":2,"minecraft:chiseled_sandstone":2,"minecraft:potatoes":4,"minecraft:vine":3,"minecraft:smooth_sandstone_stairs":1,"projectvibrantjourneys:seashells":1,"minecraft:stone":18,"minecraft:white_wool":1,"projectvibrantjourneys:cattail":4,"bunker_down:airlock_iron_door":1,"minecraft:sandstone_slab":7,"minecraft:kelp_plant":1,"minecraft:crafting_table":1,"minecraft:dead_bush":3,"projectvibrantjourneys:mossy_rocks":1,"minecraft:cobblestone":23,"born_in_chaos_v1:chipped_black_argillite_brick":1,"minecraft:oak_planks":6,"minecraft:spruce_stairs":1,"minecraft:seagrass":2,"projectvibrantjourneys:light_brown_bark_mushroom":2,"minecraft:wheat":17,"projectvibrantjourneys:bones":1,"minecraft:coal_ore":5,"minecraft:oak_log":22,"projectvibrantjourneys:short_grass":3,"minecraft:dirt":11,"minecraft:sand":11,"minecraft:sandstone_wall":3,"minecraft:oak_leaves":3,"minecraft:fern":1},"minecraft:picked_up":{"sophisticatedbackpacks:gold_backpack":1,"minecraft:cocoa_beans":3,"minecraft:crafting_table":1,"minecraft:sandstone_slab":8,"minecraft:chicken":2,"minecraft:leather_leggings":1,"minecraft:enchanted_book":1,"minecraft:string":16,"minecraft:raw_copper":2,"minecraft:pufferfish":1,"minecraft:bucket":1,"minecraft:spruce_planks":5,"minecraft:chest":1,"minecraft:furnace":3,"minecraft:spruce_trapdoor":1,"minecraft:egg":1,"minecraft:stick":4,"minecraft:raw_iron":3,"projectvibrantjourneys:bark_mushroom":2,"minecraft:torch":2,"minecraft:acacia_log":11,"minecraft:bowl":1,"minecraft:spruce_stairs":1,"minecraft:sandstone_wall":2,"minecraft:porkchop":1,"tombstone:grave_dust":7,"minecraft:carrot":23,"minecraft:rotten_flesh":111,"minecraft:arrow":39,"minecraft:light_gray_bed":2,"minecraft:shears":1,"minecraft:sandstone_stairs":3,"tombstone:essence_of_undeath":2,"projectvibrantjourneys:cattail":4,"sophisticatedbackpacks:copper_backpack":3,"minecraft:mutton":9,"minecraft:cod":8,"minecraft:white_wool":5,"minecraft:cobblestone":297,"born_in_chaos_v1:corpse_maggot":36,"minecraft:feather":1,"minecraft:golden_carrot":1,"minecraft:salmon":2,"minecraft:jungle_log":5,"minecraft:potato":7,"minecraft:smooth_sandstone_stairs":1,"minecraft:oak_log":28,"minecraft:lily_pad":13,"bunker_down:airlock_iron_door":1,"minecraft:golden_boots":9,"skilltree:gem":2,"minecraft:dirt":17,"minecraft:name_tag":1,"minecraft:cooked_mutton":6,"minecraft:bone":63,"minecraft:kelp":4,"minecraft:bow":2,"minecraft:wheat_seeds":17,"minecraft:iron_ingot":2,"minecraft:iron_sword":2,"minecraft:oak_planks":8,"projectvibrantjourneys:light_brown_bark_mushroom":6,"minecraft:jungle_planks":6,"minecraft:sand":12,"minecraft:chiseled_sandstone":1,"minecraft:spider_eye":16,"minecraft:leather_helmet":1,"minecraft:bundle":3,"giacomos_exp:expseed":10,"minecraft:gray_wool":1,"born_in_chaos_v1:rotten_fish":4,"projectvibrantjourneys:orange_bark_mushroom":3,"tombstone:magic_scroll":1,"minecraft:black_wool":1,"minecraft:coal":67,"born_in_chaos_v1:sea_terror_stomach":1,"minecraft:ender_pearl":1},"minecraft:killed_by":{"minecraft:husk":1,"minecraft:skeleton":2,"born_in_chaos_v1:skeleton_demoman":1},"minecraft:broken":{"minecraft:stone_sword":3,"minecraft:leather_leggings":1,"minecraft:leather_chestplate":1,"minecraft:stone_pickaxe":1,"minecraft:wooden_sword":1,"minecraft:stone_axe":1,"minecraft:iron_sword":2,"minecraft:wooden_axe":1,"minecraft:bow":1,"twm:copper_sword":2}},"DataVersion":3465}